brand,tier,product_id,handle,title,product_type,bucket,category_basis,q_structured,q_body_only
Anastasia Beverly Hills,high_end,10281322774819,abh-pro-subscription-fee,ABH Pro - Subscription Fee,,excluded,excluded by the set/kit/tool/non-makeup word list,False,False
Anastasia Beverly Hills,high_end,9550506688803,blushed-lip-set,Blushed Lip Set,Kits-Sets,excluded,excluded by the set/kit/tool/non-makeup word list,False,True
Anastasia Beverly Hills,high_end,9928429535523,velvet-lips-mini-lip-velvet-duo,Velvet Lips Mini Lip Velvet Duo,Kits-Sets,excluded,excluded by the set/kit/tool/non-makeup word list,False,True
Anastasia Beverly Hills,high_end,9286938001699,blush-lip-kit,Blush & Lip Kit,Kits-Sets,excluded,excluded by the set/kit/tool/non-makeup word list,False,True
Anastasia Beverly Hills,high_end,8496733618467,makeup-wipes,Makeup Wipes,Accessories,excluded,excluded by the set/kit/tool/non-makeup word list,False,False
Anastasia Beverly Hills,high_end,10141777592611,sculpted-defined-brow-trio,Sculpted & Defined Brow Trio,Kits-Sets,excluded,excluded by the set/kit/tool/non-makeup word list,False,True
Anastasia Beverly Hills,high_end,10098881495331,magic-touch-blush-trio-purple-palace,Magic Touch Blush Trio - Purple Palace,Face,excluded,excluded by the set/kit/tool/non-makeup word list,False,True
Anastasia Beverly Hills,high_end,10084110074147,kiss-theory-lip-balm,Kiss Theory Lip Balm,Lips,lipstick,lipstick <- 'lip balm' in product_type|title,False,True
Anastasia Beverly Hills,high_end,10194611470627,never-ending-summer-4-piece-set,Never Ending Summer 4-Piece Set,Kits-Sets,excluded,excluded by the set/kit/tool/non-makeup word list,False,True
Anastasia Beverly Hills,high_end,9900079055139,beachside-glow-set,Beachside Glow Set,Virtual Bundle,excluded,excluded by the set/kit/tool/non-makeup word list,False,True
Anastasia Beverly Hills,high_end,10182154420515,timeless-beauty-gift-set-new,Timeless Beauty Gift Set,Virtual Bundle,excluded,excluded by the set/kit/tool/non-makeup word list,False,True
Anastasia Beverly Hills,high_end,9949346365731,discovery-set,Discovery Set,Virtual Bundle,excluded,excluded by the set/kit/tool/non-makeup word list,False,True
Anastasia Beverly Hills,high_end,10173625729315,full-sculpted-brows-set,Full Sculpted Brows Set,Virtual Bundle,excluded,excluded by the set/kit/tool/non-makeup word list,False,True
Anastasia Beverly Hills,high_end,10173621469475,laminated-brows-set,Laminated Brows Set,Virtual Bundle,excluded,excluded by the set/kit/tool/non-makeup word list,False,True
Anastasia Beverly Hills,high_end,10173586669859,natural-feathered-brows-set,Natural Feathered Brows Set,Virtual Bundle,excluded,excluded by the set/kit/tool/non-makeup word list,False,True
Anastasia Beverly Hills,high_end,10160907190563,impeccable-foundation-face-brush,Impeccable Foundation & Face Brush,Brush,excluded,excluded by the set/kit/tool/non-makeup word list,False,False
Anastasia Beverly Hills,high_end,10084110041379,archibrow-pencil,ArchiBrow Pencil,Brow,brow,brow <- 'brow' in product_type|title,False,True
Anastasia Beverly Hills,high_end,10098881528099,pro-eyebrow-palette,Pro Eyebrow Palette,Brow,brow,brow <- 'brow' in product_type|title,False,True
Anastasia Beverly Hills,high_end,9796121592099,power-icons-anastasia-s-favorites,Power Icons: Anastasia’s Favorites,Virtual Bundle,excluded,excluded by the set/kit/tool/non-makeup word list,False,True
Anastasia Beverly Hills,high_end,10084109975843,soft-arch-brow-kit,Soft Arch Brow Kit,Kits-Sets,excluded,excluded by the set/kit/tool/non-makeup word list,False,True
Anastasia Beverly Hills,high_end,10104909201699,cool-toned-kiss-edit,Cool-Toned Kiss Edit,Virtual Bundle,excluded,excluded by the set/kit/tool/non-makeup word list,False,True
Anastasia Beverly Hills,high_end,10104754307363,bold-romance-lip-edit,Bold Romance Lip Edit,Virtual Bundle,excluded,excluded by the set/kit/tool/non-makeup word list,False,True
Anastasia Beverly Hills,high_end,10104668651811,love-at-first-swipe-trio,Love at First Swipe Trio,Virtual Bundle,excluded,excluded by the set/kit/tool/non-makeup word list,False,True
Anastasia Beverly Hills,high_end,8496769171747,lip-liner,Lip Liner,Lips,lip_liner,lip_liner <- 'lip liner' in product_type|title,False,True
Anastasia Beverly Hills,high_end,10084109943075,glidr-eyeshadow-stick,GLIDR Eyeshadow Stick,Eyes,eyeshadow_single,eyeshadow_single <- 'eyeshadow' in product_type|title,False,True
Anastasia Beverly Hills,high_end,9965513703715,haze-mini-eye-shadow-palette,Haze Mini Eyeshadow Palette,Eyes,eyeshadow_palette,eyeshadow_palette <- 'eyeshadow palette' in product_type|title,False,True
Anastasia Beverly Hills,high_end,8496735224099,placeholder,Placeholder,,unclassified,no §7 rule matched,False,False
Anastasia Beverly Hills,high_end,9928429469987,effortless-base-set,The Effortless Base Set,Kits-Sets,excluded,excluded by the set/kit/tool/non-makeup word list,False,True
Anastasia Beverly Hills,high_end,8496744988963,sharpener,Sharpener,Tools,excluded,excluded by the set/kit/tool/non-makeup word list,False,False
Anastasia Beverly Hills,high_end,9949534716195,hydra-prime-spf-50-intl,Hydra Prime SPF 50,Face,unclassified,no §7 rule matched,False,True
Anastasia Beverly Hills,high_end,10018954379555,abh-collectors-set,ABH Collector’s Set,Virtual Bundle,excluded,excluded by the set/kit/tool/non-makeup word list,False,True
Anastasia Beverly Hills,high_end,8496747249955,loose-glitter-new,Loose Glitter,Body,excluded,excluded by the set/kit/tool/non-makeup word list,False,True
Anastasia Beverly Hills,high_end,9994423206179,cosmic-collectors-vault,Cosmic Collectors Vault,Kits-Sets,excluded,excluded by the set/kit/tool/non-makeup word list,False,True
Anastasia Beverly Hills,high_end,9994423271715,the-icons-vault,The Icons Vault,Kits-Sets,excluded,excluded by the set/kit/tool/non-makeup word list,False,True
Anastasia Beverly Hills,high_end,10003619414307,glowing-blushed-set,Glowing & Blushed Set,Virtual Bundle,excluded,excluded by the set/kit/tool/non-makeup word list,False,True
Anastasia Beverly Hills,high_end,10003693666595,blurred-matte-set,Blurred & Matte Set,Virtual Bundle,excluded,excluded by the set/kit/tool/non-makeup word list,False,True
Anastasia Beverly Hills,high_end,10003794002211,brush-best-sellers-set,Brush Best Sellers Set,Virtual Bundle,excluded,excluded by the set/kit/tool/non-makeup word list,False,False
Anastasia Beverly Hills,high_end,10003820642595,perfect-eye-look-brush-set,Perfect Eye Look Brush Set,Virtual Bundle,excluded,excluded by the set/kit/tool/non-makeup word list,False,False
Anastasia Beverly Hills,high_end,10003847741731,face-essentials-brush-set,Face Essentials Brush Set,Virtual Bundle,excluded,excluded by the set/kit/tool/non-makeup word list,False,False
Anastasia Beverly Hills,high_end,9965513736483,gloss-icons,Gloss Icons,Kits-Sets,excluded,excluded by the set/kit/tool/non-makeup word list,False,True
Anastasia Beverly Hills,high_end,9928429502755,high-shine-mini-lip-gloss-duo,High Shine Mini Lip Gloss Duo,Kits-Sets,excluded,excluded by the set/kit/tool/non-makeup word list,False,True
Anastasia Beverly Hills,high_end,9928553759011,new-ultimate-brow-essentials-kit,Ultimate Brow Essentials Kit,Kits-Sets,excluded,excluded by the set/kit/tool/non-makeup word list,False,True
Anastasia Beverly Hills,high_end,9928428749091,embers-mini-eyeshadow-palette,Embers Mini Eyeshadow Palette,Eyes,eyeshadow_palette,eyeshadow_palette <- 'eyeshadow palette' in product_type|title,False,True
Anastasia Beverly Hills,high_end,9977173967139,mini-clear-brow-gel,Mini Clear Brow Gel,Brow,brow,brow <- 'brow' in product_type|title,False,True
Anastasia Beverly Hills,high_end,9977173934371,clear-brow-gel,Clear Brow Gel,Brow,brow,brow <- 'brow' in product_type|title,False,True
Anastasia Beverly Hills,high_end,9998577008931,anastasias-favorites-set,Anastasia's Favorites Set,Virtual Bundle,excluded,excluded by the set/kit/tool/non-makeup word list,False,True
Anastasia Beverly Hills,high_end,9990453854499,sculpt-like-a-pro-set,Sculpt Like A Pro Set,Virtual Bundle,excluded,excluded by the set/kit/tool/non-makeup word list,False,True
Anastasia Beverly Hills,high_end,9982271586595,soft-stunning-brow-set,Soft & Stunning Brow Set,Virtual Bundle,excluded,excluded by the set/kit/tool/non-makeup word list,False,True
Anastasia Beverly Hills,high_end,9948483191075,microstroke-brow-pen,MicroStroke Brow Pen,Brow,brow,brow <- 'brow' in product_type|title,False,True
Anastasia Beverly Hills,high_end,9550482440483,sparkle-gloss-duo,Sparkle Gloss Duo,Kits-Sets,excluded,excluded by the set/kit/tool/non-makeup word list,False,True
Anastasia Beverly Hills,high_end,9861832147235,glamour-seeker-gift-set,Glamour Seeker Gift Set,Virtual Bundle,excluded,excluded by the set/kit/tool/non-makeup word list,False,True
Anastasia Beverly Hills,high_end,9940953563427,lip-velvet-trio,Lip Velvet Trio,Virtual Bundle,excluded,excluded by the set/kit/tool/non-makeup word list,False,True
Anastasia Beverly Hills,high_end,9941008974115,lip-liner-trio,Lip Liner Trio,Virtual Bundle,excluded,excluded by the set/kit/tool/non-makeup word list,False,True
Anastasia Beverly Hills,high_end,9941014151459,velvet-kiss-lip-duo,Velvet Kiss Lip Duo,Virtual Bundle,excluded,excluded by the set/kit/tool/non-makeup word list,False,True
Anastasia Beverly Hills,high_end,9921297383715,long-wearing-brow-set,Long-Wearing Brow Set,Virtual Bundle,excluded,excluded by the set/kit/tool/non-makeup word list,False,True
Anastasia Beverly Hills,high_end,9726299799843,magic-touch-blush-trio,Magic Touch Blush Trio,Face,excluded,excluded by the set/kit/tool/non-makeup word list,False,True
Anastasia Beverly Hills,high_end,9726330765603,ultimate-brow-essentials-kit,Ultimate Brow Essentials Kit,Kits-Sets,excluded,excluded by the set/kit/tool/non-makeup word list,False,True
Anastasia Beverly Hills,high_end,9726317527331,smooth-blur-bronzer,Smooth Blur Bronzer,Face,bronzer,bronzer <- 'bronzer' in product_type|title,False,True
Anastasia Beverly Hills,high_end,9726164140323,hydra-prime-spf-50,Hydra Prime SPF 50,Face,unclassified,no §7 rule matched,False,True
Anastasia Beverly Hills,high_end,9556647805219,spice-mini-eyeshadow-palette,Spice Mini Eyeshadow Palette,Eyes,eyeshadow_palette,eyeshadow_palette <- 'eyeshadow palette' in product_type|title,False,True
Anastasia Beverly Hills,high_end,9892722966819,blushed-bronzed,Blushed & Bronzed Kit,Virtual Bundle,excluded,excluded by the set/kit/tool/non-makeup word list,False,True
Anastasia Beverly Hills,high_end,9893783306531,sculpted-defined,Sculpted & Defined Kit,Virtual Bundle,excluded,excluded by the set/kit/tool/non-makeup word list,False,True
Anastasia Beverly Hills,high_end,9883269890339,9999-test-product,9999 -  Test Product,,unclassified,no §7 rule matched,False,False
Anastasia Beverly Hills,high_end,9837947060515,smooth-conceal-duo,Contour & Conceal Duo,Virtual Bundle,excluded,excluded by the set/kit/tool/non-makeup word list,False,True
Anastasia Beverly Hills,high_end,9688582455587,smooth-blur-contour-stick,Smooth Blur Contour Stick,Face,unclassified,no §7 rule matched,False,True
Anastasia Beverly Hills,high_end,9688597102883,perfectly-shaped-brow-duo,Perfectly Shaped Brow Duo,Kits-Sets,excluded,excluded by the set/kit/tool/non-makeup word list,False,True
Anastasia Beverly Hills,high_end,9688206115107,mini-impeccable-blurring-matte-setting-spray,Mini Impeccable 24HR Blurring Matte Setting Spray,Face,setting_spray,setting_spray <- 'setting spray' in product_type|title,False,True
Anastasia Beverly Hills,high_end,9688206049571,impeccable-blurring-matte-setting-spray,Impeccable 24HR Blurring Matte Setting Spray,Face,setting_spray,setting_spray <- 'setting spray' in product_type|title,False,True
Anastasia Beverly Hills,high_end,9688553488675,impeccable-blurring-second-skin-matte-foundation,Impeccable Blurring Second-Skin Matte Foundation,Face,foundation,foundation <- 'foundation' in product_type|title,False,True
Anastasia Beverly Hills,high_end,8496743055651,norvina-false-eyelashes-queen,NORVINA® False Eyelashes - Queen,Norvina,unclassified,no §7 rule matched,False,False
Anastasia Beverly Hills,high_end,9556679491875,sugar-mini-eyeshadow-palette,Sugar Mini Eyeshadow Palette,Eyes,eyeshadow_palette,eyeshadow_palette <- 'eyeshadow palette' in product_type|title,False,True
Anastasia Beverly Hills,high_end,9531596636451,mini-volumizing-tinted-brow-gel,Mini Volumizing Tinted Brow Gel,Brow,brow,brow <- 'brow' in product_type|title,False,True
Anastasia Beverly Hills,high_end,9613051986211,a19-pro-brush-blush-brush,A19 Pro Brush - Blush Brush,Brush,excluded,excluded by the set/kit/tool/non-makeup word list,False,False
Anastasia Beverly Hills,high_end,9613047922979,a14-pro-brush-pencil-brush,A14 Pro Brush - Pencil Brush,Brush,excluded,excluded by the set/kit/tool/non-makeup word list,False,False
Anastasia Beverly Hills,high_end,9613044121891,a13-pro-brush-medium-shader-brush-copy,A13 Pro Brush - Medium Shader Brush,Brush,excluded,excluded by the set/kit/tool/non-makeup word list,False,False
Anastasia Beverly Hills,high_end,9613039993123,a10-pro-brush-diffuser-brush,A10 Pro Brush - Diffuser Brush,Brush,excluded,excluded by the set/kit/tool/non-makeup word list,False,False
Anastasia Beverly Hills,high_end,9550509801763,blushed-lip-cheek-duo,Blushed Lip & Cheek Duo,Kits-Sets,excluded,excluded by the set/kit/tool/non-makeup word list,False,True
Anastasia Beverly Hills,high_end,9550505312547,lifted-defined-brow-duo,Lifted & Defined Brow Duo,Kits-Sets,excluded,excluded by the set/kit/tool/non-makeup word list,False,True
Anastasia Beverly Hills,high_end,9550510883107,mini-sultry-kit,Mini Sultry Kit,Kits-Sets,excluded,excluded by the set/kit/tool/non-makeup word list,False,True
Anastasia Beverly Hills,high_end,9550491779363,lengthened-volumized-lash-duo,Lengthened & Volumized Lash Duo,Kits-Sets,excluded,excluded by the set/kit/tool/non-makeup word list,False,True
Anastasia Beverly Hills,high_end,9550511833379,mini-modern-renaissance-kit,Mini Modern Renaissance Kit - Ebony,Kits-Sets,excluded,excluded by the set/kit/tool/non-makeup word list,False,True
Anastasia Beverly Hills,high_end,9550496825635,sculpted-brow-lash-duo,Sculpted Brow & Lash Duo,Kits-Sets,excluded,excluded by the set/kit/tool/non-makeup word list,False,True
Anastasia Beverly Hills,high_end,9550478573859,frozen-fuller-looking-brow-trio-kit,Frozen & Fuller Looking Brow Trio,Kits-Sets,excluded,excluded by the set/kit/tool/non-makeup word list,False,True
Anastasia Beverly Hills,high_end,9522879430947,volumizing-tinted-brow-gel,Volumizing Tinted Brow Gel,Brow,brow,brow <- 'brow' in product_type|title,False,True
Anastasia Beverly Hills,high_end,8986448396579,beauty-balm-serum-boosted-skin-tint,Beauty Balm Serum Boosted Skin Tint,Face,excluded,excluded by the set/kit/tool/non-makeup word list,False,True
Anastasia Beverly Hills,high_end,8890043269411,mini-brow-freeze-gel,Mini Brow Freeze® Gel,Brow,brow,brow <- 'brow' in product_type|title,False,True
Anastasia Beverly Hills,high_end,8754330927395,brow-freeze-gel,Brow Freeze® Gel,Brow,brow,brow <- 'brow' in product_type|title,False,True
Anastasia Beverly Hills,high_end,8496758030627,pro-brush-a27-small-firm-shader,A27 Pro Brush - Small Firm Shader Brush,Brush,excluded,excluded by the set/kit/tool/non-makeup word list,False,False
Anastasia Beverly Hills,high_end,9336206590243,natural-polished-deluxe-brow-kit,Natural & Polished Deluxe Brow Kit - Ebony,Kits-Sets,excluded,excluded by the set/kit/tool/non-makeup word list,False,True
Anastasia Beverly Hills,high_end,9280075628835,blurring-serum-blush,Blurring Serum Blush,Face,excluded,excluded by the set/kit/tool/non-makeup word list,False,True
Anastasia Beverly Hills,high_end,9196397560099,abh-essentials-kit,ABH Essentials Kit,Kits-Sets,excluded,excluded by the set/kit/tool/non-makeup word list,False,True
Anastasia Beverly Hills,high_end,9212025766179,a23-large-tapered-blending-brush,A23 Pro Brush - Large Tapered Blending Brush,Brush,excluded,excluded by the set/kit/tool/non-makeup word list,False,False
Anastasia Beverly Hills,high_end,8890471842083,glow-seeker-highlighter-pearl,Glow Seeker Highlighter - Pearl,Face,highlighter,highlighter <- 'highlight' in product_type|title,False,True
Anastasia Beverly Hills,high_end,8511905005859,brush-14,Brush 14 - Duo Brow/Eye Liner Angled Cut/Spooley,Brush,excluded,excluded by the set/kit/tool/non-makeup word list,False,False
Anastasia Beverly Hills,high_end,8993639694627,ethereal-eye-gloss,Ethereal Eye Gloss,Eyes,lip_gloss,lip_gloss <- 'gloss' in product_type|title,False,True
Anastasia Beverly Hills,high_end,8991560106275,space-dust-powder,Space Dust Powder,Eyes,pressed_powder,pressed_powder <- 'powder' in product_type|title,False,True
Anastasia Beverly Hills,high_end,8496757309731,pro-brush-a25-tapered-blending-brush,A25 Pro Brush - Tapered Blending Brush,Brush,excluded,excluded by the set/kit/tool/non-makeup word list,False,False
Anastasia Beverly Hills,high_end,8956032516387,mini-brow-definer,Mini Brow Definer,Brow,brow,brow <- 'brow' in product_type|title,False,True
Anastasia Beverly Hills,high_end,8952448942371,mini-brow-wiz,Mini Brow Wiz®,Brow,brow,brow <- 'brow' in product_type|title,False,False
Anastasia Beverly Hills,high_end,8907271569699,mini-brow-freeze,Mini Brow Freeze®,Brow,brow,brow <- 'brow' in product_type|title,False,True
Anastasia Beverly Hills,high_end,8881021026595,lip-velvet,Lip Velvet,Lips,liquid_lipstick,liquid_lipstick <- 'lip velvet' in product_type|title,False,True
Anastasia Beverly Hills,high_end,8897186660643,giftcard,Anastasia Beverly Hills Gift Card,Gift Card,excluded,excluded by the set/kit/tool/non-makeup word list,False,False
Anastasia Beverly Hills,high_end,8841204400419,gwp-threshold,GWP Threshold,,unclassified,no §7 rule matched,False,False
Anastasia Beverly Hills,high_end,8643141763363,glow-seeker-highlighter,Glow Seeker Highlighter,Face,highlighter,highlighter <- 'highlight' in product_type|title,False,True
Anastasia Beverly Hills,high_end,8628876378403,mini-modern-renaissance-eyeshadow-palette,Mini Modern Renaissance Eyeshadow Palette,Eyes,eyeshadow_palette,eyeshadow_palette <- 'eyeshadow palette' in product_type|title,False,True
Anastasia Beverly Hills,high_end,8639567102243,sultry-mini-eyeshadow-palette,Sultry Mini Eyeshadow Palette,Eyes,eyeshadow_palette,eyeshadow_palette <- 'eyeshadow palette' in product_type|title,False,True
Anastasia Beverly Hills,high_end,8579120267555,fall-romance-eyeshadow-palette,Fall Romance Eyeshadow Palette,Eyes,eyeshadow_palette,eyeshadow_palette <- 'eyeshadow palette' in product_type|title,False,True
Anastasia Beverly Hills,high_end,8510288429347,mini-lash-sculpt-lengthening-and-volumizing-mascara,Mini Lash Sculpt Lengthening & Volumizing Mascara,Eyes,excluded,excluded by the set/kit/tool/non-makeup word list,False,True
Anastasia Beverly Hills,high_end,8510288265507,mini-brow-genius,Mini Brow Genius®,Brow,brow,brow <- 'brow' in product_type|title,False,True
Anastasia Beverly Hills,high_end,8510288363811,lash-sculpt-lengthening-and-volumizing-mascara,Lash Sculpt Lengthening & Volumizing Mascara,Eyes,excluded,excluded by the set/kit/tool/non-makeup word list,False,True
Anastasia Beverly Hills,high_end,8510288462115,liquid-lipstick,Liquid Lipstick - Veronica,Lips,liquid_lipstick,liquid_lipstick <- 'liquid lip' in product_type|title,False,True
Anastasia Beverly Hills,high_end,8510041129251,brow-genius-conditioning-brow-serum,Brow Genius® Conditioning Brow Serum,Brow,excluded,excluded by the set/kit/tool/non-makeup word list,False,True
Anastasia Beverly Hills,high_end,8508169716003,contour-highlight-sticks,Contour & Highlight Stick - Shadow,Face,highlighter,highlighter <- 'highlight' in product_type|title,False,True
Anastasia Beverly Hills,high_end,8496769499427,cosmos-eyeshadow-palette,Cosmos Eyeshadow Palette,Eyes,eyeshadow_palette,eyeshadow_palette <- 'eyeshadow palette' in product_type|title,False,True
Anastasia Beverly Hills,high_end,8510104699171,lip-gloss,Lip Gloss,Lips,lip_gloss,lip_gloss <- 'lip gloss' in product_type|title,False,True
Anastasia Beverly Hills,high_end,8496770416931,luminous-foundation,Luminous Foundation,Face,foundation,foundation <- 'foundation' in product_type|title,False,True
Anastasia Beverly Hills,high_end,8496770187555,matte-satin-lipstick,Matte & Satin Lipstick,Lips,lipstick,lipstick <- 'lipstick' in product_type|title,False,True
Anastasia Beverly Hills,high_end,8496770023715,magic-touch-concealer,Magic Touch Concealer,Face,concealer,concealer <- 'concealer' in product_type|title,False,True
Anastasia Beverly Hills,high_end,8496768909603,stick-highlighter,Stick Highlighter,Face,highlighter,highlighter <- 'highlight' in product_type|title,False,True
Anastasia Beverly Hills,high_end,8496768942371,stick-blush,Stick Blush,Face,cream_blush,cream_blush <- 'stick blush' in product_type|title,False,True
Anastasia Beverly Hills,high_end,8496768024867,cream-bronzer,Cream Bronzer,Face,excluded,excluded by the set/kit/tool/non-makeup word list,False,True
Anastasia Beverly Hills,high_end,8496768057635,brow-pen,Brow Pen,Brow,brow,brow <- 'brow' in product_type|title,False,True
Anastasia Beverly Hills,high_end,8496768680227,tinted-brow-gel,Tinted Brow Gel,Brow,brow,brow <- 'brow' in product_type|title,False,False
Anastasia Beverly Hills,high_end,8496761340195,brow-primer,Brow Primer,Brow,primer,primer <- 'primer' in product_type|title,False,True
Anastasia Beverly Hills,high_end,8496760881443,shimmer-body-oil,Shimmer Body Oil,Body,excluded,excluded by the set/kit/tool/non-makeup word list,False,True
Anastasia Beverly Hills,high_end,8496761471267,dewy-set-setting-spray,Dewy Set Setting Spray,Face,excluded,excluded by the set/kit/tool/non-makeup word list,False,True
Anastasia Beverly Hills,high_end,8496761110819,hydrating-oil,Hydrating Oil,Face,excluded,excluded by the set/kit/tool/non-makeup word list,False,True
Anastasia Beverly Hills,high_end,8510104633635,brow-freeze,Brow Freeze®,Brow,brow,brow <- 'brow' in product_type|title,False,True
Anastasia Beverly Hills,high_end,8496758587683,lip-primer,Lip Primer,Lips,primer,primer <- 'primer' in product_type|title,False,True
Anastasia Beverly Hills,high_end,8768098042147,pro-brush-a30-domed-kabuki-brush-1,A30 Pro Brush - Domed Kabuki Brush,Brush,excluded,excluded by the set/kit/tool/non-makeup word list,False,False
Anastasia Beverly Hills,high_end,8496757571875,pro-brush-a26-crease-blending-brush-1,A26 Pro Brush - Crease Blending Brush,Brush,excluded,excluded by the set/kit/tool/non-makeup word list,False,False
Anastasia Beverly Hills,high_end,8496756621603,pro-brush-a18-angle-chiseler-brush-1,A18 Pro Brush - Angled Chiseler Brush,Brush,excluded,excluded by the set/kit/tool/non-makeup word list,False,False
Anastasia Beverly Hills,high_end,8768098795811,pro-brush-a6-buff-and-blend-brush-1,A6 Pro Brush - Buff and Blend Brush,Brush,excluded,excluded by the set/kit/tool/non-makeup word list,False,False
Anastasia Beverly Hills,high_end,8496756261155,pro-brush-a3-firm-shader-brush-1,A3 Pro Brush - Firm Shader Brush,Brush,excluded,excluded by the set/kit/tool/non-makeup word list,False,False
Anastasia Beverly Hills,high_end,8496755769635,pro-brush-a1-flat-definer-brush-1,A1 Pro Brush - Flat Definer Brush,Brush,excluded,excluded by the set/kit/tool/non-makeup word list,False,False
Anastasia Beverly Hills,high_end,8496755704099,brush-12,Brush 12 - Dual-Ended Firm Angled Brush,Brush,excluded,excluded by the set/kit/tool/non-makeup word list,False,False
Anastasia Beverly Hills,high_end,8511904809251,brush-20,Brush 20 - Dual-Ended Flat Detail Brush,Brush,excluded,excluded by the set/kit/tool/non-makeup word list,False,False
Anastasia Beverly Hills,high_end,8496756064547,brush-3,Brush 3 - Liner Brush,Brush,excluded,excluded by the set/kit/tool/non-makeup word list,False,False
Anastasia Beverly Hills,high_end,8496756916515,brow-freeze-dual-ended-applicator,Brow Freeze® Dual-Ended Applicator,Brush,excluded,excluded by the set/kit/tool/non-makeup word list,False,False
Anastasia Beverly Hills,high_end,8496756195619,brush-7-b,Brush 7B - Dual-Ended Angled Brush,Brush,excluded,excluded by the set/kit/tool/non-makeup word list,False,False
Anastasia Beverly Hills,high_end,8496756293923,brush-18,Brush 18 - Precise Conceal Brush,Brush,excluded,excluded by the set/kit/tool/non-makeup word list,False,False
Anastasia Beverly Hills,high_end,8496755507491,angled-cut-brush-small-15,Brush 15 - Mini Angled Brush,Brush,excluded,excluded by the set/kit/tool/non-makeup word list,False,False
Anastasia Beverly Hills,high_end,8496755409187,mini-loose-setting-powder,Mini Loose Setting Powder,Face,setting_powder,setting_powder <- 'setting powder' in product_type|title,False,True
Anastasia Beverly Hills,high_end,8496755474723,liquid-liner,Liquid Liner,Eyes,out_of_scope,out of scope <- 'liner' (not a §7 category),False,True
Anastasia Beverly Hills,high_end,8496755081507,waterproof-gel-liner-darkside,Darkside Waterproof Gel Liner,Eyes,out_of_scope,out of scope <- 'liner' (not a §7 category),False,False
Anastasia Beverly Hills,high_end,8510082908451,mini-lash-brag-volumizing-mascara,Mini Lash Brag® Volumizing Mascara,Eyes,excluded,excluded by the set/kit/tool/non-makeup word list,False,True
Anastasia Beverly Hills,high_end,8496749805859,waterproof-creme-color,Waterproof Crème Color,Eyes,unclassified,no §7 rule matched,False,True
Anastasia Beverly Hills,high_end,8496747905315,pro-pencil,Pro Pencil,Brow,brow,brow <- 'brow' in product_type|title,False,True
Anastasia Beverly Hills,high_end,8496748626211,perfect-brow-pencil,Perfect Brow Pencil,Brow,brow,brow <- 'brow' in product_type|title,False,True
Anastasia Beverly Hills,high_end,8496747970851,loose-setting-powder,Loose Setting Powder,Face,setting_powder,setting_powder <- 'setting powder' in product_type|title,False,True
Anastasia Beverly Hills,high_end,8509925589283,dipbrow-pomade,DIPBROW® Pomade,Brow,brow,brow <- 'brow' in product_type|title,False,True
Anastasia Beverly Hills,high_end,8496749773091,brow-powder-duo,Brow Powder Duo,Brow,excluded,excluded by the set/kit/tool/non-makeup word list,False,True
Anastasia Beverly Hills,high_end,8509925163299,highlighting-duo-pencil,Highlighting Duo Pencil,Brow,excluded,excluded by the set/kit/tool/non-makeup word list,False,True
Anastasia Beverly Hills,high_end,8496749084963,brow-definer,Brow Definer,Brow,brow,brow <- 'brow' in product_type|title,False,True
Anastasia Beverly Hills,high_end,8496747807011,blush-trios,Blush Trio,Face,excluded,excluded by the set/kit/tool/non-makeup word list,False,True
Anastasia Beverly Hills,high_end,8496747086115,mini-dewy-set-setting-spray,Mini Dewy Set Setting Spray,Face,excluded,excluded by the set/kit/tool/non-makeup word list,False,True
Anastasia Beverly Hills,high_end,8496747184419,face-palette,Face Palette - Off to Costa Rica,Face,unclassified,no §7 rule matched,False,True
Anastasia Beverly Hills,high_end,8496745906467,sugar-glow-kit,Sugar Glow Kit®,Face,excluded,excluded by the set/kit/tool/non-makeup word list,False,True
Anastasia Beverly Hills,high_end,8496745152803,stencils,Eyebrow Stencils,Tools,excluded,excluded by the set/kit/tool/non-makeup word list,False,False
Anastasia Beverly Hills,high_end,8496745513251,soft-glam-palette,Soft Glam Eyeshadow Palette,Eyes,eyeshadow_palette,eyeshadow_palette <- 'eyeshadow palette' in product_type|title,False,True
Anastasia Beverly Hills,high_end,8496745021731,scissors,Scissors,Tools,excluded,excluded by the set/kit/tool/non-makeup word list,False,False
Anastasia Beverly Hills,high_end,8496744169763,precision-tweezers,Precision Tweezers,Tools,excluded,excluded by the set/kit/tool/non-makeup word list,False,False
Anastasia Beverly Hills,high_end,8496742531363,norvina-false-lashes-so-hollywood,NORVINA® False Eyelashes - So Hollywood,Norvina,excluded,excluded by the set/kit/tool/non-makeup word list,False,False
Anastasia Beverly Hills,high_end,8496742433059,norvina-false-lashes-gorgina,NORVINA® False Eyelashes - Gorgina,Norvina,excluded,excluded by the set/kit/tool/non-makeup word list,False,False
Anastasia Beverly Hills,high_end,8496742596899,norvina-false-lashes-dreamy,NORVINA® False Eyelashes - Dreamy,Norvina,excluded,excluded by the set/kit/tool/non-makeup word list,False,False
Anastasia Beverly Hills,high_end,8496742727971,norvina-false-eyelashes-so-cute,NORVINA® False Eyelashes - So Cute,Norvina,unclassified,no §7 rule matched,False,False
Anastasia Beverly Hills,high_end,8496742203683,norvina-false-eyelashes-oh-my,NORVINA® False Eyelashes - Oh-My,Norvina,unclassified,no §7 rule matched,False,False
Anastasia Beverly Hills,high_end,8496742629667,norvina-false-eyelashes-high-fidelity,NORVINA® False Eyelashes - High Fidelity,Norvina,unclassified,no §7 rule matched,False,False
Anastasia Beverly Hills,high_end,8496742760739,norvina-false-eyelashes-attention,NORVINA® False Eyelashes - Attention,Norvina,unclassified,no §7 rule matched,False,False
Anastasia Beverly Hills,high_end,8496742236451,norvina-false-eyelashes-a-moment,NORVINA® False Eyelashes - A Moment,Norvina,unclassified,no §7 rule matched,False,False
Anastasia Beverly Hills,high_end,8496738402595,eye-primer-mini,Eye Primer,Eyes,primer,primer <- 'primer' in product_type|title,False,True
Anastasia Beverly Hills,high_end,8496736338211,soft-glam-ii-mini-eyeshadow-palette,Soft Glam II Mini Eyeshadow Palette,Eyes,eyeshadow_palette,eyeshadow_palette <- 'eyeshadow palette' in product_type|title,False,True
Anastasia Beverly Hills,high_end,8496735748387,co-retail-delivery-fees,CO Retail Delivery Fees,,unclassified,no §7 rule matched,False,False
Anastasia Beverly Hills,high_end,8496736305443,rose-metals-palette,Rose Metals Palette,Face,unclassified,no §7 rule matched,False,True
Anastasia Beverly Hills,high_end,8496735715619,nouveau-palette,Nouveau Palette,Face,unclassified,no §7 rule matched,False,True
Anastasia Beverly Hills,high_end,8510083170595,lash-brag-volumizing-mascara,Lash Brag® Volumizing Mascara,Eyes,excluded,excluded by the set/kit/tool/non-makeup word list,False,True
Anastasia Beverly Hills,high_end,8496732111139,iced-out-highlighter,Iced Out Highlighter,Face,highlighter,highlighter <- 'highlight' in product_type|title,False,True
Anastasia Beverly Hills,high_end,8496732963107,glam-to-go-mini-palette,Glam To Go Mini Palette,Face,unclassified,no §7 rule matched,False,True
Anastasia Beverly Hills,high_end,8496728244515,brow-wiz,Brow Wiz®,Brow,brow,brow <- 'brow' in product_type|title,False,False
ColourPop,drugstore,7397683134546,the-daily-face-eye-cream-moisturizer-set,The Daily Face + Eye Cream,Face & Eye Moisturizer Set,excluded,excluded by the set/kit/tool/non-makeup word list,False,True
ColourPop,drugstore,7397782683730,tickled-pink-ultra-glossy-lip-set,Tickled Pink,Ultra Glossy Lip,excluded,excluded by the set/kit/tool/non-makeup word list,False,False
ColourPop,drugstore,7397770887250,cool-nudes-ultra-glossy-lip-set,Cool Nudes,Ultra Glossy Lip,excluded,excluded by the set/kit/tool/non-makeup word list,False,False
ColourPop,drugstore,7397703778386,so-refined,So Refined,Face Set,excluded,excluded by the set/kit/tool/non-makeup word list,False,True
ColourPop,drugstore,7397778096210,perfect-4-u-ultra-glossy-lip-set,Perfect 4 U,Ultra Glossy Lip,excluded,excluded by the set/kit/tool/non-makeup word list,False,False
ColourPop,drugstore,7397682774098,come-clean-cleansing-duo,Come Clean Cleansing Duo,Face Cleanser,excluded,excluded by the set/kit/tool/non-makeup word list,False,True
ColourPop,drugstore,7397682544722,remedy-rainfall,Remedy + Rainfall,Face Serum,excluded,excluded by the set/kit/tool/non-makeup word list,False,True
ColourPop,drugstore,7494865911890,sweet-sips-eyeshadow-kit,Sweet Sips,Full Collection Set,excluded,excluded by the set/kit/tool/non-makeup word list,False,False
ColourPop,drugstore,7397682315346,renew,Renew,Skin Refining Duo,excluded,excluded by the set/kit/tool/non-makeup word list,False,True
ColourPop,drugstore,7396423008338,revive,Revive,Skin Boost Duo,excluded,excluded by the set/kit/tool/non-makeup word list,False,True
ColourPop,drugstore,3934838128722,papaya,Papaya,Face Milk,unclassified,no §7 rule matched,False,True
ColourPop,drugstore,120214781977,flurries,Flurries,Ultra Matte Lip,unclassified,no §7 rule matched,False,False
ColourPop,drugstore,7141932423,beeper,Beeper,Ultra Matte Lip,unclassified,no §7 rule matched,False,False
ColourPop,drugstore,3868189065298,turmeric,Turmeric,Face Milk,unclassified,no §7 rule matched,False,True
ColourPop,drugstore,3972437639250,strawberry-face-milk,Strawberry,Face Milk,unclassified,no §7 rule matched,False,True
ColourPop,drugstore,3856870867026,remedy,Remedy 10% Niacinamide Serum,Face Serum,excluded,excluded by the set/kit/tool/non-makeup word list,False,True
ColourPop,drugstore,6720804225106,pore-real-pineapple-cleanser,Pore Real Cleanser,Face Cleanser,excluded,excluded by the set/kit/tool/non-makeup word list,False,True
ColourPop,drugstore,4061729587282,coconut-face-milk-moisturizer,Coconut,Face Milk,excluded,excluded by the set/kit/tool/non-makeup word list,False,True
ColourPop,drugstore,7593197011026,jelly-glow-collection,Jelly Glow Collection,Full Collection Set,excluded,excluded by the set/kit/tool/non-makeup word list,False,False
ColourPop,drugstore,7593196519506,berry-fresh-bundle,Berry Fresh,Jelly Glow Trio,excluded,excluded by the set/kit/tool/non-makeup word list,False,False
ColourPop,drugstore,7593196388434,juicy-glow-bundle,Juicy Glow,Jelly Glow Trio,excluded,excluded by the set/kit/tool/non-makeup word list,False,False
ColourPop,drugstore,7593192489042,silicone-jelly-wand,Silicone Jelly Wand,Tools and Accessories,excluded,excluded by the set/kit/tool/non-makeup word list,False,False
ColourPop,drugstore,7593192259666,strawberry-glaze-jelly-glow-lip-cheek-jelly,Strawberry Glaze,Jelly Glow Lip & Cheek Jelly,unclassified,no §7 rule matched,False,False
ColourPop,drugstore,7593190785106,peachy-pop-jelly-glow-lip-cheek-jelly,Peachy Pop,Jelly Glow Lip & Cheek Jelly,unclassified,no §7 rule matched,False,False
ColourPop,drugstore,7593190621266,cherry-jelly-jelly-glow-lip-cheek-jelly,Cherry Jelly,Jelly Glow Lip & Cheek Jelly,unclassified,no §7 rule matched,False,False
ColourPop,drugstore,7593188917330,bubblegum-bestie-jelly-glow-lip-cheek-jelly,Bubblegum Bestie,Jelly Glow Lip & Cheek Jelly,unclassified,no §7 rule matched,False,False
ColourPop,drugstore,7593187082322,blueberry-pie-jelly-glow-lip-cheek-jelly,Blueberry Pie,Jelly Glow Lip & Cheek Jelly,unclassified,no §7 rule matched,False,False
ColourPop,drugstore,7593192456274,watermelon-gummy-jelly-glow-lip-cheek-jelly,Watermelon Gummy,Jelly Glow Lip & Cheek Jelly,unclassified,no §7 rule matched,False,False
ColourPop,drugstore,6828282708050,such-a-flirt-lippie-pencil-vault,Such A Flirt,Lippie Pencil,excluded,excluded by the set/kit/tool/non-makeup word list,False,False
ColourPop,drugstore,7006835245138,aurora-stuck-shadow-palette,Aurora Struck,Shadow Palette,eyeshadow_palette,eyeshadow_palette <- 'shadow palette' in product_type|title,False,False
ColourPop,drugstore,7576285249618,heart-mirror,Heart Compact Mirror,GWP,unclassified,no §7 rule matched,False,False
ColourPop,drugstore,7499065262162,mistle-toe-fresh-kiss-lip-trio,Mistletoe Kisses,Lip Care Kit,excluded,excluded by the set/kit/tool/non-makeup word list,False,False
ColourPop,drugstore,7397777768530,top-hits-lux-lip-oil-set,Top Hits,Lux Lip Oil,excluded,excluded by the set/kit/tool/non-makeup word list,False,False
ColourPop,drugstore,7276029902930,kind-at-heart-cheek-and-lip-set,Kind at Heart,Lip & Cheek Set,excluded,excluded by the set/kit/tool/non-makeup word list,False,False
ColourPop,drugstore,7593253470290,infinite-possibilities-full-collection,Infinite Possibilities,Full Collection Set,excluded,excluded by the set/kit/tool/non-makeup word list,False,False
ColourPop,drugstore,7292231024722,pokemon-and-colourpop-collection,Pokémon x ColourPop Collection,Full Collection Set,excluded,excluded by the set/kit/tool/non-makeup word list,False,False
ColourPop,drugstore,7292211462226,flamethrower-super-shock-shadow,Flamethrower,Super Shock Shadow,eyeshadow_single,eyeshadow_single <- 'shadow' in product_type|title,False,False
ColourPop,drugstore,7292197732434,transform-ph-lip-balm,Transform,pH Lip Balm,lipstick,lipstick <- 'lip balm' in product_type|title,False,False
ColourPop,drugstore,7292193833042,thunderbolt-ph-lip-balm,Thunderbolt,pH Lip Balm,lipstick,lipstick <- 'lip balm' in product_type|title,False,False
ColourPop,drugstore,7287077503058,pallet-town-shadow-palette,Pallet Town,Shadow Palette,eyeshadow_palette,eyeshadow_palette <- 'shadow palette' in product_type|title,False,False
ColourPop,drugstore,7587817029714,livin-two-lives-collection,Livin' Two Lives,Full Collection Set,excluded,excluded by the set/kit/tool/non-makeup word list,False,False
ColourPop,drugstore,7593242198098,sylveon-glitter-gel,Sylveon,Glitter Gel,unclassified,no §7 rule matched,False,False
ColourPop,drugstore,7593249079378,touch-of-sparkle-bundle,Touch of Sparkle,Shaddow Palette And Glitterally Obsessed,excluded,excluded by the set/kit/tool/non-makeup word list,False,False
ColourPop,drugstore,7593246752850,daybreak-and-moonlight-fresh-kiss-trio,Daybreak and Moonlight,Fresh Kiss Trio,excluded,excluded by the set/kit/tool/non-makeup word list,False,False
ColourPop,drugstore,7292195471442,sing-ph-lip-balm,Sing,pH Lip Balm,lipstick,lipstick <- 'lip balm' in product_type|title,False,False
ColourPop,drugstore,7593201860690,leafeon-bff-liquid-liner,Leafeon,BFF Liquid Liner,out_of_scope,out of scope <- 'liner' (not a §7 category),False,False
ColourPop,drugstore,7593201401938,glaceon-bff-liquid-liner,Glaceon,BFF Liquid Liner,out_of_scope,out of scope <- 'liner' (not a §7 category),False,False
ColourPop,drugstore,7593200615506,eeveelution-shadow-palette,Eeveelution,Shadow Palette,eyeshadow_palette,eyeshadow_palette <- 'shadow palette' in product_type|title,False,False
ColourPop,drugstore,7593243607122,eevee-headband,Eevee Headband,Tools and Accessories,excluded,excluded by the set/kit/tool/non-makeup word list,False,False
ColourPop,drugstore,7593243377746,umbreon-fresh-kiss-glossy-lip-balm,Umbreon,Fresh Kiss Glossy Balm,unclassified,no §7 rule matched,False,False
ColourPop,drugstore,7593243213906,espeon-fresh-kiss-glossy-lip-balm,Espeon,Fresh Kiss Glossy Balm,unclassified,no §7 rule matched,False,False
ColourPop,drugstore,7593242886226,eevee-fresh-kiss-glossy-lip-balm,Eevee,Fresh Kiss Glossy Balm,unclassified,no §7 rule matched,False,False
ColourPop,drugstore,7593244688466,vaporeon-shadow-stix,Vaporeon,Shadow Stix,eyeshadow_single,eyeshadow_single <- 'shadow stix' in product_type|title,False,False
ColourPop,drugstore,7593244262482,jolteon-shadow-stix,Jolteon,Shadow Stix,eyeshadow_single,eyeshadow_single <- 'shadow stix' in product_type|title,False,False
ColourPop,drugstore,7593244098642,flareon-shadow-stix,Flareon,Shadow Stix,eyeshadow_single,eyeshadow_single <- 'shadow stix' in product_type|title,False,False
ColourPop,drugstore,7593247277138,cinder-surge-and-tide-shadow-stix-trio,"Cinder, Surge, and Tide",Shadow Stix Trio,excluded,excluded by the set/kit/tool/non-makeup word list,False,False
ColourPop,drugstore,7593248915538,glacial-forest-bff-liquid-liner-duo,Glacial Forest,BFF Liner Duo,excluded,excluded by the set/kit/tool/non-makeup word list,False,False
ColourPop,drugstore,7596888358994,balm-besties,Balm Besties,pH Lip Balm,lipstick,lipstick <- 'lip balm' in product_type|title,False,False
ColourPop,drugstore,7587818045522,double-kiss-lip-kit-duo,Double Kiss,Lip Kits Duo,excluded,excluded by the set/kit/tool/non-makeup word list,False,False
ColourPop,drugstore,7587815718994,rock-sensation-lip-kit,Rock Sensation,Lippie Pencil & Stix Kit,excluded,excluded by the set/kit/tool/non-makeup word list,False,False
ColourPop,drugstore,7587815587922,malibu-dreaming-lip-kit,Malibu Dreaming,Lippie Pencil & Stix Kit,excluded,excluded by the set/kit/tool/non-makeup word list,False,False
ColourPop,drugstore,7587667935314,best-of-both-worlds-shadow-palette,Best of Both Worlds,Shadow Palette,eyeshadow_palette,eyeshadow_palette <- 'shadow palette' in product_type|title,False,False
ColourPop,drugstore,7587820535890,secret-superstar-lip-gloss-keychain,Secret Superstar,Lip Gloss,lip_gloss,lip_gloss <- 'lip gloss' in product_type|title,False,False
ColourPop,drugstore,7587818569810,a-girl-like-me-miley-collection,A Girl Like Me,Gloss Keychain + Lip Kit,excluded,excluded by the set/kit/tool/non-makeup word list,False,False
ColourPop,drugstore,7587818504274,being-hannah-lip-collection,Being Hannah,Gloss Keychain + Lip Kit,excluded,excluded by the set/kit/tool/non-makeup word list,False,False
ColourPop,drugstore,7587818438738,just-an-ordinary-girl-miley-collection,Just An Ordinary Girl,Miley Collection,unclassified,no §7 rule matched,False,False
ColourPop,drugstore,7587818307666,star-on-stage-collection,Star on Stage,Hannah Collection,unclassified,no §7 rule matched,False,False
ColourPop,drugstore,7587817881682,star-pout-lip-gloss-keychain-duo,Star Pout,Gloss Keychain Duo,excluded,excluded by the set/kit/tool/non-makeup word list,False,False
ColourPop,drugstore,7587816931410,hannah-montana-x-colourpop-collection,Hannah Montana X ColourPop Collection,Full Collection Set,excluded,excluded by the set/kit/tool/non-makeup word list,False,False
ColourPop,drugstore,7587816702034,youre-a-star-hair-clip,You’re a Star,Hair Clip,excluded,excluded by the set/kit/tool/non-makeup word list,False,False
ColourPop,drugstore,7587816407122,stage-lights-lip-gloss-roll-on-body-glitter,Stage Lights,Body Glitter,excluded,excluded by the set/kit/tool/non-makeup word list,False,False
ColourPop,drugstore,7587815850066,keeping-it-real-lip-gloss-keychain,Keeping It Real,Lip Gloss,lip_gloss,lip_gloss <- 'lip gloss' in product_type|title,False,False
ColourPop,drugstore,7587815194706,double-life-eyeliner-and-star-stamp,Double Life,Eyeliner and Stamp Duo,excluded,excluded by the set/kit/tool/non-makeup word list,False,False
ColourPop,drugstore,7586234662994,holo-bestie-ph-lip-balm,Holo Bestie,pH Lip Balm,lipstick,lipstick <- 'lip balm' in product_type|title,False,False
ColourPop,drugstore,7586234597458,pink-mood-ph-lip-balm,Pink Mood,pH Lip Balm,lipstick,lipstick <- 'lip balm' in product_type|title,False,False
ColourPop,drugstore,7586234564690,clearly-cute-ph-lip-balm,Clearly Cute,pH Lip Balm,lipstick,lipstick <- 'lip balm' in product_type|title,False,False
ColourPop,drugstore,7587617472594,sparkling-peach-bundle,Sparkling Peach,Palette and Jelly Much,excluded,excluded by the set/kit/tool/non-makeup word list,False,False
ColourPop,drugstore,7587617275986,peachy-perfection-bundle,Peachy Perfection,Palette + Liquid Blush + Fresh Kiss,excluded,excluded by the set/kit/tool/non-makeup word list,False,False
ColourPop,drugstore,7575904911442,peach-jelly-shadow-palette,Peach Jelly,Shadow Palette,eyeshadow_palette,eyeshadow_palette <- 'shadow palette' in product_type|title,False,False
ColourPop,drugstore,7587608199250,romantasy-collection-a-shadow-of-secrets,Romantasy Collection,Full Collection Set,excluded,excluded by the set/kit/tool/non-makeup word list,False,False
ColourPop,drugstore,7585316470866,berry-glaze-bundle,Berry Glaze,Hyper Shine Glossy Lipstick,excluded,excluded by the set/kit/tool/non-makeup word list,False,False
ColourPop,drugstore,7585316372562,pink-core-bundle,Pink Core,Hyper Shine Glossy Lipstick,excluded,excluded by the set/kit/tool/non-makeup word list,False,False
ColourPop,drugstore,7585296810066,currently-trending-bundle,Currently Trending,Hyper Shine Glossy Lipstick,excluded,excluded by the set/kit/tool/non-makeup word list,False,False
ColourPop,drugstore,7585296547922,best-nudes-bundle,Best Nudes,Hyper Shine Glossy Lipstick,excluded,excluded by the set/kit/tool/non-makeup word list,False,False
ColourPop,drugstore,7576523341906,wine-glass-hyper-shine-glossy-lipstick,Wine Glass,Hyper Shine Glossy Lipstick,lipstick,lipstick <- 'lipstick' in product_type|title,False,False
ColourPop,drugstore,7576523243602,who-is-this-diva-hyper-shine-glossy-lipstick,Who Is This Diva?,Hyper Shine Glossy Lipstick,lipstick,lipstick <- 'lipstick' in product_type|title,False,False
ColourPop,drugstore,7576523112530,sunday-brunch-hyper-shine-glossy-lipstick,Sunday Brunch,Hyper Shine Glossy Lipstick,lipstick,lipstick <- 'lipstick' in product_type|title,False,False
ColourPop,drugstore,7576523046994,sugar-n-spice-hyper-shine-glossy-lipstick,Sugar N' Spice,Hyper Shine Glossy Lipstick,lipstick,lipstick <- 'lipstick' in product_type|title,False,False
ColourPop,drugstore,7576522915922,pink-it-over-hyper-shine-glossy-lipstick,Pink It Over,Hyper Shine Glossy Lipstick,lipstick,lipstick <- 'lipstick' in product_type|title,False,False
ColourPop,drugstore,7576522850386,mocha-melt-hyper-shine-glossy-lipstick,Mocha Melt,Hyper Shine Glossy Lipstick,lipstick,lipstick <- 'lipstick' in product_type|title,False,False
ColourPop,drugstore,7576522752082,melrose-place-hyper-shine-glossy-lipstick,Melrose Place,Hyper Shine Glossy Lipstick,lipstick,lipstick <- 'lipstick' in product_type|title,False,False
ColourPop,drugstore,7576522588242,meet-cute-hyper-shine-glossy-lipstick,Meet Cute,Hyper Shine Glossy Lipstick,lipstick,lipstick <- 'lipstick' in product_type|title,False,False
ColourPop,drugstore,7576522293330,lover-girl-hyper-shine-glossy-lipstick,Lover Girl,Hyper Shine Glossy Lipstick,lipstick,lipstick <- 'lipstick' in product_type|title,False,False
ColourPop,drugstore,7576522227794,lavender-lemonade-hyper-shine-glossy-lipstick,Lavender Lemonade,Hyper Shine Glossy Lipstick,lipstick,lipstick <- 'lipstick' in product_type|title,False,False
ColourPop,drugstore,7576522031186,honey-bunny-hyper-shine-glossy-lipstick,Honey Bunny,Hyper Shine Glossy Lipstick,lipstick,lipstick <- 'lipstick' in product_type|title,False,False
ColourPop,drugstore,7576521965650,high-maintenance-hyper-shine-glossy-lipstick,High Maintenance,Hyper Shine Glossy Lipstick,lipstick,lipstick <- 'lipstick' in product_type|title,False,False
ColourPop,drugstore,7576521834578,dnd-hyper-shine-glossy-lipstick,DND,Hyper Shine Glossy Lipstick,lipstick,lipstick <- 'lipstick' in product_type|title,False,False
ColourPop,drugstore,7576521736274,couldnt-be-me-hyper-shine-glossy-lipstick,Couldn't Be Me,Hyper Shine Glossy Lipstick,lipstick,lipstick <- 'lipstick' in product_type|title,False,False
ColourPop,drugstore,7576521408594,a-little-zhuzh-hyper-shine-glossy-lipstick,A Little Zhuzh,Hyper Shine Glossy Lipstick,lipstick,lipstick <- 'lipstick' in product_type|title,False,False
ColourPop,drugstore,7576521179218,airport-crush-hyper-shine-glossy-lipstick,Airport Crush,Hyper Shine Glossy Lipstick,lipstick,lipstick <- 'lipstick' in product_type|title,False,False
ColourPop,drugstore,7569523605586,made-for-me-so-juicy-plumping-gloss-balm,Made For Me,So Juicy Plumping Gloss Balm with Peptides,lip_gloss,lip_gloss <- 'plumping' in product_type|title,False,False
ColourPop,drugstore,7569523572818,forbidden-love-so-juicy-plumping-gloss-balm,Forbidden Love,So Juicy Plumping Gloss Balm with Peptides,lip_gloss,lip_gloss <- 'plumping' in product_type|title,False,False
ColourPop,drugstore,7569523540050,imo-so-juicy-plumping-gloss-balm,IMO,So Juicy Plumping Gloss Balm with Peptides,lip_gloss,lip_gloss <- 'plumping' in product_type|title,False,False
ColourPop,drugstore,7569523507282,heart-cake-so-juicy-plumping-gloss-balm,Heart Cake,So Juicy Plumping Gloss Balm with Peptides,lip_gloss,lip_gloss <- 'plumping' in product_type|title,False,False
ColourPop,drugstore,7569522557010,dinner-date-so-juicy-plumping-gloss-balm,Dinner Date,So Juicy Plumping Gloss Balm with Peptides,lip_gloss,lip_gloss <- 'plumping' in product_type|title,False,False
ColourPop,drugstore,7574419112018,golden-glitz-bundle,Golden Glitz,Jelly Much Sticks Trio,excluded,excluded by the set/kit/tool/non-makeup word list,False,False
ColourPop,drugstore,7574418784338,glaze-over-bundle,Glaze Over,Jelly Much Sticks Trio,excluded,excluded by the set/kit/tool/non-makeup word list,False,False
ColourPop,drugstore,7574418686034,pink-serve-bundle,Pink Serve,Jelly Much Sticks Trio,excluded,excluded by the set/kit/tool/non-makeup word list,False,False
ColourPop,drugstore,7574418653266,party-mode-bundle,Party Mode,Jelly Much Sticks Trio,excluded,excluded by the set/kit/tool/non-makeup word list,False,False
ColourPop,drugstore,7574418587730,frost-out-bundle,Frost Out,Jelly Much Sticks Trio,excluded,excluded by the set/kit/tool/non-makeup word list,False,False
ColourPop,drugstore,7574418489426,nudes-on-lock-bundle,Nudes On Lock,Jelly Much Sticks Trio,excluded,excluded by the set/kit/tool/non-makeup word list,False,False
ColourPop,drugstore,7574418358354,extra-jelly-collection,Extra Jelly,Full Collection Kit,excluded,excluded by the set/kit/tool/non-makeup word list,False,False
ColourPop,drugstore,7574416490578,stay-jelly-jelly-much-eyeshadow-stick,Stay Jelly,Jelly Much Eyeshadow Stick,eyeshadow_single,eyeshadow_single <- 'eyeshadow' in product_type|title,False,False
ColourPop,drugstore,7574416392274,real-talk-jelly-much-eyeshadow-stick,Real Talk,Jelly Much Eyeshadow Stick,eyeshadow_single,eyeshadow_single <- 'eyeshadow' in product_type|title,False,False
ColourPop,drugstore,7574416097362,pink-perfection-jelly-much-eyeshadow-stick,Pink Perfection,Jelly Much Eyeshadow Stick,eyeshadow_single,eyeshadow_single <- 'eyeshadow' in product_type|title,False,False
ColourPop,drugstore,7574415999058,offline-jelly-much-eyeshadow-stick,Offline,Jelly Much Eyeshadow Stick,eyeshadow_single,eyeshadow_single <- 'eyeshadow' in product_type|title,False,False
ColourPop,drugstore,7574415671378,make-a-toast-jelly-much-eyeshadow-stick,Make A Toast,Jelly Much Eyeshadow Stick,eyeshadow_single,eyeshadow_single <- 'eyeshadow' in product_type|title,False,False
ColourPop,drugstore,7574415278162,kinda-busy-jelly-much-eyeshadow-stick,Kinda Busy,Jelly Much Eyeshadow Stick,eyeshadow_single,eyeshadow_single <- 'eyeshadow' in product_type|title,False,False
ColourPop,drugstore,7574415147090,hyped-jelly-much-eyeshadow-stick,Hyped,Jelly Much Eyeshadow Stick,eyeshadow_single,eyeshadow_single <- 'eyeshadow' in product_type|title,False,False
ColourPop,drugstore,7574414852178,hollywood-hills-jelly-much-eyeshadow-stick,Hollywood Hills,Jelly Much Eyeshadow Stick,eyeshadow_single,eyeshadow_single <- 'eyeshadow' in product_type|title,False,False
ColourPop,drugstore,7574414229586,happy-tears-jelly-much-eyeshadow-stick,Happy Tears,Jelly Much Eyeshadow Stick,eyeshadow_single,eyeshadow_single <- 'eyeshadow' in product_type|title,False,False
ColourPop,drugstore,7574413869138,golden-coast-jelly-much-eyeshadow-stick,Golden Coast,Jelly Much Eyeshadow Stick,eyeshadow_single,eyeshadow_single <- 'eyeshadow' in product_type|title,False,False
ColourPop,drugstore,7574413508690,forever-friday-jelly-much-eyeshadow-stick,Forever Friday,Jelly Much Eyeshadow Stick,eyeshadow_single,eyeshadow_single <- 'eyeshadow' in product_type|title,False,False
ColourPop,drugstore,7574413148242,diamond-girl-jelly-much-eyeshadow-stick,Diamond Girl,Jelly Much Eyeshadow Stick,eyeshadow_single,eyeshadow_single <- 'eyeshadow' in product_type|title,False,False
ColourPop,drugstore,7574412951634,big-energy-jelly-much-eyeshadow-stick,Big Energy,Jelly Much Eyeshadow Stick,eyeshadow_single,eyeshadow_single <- 'eyeshadow' in product_type|title,False,False
ColourPop,drugstore,7574411870290,aura-points-jelly-much-eyeshadow-stick,Aura Points,Jelly Much Eyeshadow Stick,eyeshadow_single,eyeshadow_single <- 'eyeshadow' in product_type|title,False,False
ColourPop,drugstore,7569523802194,milk-coffee-lip-pencil-lip-gloss-kit,Milk Coffee,Ultra Lip Duo,excluded,excluded by the set/kit/tool/non-makeup word list,False,False
ColourPop,drugstore,7569523867730,plum-glaze-lip-pencil-lip-gloss-kit,Plum Glaze,Ultra Lip Duo,excluded,excluded by the set/kit/tool/non-makeup word list,False,False
ColourPop,drugstore,7569523900498,extra-mocha-lip-pencil-lip-gloss-kit,Extra Mocha,Ultra Lip Duo,excluded,excluded by the set/kit/tool/non-makeup word list,False,False
ColourPop,drugstore,7575376560210,unhinged-super-shock-shadow,Unhinged,Super Shock Shadow,eyeshadow_single,eyeshadow_single <- 'shadow' in product_type|title,False,False
ColourPop,drugstore,7575376461906,pink-icing-super-shock-shadow,Pink Icing,Super Shock Shadow,eyeshadow_single,eyeshadow_single <- 'shadow' in product_type|title,False,False
ColourPop,drugstore,7575376068690,glow-up-super-shock-shadow,Glow Up,Super Shock Shadow,eyeshadow_single,eyeshadow_single <- 'shadow' in product_type|title,False,False
ColourPop,drugstore,7575375839314,fairy-coded-super-shock-shadow,Fairy Coded,Super Shock Shadow,eyeshadow_single,eyeshadow_single <- 'shadow' in product_type|title,False,False
ColourPop,drugstore,7575375249490,barely-trying-super-shock-shadow,Barely Trying,Super Shock Shadow,eyeshadow_single,eyeshadow_single <- 'shadow' in product_type|title,False,False
ColourPop,drugstore,7569521115218,11-scoops-super-shock-shadow,11 Scoops,Super Shock Shadow,eyeshadow_single,eyeshadow_single <- 'shadow' in product_type|title,False,False
ColourPop,drugstore,7572397162578,dreamiest-dollface-bundle,Dreamiest Dollface Bundle,Liquid Blush Set,excluded,excluded by the set/kit/tool/non-makeup word list,False,False
ColourPop,drugstore,7572396015698,cheek-dreams-bundle,Cheek Dreams Bundle,Liquid Blush + SSH,excluded,excluded by the set/kit/tool/non-makeup word list,False,False
ColourPop,drugstore,7572394737746,babydoll-glow-bundle,Babydoll Glow Bundle,Liquid Blush + SSH,excluded,excluded by the set/kit/tool/non-makeup word list,False,False
ColourPop,drugstore,7572391657554,pink-dreams-collection,Pink Dreams Collection,Full Collection Set,excluded,excluded by the set/kit/tool/non-makeup word list,False,False
ColourPop,drugstore,7569851678802,like-a-doll-liquid-blush,Like A Doll,Liquid Blush,liquid_blush,liquid_blush <- 'liquid blush' in product_type|title,False,False
ColourPop,drugstore,7569851646034,prettiest-pink-liquid-blush,Prettiest Pink,Liquid Blush,liquid_blush,liquid_blush <- 'liquid blush' in product_type|title,False,False
ColourPop,drugstore,7569851613266,pink-aura-super-shock-highlighter,Pink Aura,Super Shock Highlighter,highlighter,highlighter <- 'highlight' in product_type|title,False,False
ColourPop,drugstore,7569851580498,platinum-aura-super-shock-highlighter,Platinum Aura,Super Shock Highlighter,highlighter,highlighter <- 'highlight' in product_type|title,False,False
ColourPop,drugstore,7569851514962,pink-dreams-shadow-palette,Pink Dreams,Shadow Palette,eyeshadow_palette,eyeshadow_palette <- 'shadow palette' in product_type|title,False,False
ColourPop,drugstore,7567362162770,neutral-swipe-shadow-stix-set,Neutral Swipe,Shadow Stix,excluded,excluded by the set/kit/tool/non-makeup word list,False,True
ColourPop,drugstore,7556524834898,angled-blending-face-brush,Angled Blending Face Brush,Tools and Accessories,excluded,excluded by the set/kit/tool/non-makeup word list,False,False
ColourPop,drugstore,7556523884626,paradise-cove-liquid-bronzer,Paradise Cove,Liquid Bronzer,bronzer,bronzer <- 'bronzer' in product_type|title,False,False
ColourPop,drugstore,7556523524178,surfrider-beach-liquid-bronzer,Surfrider Beach,Liquid Bronzer,bronzer,bronzer <- 'bronzer' in product_type|title,False,False
ColourPop,drugstore,7556523196498,sands-beach-liquid-bronzer,Sands Beach,Liquid Bronzer,bronzer,bronzer <- 'bronzer' in product_type|title,False,False
ColourPop,drugstore,7556522475602,corral-beach-liquid-bronzer,Corral Beach,Liquid Bronzer,bronzer,bronzer <- 'bronzer' in product_type|title,False,False
ColourPop,drugstore,7556521721938,sunset-beach-liquid-bronzer,Sunset Beach,Liquid Bronzer,bronzer,bronzer <- 'bronzer' in product_type|title,False,False
ColourPop,drugstore,7556514086994,west-beach-liquid-bronzer,West Beach,Liquid Bronzer,bronzer,bronzer <- 'bronzer' in product_type|title,False,False
ColourPop,drugstore,7549691396178,mini-raspberry-creme,Mini Raspberry Crème,Fresh Kiss Glossy Balm,unclassified,no §7 rule matched,False,False
ColourPop,drugstore,7567361900626,rainbow-swipe-shadow-stix-set,Rainbow Swipe,Shadow Stix,excluded,excluded by the set/kit/tool/non-makeup word list,False,True
ColourPop,drugstore,7543968071762,mermaid-kisses-lip-oil-kits-trio,Mermaid Kisses,Lippie Pencil & Lip Oil Set,excluded,excluded by the set/kit/tool/non-makeup word list,False,False
ColourPop,drugstore,7543968006226,jumping-jellyfish-palette-highlighter-trio,Jumping Jellyfish!,Eye Shadow Palette & Highlighter Set,excluded,excluded by the set/kit/tool/non-makeup word list,False,True
ColourPop,drugstore,7543967973458,so-mer-mazing-palette-mirror-duo,So Mer-mazing,Eye Shadow & Mirror Set,excluded,excluded by the set/kit/tool/non-makeup word list,False,False
ColourPop,drugstore,7525266227282,disneys-the-little-mermaid-collection,ColourPop and The Little Mermaid,Full Collection Set,excluded,excluded by the set/kit/tool/non-makeup word list,False,False
ColourPop,drugstore,7525266063442,soft-shell-multichrome-highlighter,Soft Shell,Mega Highlighter,highlighter,highlighter <- 'highlight' in product_type|title,False,True
ColourPop,drugstore,7525265997906,not-a-guppy-multichrome-highlighter,Not A Guppy,Mega Highlighter,highlighter,highlighter <- 'highlight' in product_type|title,False,True
ColourPop,drugstore,7525263835218,the-little-mermaid-mirror,The Little Mermaid Mirror,Makeup Tools & Accessories,excluded,excluded by the set/kit/tool/non-makeup word list,False,False
ColourPop,drugstore,7525262786642,the-ocean-will-be-mine-lippie-stix-kit,The Ocean Will Be Mine,Lippie Stix,excluded,excluded by the set/kit/tool/non-makeup word list,False,False
ColourPop,drugstore,7525262655570,part-of-your-world-lippie-stix-kit,Part of Your World,Lippie Stix,excluded,excluded by the set/kit/tool/non-makeup word list,False,False
ColourPop,drugstore,7525213143122,the-little-mermaid-flounder-hair-clip,Flounder Hair Clip,Tools and Accessories,excluded,excluded by the set/kit/tool/non-makeup word list,False,False
ColourPop,drugstore,7524660281426,find-your-voice-glowy-lip-oil,Find Your Voice,Glowy Lip Oil,excluded,excluded by the set/kit/tool/non-makeup word list,False,False
ColourPop,drugstore,7524660019282,under-the-sea-shadow-palette,Under the Sea,Shadow Palette,eyeshadow_palette,eyeshadow_palette <- 'shadow palette' in product_type|title,False,False
ColourPop,drugstore,7554672361554,going-places,Going Places,Blush Stix,cream_blush,cream_blush <- 'blush stix' in product_type|title,False,False
ColourPop,drugstore,7524465672274,dream-state-blush-stix,Dream State,Blush Stix,cream_blush,cream_blush <- 'blush stix' in product_type|title,False,False
ColourPop,drugstore,7524465344594,beach-blvd-blush-stix,Beach Blvd,Blush Stix,cream_blush,cream_blush <- 'blush stix' in product_type|title,False,False
ColourPop,drugstore,7524465115218,am-i-the-drama-blush-stix,Am I The Drama?,Blush Stix,cream_blush,cream_blush <- 'blush stix' in product_type|title,False,False
ColourPop,drugstore,7524464787538,love-to-see-it-blush-stix,Love to See It,Blush Stix,cream_blush,cream_blush <- 'blush stix' in product_type|title,False,False
ColourPop,drugstore,7524458758226,high-demand-blush-stix,High Demand,Blush Stix,cream_blush,cream_blush <- 'blush stix' in product_type|title,False,False
ColourPop,drugstore,7524458233938,whimsy-blush-stix,Whimsy,Blush Stix,cream_blush,cream_blush <- 'blush stix' in product_type|title,False,False
ColourPop,drugstore,7524457676882,digicam-blush-stix,Digicam,Blush Stix,cream_blush,cream_blush <- 'blush stix' in product_type|title,False,False
ColourPop,drugstore,7524457513042,s-tier-blush-stix,S-Tier,Blush Stix,cream_blush,cream_blush <- 'blush stix' in product_type|title,False,False
ColourPop,drugstore,6966140993618,mini-me-blush-stix,Mini Me,Blush Stix,cream_blush,cream_blush <- 'blush stix' in product_type|title,False,False
ColourPop,drugstore,6966113927250,cool-it-blush-stix,Cool It,Blush Stix,cream_blush,cream_blush <- 'blush stix' in product_type|title,False,False
ColourPop,drugstore,6966113009746,258-blush-stix,25/8,Blush Stix,cream_blush,cream_blush <- 'blush stix' in product_type|title,False,False
ColourPop,drugstore,7524272570450,silver-lining-shadow-palette,Silver Lining,Shadow Palette,eyeshadow_palette,eyeshadow_palette <- 'shadow palette' in product_type|title,False,False
ColourPop,drugstore,7524280041554,positive-pout-so-juicy-lip-trio,Positive Pout,Lip Set,excluded,excluded by the set/kit/tool/non-makeup word list,False,False
ColourPop,drugstore,7524279877714,serving-optimism-full-collection,Serving Optimism,Full Collection Set,excluded,excluded by the set/kit/tool/non-makeup word list,False,False
ColourPop,drugstore,7524273389650,glow-thru-it-so-juicy-lip-oil,Glow Thru It,So Juicy Plumping Glossy Lip Oil,excluded,excluded by the set/kit/tool/non-makeup word list,False,False
ColourPop,drugstore,7524273291346,everythings-good-so-juicy-lip-oil,Everything’s Good,So Juicy Plumping Glossy Lip Oil,excluded,excluded by the set/kit/tool/non-makeup word list,False,False
ColourPop,drugstore,7524272898130,shine-on-babe-so-juicy-lip-oil,Shine On Babe,So Juicy Plumping Glossy Lip Oil,excluded,excluded by the set/kit/tool/non-makeup word list,False,False
ColourPop,drugstore,7548767731794,love-that-for-me-full-collection,Love That For Me,Full Collection Set,excluded,excluded by the set/kit/tool/non-makeup word list,False,False
ColourPop,drugstore,7461357912146,heat-warning,Heat Warning,Lippie Vault Set,excluded,excluded by the set/kit/tool/non-makeup word list,False,False
ColourPop,drugstore,1485386154066,pledge-class,Pledge Class,Super Shock Shadow,eyeshadow_single,eyeshadow_single <- 'shadow' in product_type|title,False,False
ColourPop,drugstore,7287069671506,stars-large-empty-makeup-palette,Stars Large Empty Palette,Empty Palette,unclassified,no §7 rule matched,False,False
ColourPop,drugstore,7420858925138,a-shadow-of-secrets-shadow-palette,A Shadow of Secrets,Shadow Palette,eyeshadow_palette,eyeshadow_palette <- 'shadow palette' in product_type|title,False,False
ColourPop,drugstore,7517191962706,twilight-forever-palette-trio,Twilight Forever,Palette Trio,excluded,excluded by the set/kit/tool/non-makeup word list,False,False
ColourPop,drugstore,7505868128338,eternal-eclipse-eye-trio,Eternal Eclipse,Eye Trio,excluded,excluded by the set/kit/tool/non-makeup word list,False,False
ColourPop,drugstore,7505868030034,coven-clash-jelly-much-duo,Coven Clash,Jelly Much Duo,excluded,excluded by the set/kit/tool/non-makeup word list,False,False
ColourPop,drugstore,7505867997266,just-bitten-lip-trio,Just Bitten,Lip Trio,excluded,excluded by the set/kit/tool/non-makeup word list,False,False
ColourPop,drugstore,7505867898962,immortal-kiss-lippie-stix-duo,Immortal Kiss,Lippie Stix Duo,excluded,excluded by the set/kit/tool/non-makeup word list,False,False
ColourPop,drugstore,7505867767890,the-twilight-saga-eclipse-x-colourpop,The Twilight Saga Eclipse X ColourPop,Full Collection Set,excluded,excluded by the set/kit/tool/non-makeup word list,False,False
ColourPop,drugstore,7494889996370,newborn-powder-to-creme-lipstick,Newborn,Powder To Creme Lipstick,lipstick,lipstick <- 'lipstick' in product_type|title,False,False
ColourPop,drugstore,7494889930834,change-me-mega-highlighter,Change Me,Mega Highlighter,highlighter,highlighter <- 'highlight' in product_type|title,False,False
ColourPop,drugstore,7494889898066,newborn-army-jelly-much-shadow,Newborn Army,Jelly Much Shadow,eyeshadow_single,eyeshadow_single <- 'shadow' in product_type|title,False,False
ColourPop,drugstore,7494889832530,cullen-coven-jelly-much-shadow,Cullen Coven,Jelly Much Shadow,eyeshadow_single,eyeshadow_single <- 'shadow' in product_type|title,False,False
ColourPop,drugstore,7494889799762,new-love-lippie-stix,New Love,Lippie Stix,unclassified,no §7 rule matched,False,False
ColourPop,drugstore,7494889766994,opposites-attract-lippie-stix,Opposites Attract,Lippie Stix,unclassified,no §7 rule matched,False,False
ColourPop,drugstore,7494889701458,eclipse-shadow-palette,Eclipse,Shadow Palette,eyeshadow_palette,eyeshadow_palette <- 'shadow palette' in product_type|title,False,False
ColourPop,drugstore,7515371536466,sorry-not-sorry-blush-ugl-set,Sorry Not Sorry,Blush + UGL Set,excluded,excluded by the set/kit/tool/non-makeup word list,False,False
ColourPop,drugstore,7494889177170,gloss-me-up-ultra-glossy-lip-set,Gloss Me Up,Ultra Glossy Lip Set,excluded,excluded by the set/kit/tool/non-makeup word list,False,False
ColourPop,drugstore,7494888882258,all-eyes-on-me-shadow-stix-set,All Eyes On Me,Shadow Stix Set,excluded,excluded by the set/kit/tool/non-makeup word list,False,False
ColourPop,drugstore,7494888456274,cuter-than-cupid-super-shock-blush,Cuter than Cupid,Super Shock Blush,powder_blush,powder_blush <- 'blush' in product_type|title,False,False
ColourPop,drugstore,7494888030290,love-at-first-swipe-shadow-stix,Love At First Swipe,Shadow Stix,eyeshadow_single,eyeshadow_single <- 'shadow stix' in product_type|title,False,False
ColourPop,drugstore,7494887931986,for-your-eyes-only-shadow-stix,For Your Eyes Only,Shadow Stix,eyeshadow_single,eyeshadow_single <- 'shadow stix' in product_type|title,False,False
ColourPop,drugstore,7494887899218,still-that-girl-ultra-glossy-lip,Still That Girl,Ultra Glossy Lip,unclassified,no §7 rule matched,False,False
ColourPop,drugstore,7494887866450,your-new-obsession-ultra-glossy-lip,Your New Obsession,Ultra Glossy Lip,unclassified,no §7 rule matched,False,False
ColourPop,drugstore,7494887800914,2-die-4-ultra-glossy-lip,2 Die 4,Ultra Glossy Lip,unclassified,no §7 rule matched,False,False
ColourPop,drugstore,7494887735378,heart-to-get-shadow-palette,Heart to Get,Shadow Palette,eyeshadow_palette,eyeshadow_palette <- 'shadow palette' in product_type|title,False,False
ColourPop,drugstore,7516078145618,sugar-lips,Sugar Lips,Fresh Kiss Glossy Balm,unclassified,no §7 rule matched,False,False
ColourPop,drugstore,1499434287186,cool-cocoa-pencil,Cool Cocoa Pencil,Brow Pencil,brow,brow <- 'brow' in product_type|title,False,True
ColourPop,drugstore,1499430158418,champagne-blonde-pencil,Champagne Blonde Pencil,Brow Pencil,brow,brow <- 'brow' in product_type|title,False,True
ColourPop,drugstore,7142098311,dope-taupe-pencil,Dope Taupe Pencil,Brow Pencil,brow,brow <- 'brow' in product_type|title,False,True
ColourPop,drugstore,7141962439,black-n-brown-pencil,Black N' Brown Pencil,Brow Pencil,brow,brow <- 'brow' in product_type|title,False,True
ColourPop,drugstore,7141921351,bangin-brunette-pencil,Bangin' Brunette Pencil,Brow Pencil,brow,brow <- 'brow' in product_type|title,False,True
ColourPop,drugstore,7494887506002,clear-brow-boss-gel,Clear,Brow Boss Gel,brow,brow <- 'brow' in product_type|title,False,False
ColourPop,drugstore,7494887473234,soft-black-brow-boss-pencil,Soft Black,Brow Boss Pencil,brow,brow <- 'brow' in product_type|title,False,False
ColourPop,drugstore,7494887440466,ash-brown-brow-boss-pencil,Ash Brown,Brow Boss Pencil,brow,brow <- 'brow' in product_type|title,False,False
ColourPop,drugstore,7494887407698,dark-brown-brow-boss-pencil,Dark Brown,Brow Boss Pencil,brow,brow <- 'brow' in product_type|title,False,False
ColourPop,drugstore,7494887342162,brunette-brow-boss-pencil,Brunette,Brow Boss Pencil,brow,brow <- 'brow' in product_type|title,False,False
ColourPop,drugstore,7494887276626,light-brown-brow-boss-pencil,Light Brown,Brow Boss Pencil,brow,brow <- 'brow' in product_type|title,False,False
ColourPop,drugstore,7494887211090,taupe-brow-boss-pencil,Taupe,Brow Boss Pencil,brow,brow <- 'brow' in product_type|title,False,False
ColourPop,drugstore,7494887178322,blonde-brow-boss-pencil,Blonde,Brow Boss Pencil,brow,brow <- 'brow' in product_type|title,False,False
ColourPop,drugstore,7513485475922,heavenly-nudes-trio-cloud-whip-liquid-lipstick,Heavenly Nudes,Lip Trio,excluded,excluded by the set/kit/tool/non-makeup word list,False,False
ColourPop,drugstore,7513485443154,petal-plush-trio-cloud-whip-liquid-lipstick,Petal Plush,Lip Trio,excluded,excluded by the set/kit/tool/non-makeup word list,False,False
ColourPop,drugstore,7513485344850,cloud-crushin-trio-cloud-whip-liquid-lipstick,Cloud Crushin,Lip Trio,excluded,excluded by the set/kit/tool/non-makeup word list,False,False
ColourPop,drugstore,7513485279314,mocha-plum-duo-cloud-whip-liquid-lipstick,Mocha Plum,Lip Ombre Duo,excluded,excluded by the set/kit/tool/non-makeup word list,False,False
ColourPop,drugstore,7513485213778,sunset-smooch-duo-cloud-whip-liquid-lipstick,Sunset Smooch,Lip Ombre Duo,excluded,excluded by the set/kit/tool/non-makeup word list,False,False
ColourPop,drugstore,7513485181010,petal-cloud-duo-cloud-whip-liquid-lipstick,Petal Cloud,Lip Ombre Duo,excluded,excluded by the set/kit/tool/non-makeup word list,False,False
ColourPop,drugstore,7513484820562,cloud-kissed-full-collection-cloud-whip-liquid-lipstick,Cloud Kissed,Full Collection Set,excluded,excluded by the set/kit/tool/non-makeup word list,False,False
ColourPop,drugstore,7494884655186,storm-cloud-cloud-whip-liquid-lipstick,Storm Cloud,Cloud Whip Blurring Liquid Lipstick,liquid_lipstick,liquid_lipstick <- 'liquid lip' in product_type|title,False,False
ColourPop,drugstore,7494884032594,pretty-aura-cloud-whip-liquid-lipstick,Pretty Aura,Cloud Whip Blurring Liquid Lipstick,liquid_lipstick,liquid_lipstick <- 'liquid lip' in product_type|title,False,False
ColourPop,drugstore,7494883147858,so-dreamy-cloud-whip-liquid-lipstick,So Dreamy,Cloud Whip Blurring Liquid Lipstick,liquid_lipstick,liquid_lipstick <- 'liquid lip' in product_type|title,False,False
ColourPop,drugstore,7494882558034,mile-high-cloud-whip-liquid-lipstick,Mile High,Cloud Whip Blurring Liquid Lipstick,liquid_lipstick,liquid_lipstick <- 'liquid lip' in product_type|title,False,False
ColourPop,drugstore,7494881902674,on-cloud-9-cloud-whip-liquid-lipstick,On Cloud 9,Cloud Whip Blurring Liquid Lipstick,liquid_lipstick,liquid_lipstick <- 'liquid lip' in product_type|title,False,False
ColourPop,drugstore,7494880952402,in-a-haze-cloud-whip-liquid-lipstick,In a Haze,Cloud Whip Blurring Liquid Lipstick,liquid_lipstick,liquid_lipstick <- 'liquid lip' in product_type|title,False,False
ColourPop,drugstore,7494880067666,candy-floss-cloud-whip-liquid-lipstick,Candy Floss,Cloud Whip Blurring Liquid Lipstick,liquid_lipstick,liquid_lipstick <- 'liquid lip' in product_type|title,False,False
ColourPop,drugstore,7494879150162,cloudy-hour-cloud-whip-liquid-lipstick,Cloudy Hour,Cloud Whip Blurring Liquid Lipstick,liquid_lipstick,liquid_lipstick <- 'liquid lip' in product_type|title,False,False
ColourPop,drugstore,7494878265426,skys-the-limit-cloud-whip-liquid-lipstick,Sky's the Limit,Cloud Whip Blurring Liquid Lipstick,liquid_lipstick,liquid_lipstick <- 'liquid lip' in product_type|title,False,False
ColourPop,drugstore,7494877839442,what-the-fluff-cloud-whip-liquid-lipstick,What the Fluff,Cloud Whip Blurring Liquid Lipstick,liquid_lipstick,liquid_lipstick <- 'liquid lip' in product_type|title,False,False
ColourPop,drugstore,7494877446226,floating-on-air-cloud-whip-liquid-lipstick,Floating on Air,Cloud Whip Blurring Liquid Lipstick,liquid_lipstick,liquid_lipstick <- 'liquid lip' in product_type|title,False,False
ColourPop,drugstore,7494876692562,fluffing-cute-cloud-whip-liquid-lipstick,Fluffing Cute,Cloud Whip Blurring Liquid Lipstick,liquid_lipstick,liquid_lipstick <- 'liquid lip' in product_type|title,False,False
ColourPop,drugstore,7505764515922,beautiful-belle-lip-mask-ultra-glossy-lip-set,Beautiful Belle,Belle Lip Mask & UGL,excluded,excluded by the set/kit/tool/non-makeup word list,False,False
ColourPop,drugstore,7505764450386,princess-pout-ultra-glossy-lip-set,Princess Pout X ColourPop,Full Collection Set,excluded,excluded by the set/kit/tool/non-makeup word list,False,False
ColourPop,drugstore,7494870106194,courageous-rapunzel-ultra-glossy-lip,Courageous Rapunzel,Ultra Glossy Lip,unclassified,no §7 rule matched,False,False
ColourPop,drugstore,7494869221458,mademoiselle-belle-ultra-glossy-lip,Mademoiselle Belle,Ultra Glossy Lip,unclassified,no §7 rule matched,False,False
ColourPop,drugstore,7494868467794,bright-ariel-ultra-glossy-lip,Bright Ariel,Ultra Glossy Lip,unclassified,no §7 rule matched,False,False
Essence,drugstore,8249362677826,the-super-peptide-glossy-lip-treatment-pouch-set,the super peptide glossy lip treatment + pouch set,lip,excluded,excluded by the set/kit/tool/non-makeup word list,False,False
Essence,drugstore,8311636656194,club-soleil-lip-stain,club SOLEIL lip stain,lip,lipstick,lipstick <- 'lip stain' in product_type|title,False,False
Essence,drugstore,8311705501762,club-soleil-slim-lipstick,club SOLEIL slim lipstick,lips,lipstick,lipstick <- 'lipstick' in product_type|title,False,False
Essence,drugstore,8312422203458,club-soleil-gradient-lipgloss,club SOLEIL gradient lipgloss,lips,lip_gloss,lip_gloss <- 'lipgloss' in product_type|title,False,False
Essence,drugstore,8312449761346,club-soleil-mix-match-charms,club SOLEIL mix & match charms,limited edition,unclassified,no §7 rule matched,False,False
Essence,drugstore,8312473518146,club-soleil-cream-to-powder-blush-01-guava-sunset,club SOLEIL cream to powder blush,blush,excluded,excluded by the set/kit/tool/non-makeup word list,False,False
Essence,drugstore,8312504549442,club-soleil-gradient-highlighter,club SOLEIL gradient highlighter,face,highlighter,highlighter <- 'highlight' in product_type|title,False,False
Essence,drugstore,8312568021058,club-soleil-eyeshadow-palette,club SOLEIL eyeshadow palette,eye,eyeshadow_palette,eyeshadow_palette <- 'eyeshadow palette' in product_type|title,False,False
Essence,drugstore,8268617482306,ciao-blushlighter,Ciao! blushlighter,blush,powder_blush,powder_blush <- 'blush' in product_type|title,False,False
Essence,drugstore,8269881802818,ciao-concealer-sponges,Ciao! concealer sponges,face,concealer,concealer <- 'concealer' in product_type|title,False,False
Essence,drugstore,8274224283714,ciao-sunglasses-pouch,Ciao! sunglasses pouch,limited edition,excluded,excluded by the set/kit/tool/non-makeup word list,False,False
Essence,drugstore,8274296930370,ciao-lip-balm,Ciao! lip balm,lip,lipstick,lipstick <- 'lip balm' in product_type|title,False,False
Essence,drugstore,8274305515586,ciao-lip-oil-roll-on,Ciao! lip oil roll-on,lip,excluded,excluded by the set/kit/tool/non-makeup word list,False,False
Essence,drugstore,8265549185090,soft-touch-mousse-blush,soft touch mousse blush,blush,cream_blush,cream_blush <- 'mousse blush' in product_type|title,False,False
Essence,drugstore,8263664566338,banana-loose-powder,BANANA LOOSE POWDER,face,setting_powder,setting_powder <- 'loose powder' in product_type|title,False,False
Essence,drugstore,8247572332610,juicy-bomb-shiny-lipgloss-set,JUICY BOMB shiny lipgloss set,lip,excluded,excluded by the set/kit/tool/non-makeup word list,False,False
Essence,drugstore,8247595532354,the-game-edit-lipgloss,THE game EDIT lipgloss,lips,lip_gloss,lip_gloss <- 'lipgloss' in product_type|title,False,False
Essence,drugstore,8247634165826,the-game-edit-fixing-spray,THE game EDIT fixing spray,face,setting_spray,setting_spray <- 'fixing spray' in product_type|title,False,False
Essence,drugstore,8249133727810,the-game-edit-lip-balm,THE game EDIT lip balm,lips,lipstick,lipstick <- 'lip balm' in product_type|title,False,False
Essence,drugstore,8249159843906,the-game-edit-lash-brow-styler,THE game EDIT lash & brow styler,eye,excluded,excluded by the set/kit/tool/non-makeup word list,False,False
Essence,drugstore,8249166692418,the-game-edit-ph-reacting-cheek-balm,THE game EDIT ph-reacting cheek balm,face,unclassified,no §7 rule matched,False,False
Essence,drugstore,8249312084034,the-game-edit-blurring-lip-pen,THE game EDIT blurring lip pen,lip,lip_liner,lip_liner <- 'lip pen' in product_type|title,False,False
Essence,drugstore,8249350520898,the-game-edit-fix-freeze-brow-gel,THE game EDIT fix & freeze brow gel,eye,brow,brow <- 'brow' in product_type|title,False,False
Essence,drugstore,8249356058690,the-game-edit-hair-band-duo,THE game EDIT hair band duo,hair,excluded,excluded by the set/kit/tool/non-makeup word list,False,False
Essence,drugstore,7601708335170,lashes-to-impress,LASHES TO IMPRESS,eye,excluded,excluded by the set/kit/tool/non-makeup word list,False,False
Essence,drugstore,8223339741250,balm-of-sunshine-face-body-glow-balm,BALM OF sunshine FACE & BODY glow balm,face,excluded,excluded by the set/kit/tool/non-makeup word list,False,False
Essence,drugstore,8221892608066,glowcerin-glycerin-lip-treatment,GLOWcerin glycerin lip treatment,lips,unclassified,no §7 rule matched,False,False
Essence,drugstore,8222351884354,sun-club-matte-bronzing-palette,SUN CLUB MATTE BRONZING PALETTE,face,bronzer,bronzer <- 'bronzing' in product_type|title,False,False
Essence,drugstore,8222399037506,silky-blur-translucent-loose-setting-powder,silky BLUR TRANSLUCENT LOOSE SETTING POWDER,face,setting_powder,setting_powder <- 'translucent' in product_type|title,False,False
Essence,drugstore,8223377752130,glow-like-honey-dewy-primer,glow like HONEY DEWY PRIMER,face,primer,primer <- 'primer' in product_type|title,False,False
Essence,drugstore,8223413174338,poutline-soft-glide-lip-pencil,POUTline soft glide LIP PENCIL,lip,lip_liner,lip_liner <- 'lip pencil' in product_type|title,False,False
Essence,drugstore,8226965782594,what-the-fake-plumping-lipgloss,what the fake! PLUMPING LIPGLOSS,lips,lip_gloss,lip_gloss <- 'plumping' in product_type|title,False,False
Essence,drugstore,8227054944322,dulce-de-leche-bomb-shiny-lipgloss,DULCE de leche BOMB shiny lipgloss,lip,lip_gloss,lip_gloss <- 'lipgloss' in product_type|title,False,False
Essence,drugstore,8227923722306,microblading-brow-brush-liner,microblading brow brush liner,brows,excluded,excluded by the set/kit/tool/non-makeup word list,False,False
Essence,drugstore,8227968909378,blur-souffle-matte-lip-cream,BLUR soufflé matte lip cream,lip,excluded,excluded by the set/kit/tool/non-makeup word list,False,False
Essence,drugstore,8228094738498,kabuki-buffer-brush,kabuki buffer brush,brush,excluded,excluded by the set/kit/tool/non-makeup word list,False,False
Essence,drugstore,8230615384130,glow-like-honey-serum-spray,glow like HONEY SERUM SPRAY,face,excluded,excluded by the set/kit/tool/non-makeup word list,False,False
Essence,drugstore,8230658113602,radiant-light-face-palette,RADIANT LIGHT face palette,face,unclassified,no §7 rule matched,False,False
Essence,drugstore,8230792822850,the-mauve-edition-mini-eyeshadow-palette,the MAUVE edition mini eyeshadow palette,eye,eyeshadow_palette,eyeshadow_palette <- 'eyeshadow palette' in product_type|title,False,False
Essence,drugstore,8231384645698,mono-eyeshadow-pearly,mono eyeshadow pearly,eye,eyeshadow_single,eyeshadow_single <- 'eyeshadow' in product_type|title,False,False
Essence,drugstore,8231402078274,mono-eyeshadow-glitter,mono eyeshadow glitter,eye,eyeshadow_single,eyeshadow_single <- 'eyeshadow' in product_type|title,False,False
Essence,drugstore,8231415709762,the-nude-edition-mini-eyeshadow-palette,the NUDE edition mini eyeshadow palette,eye,eyeshadow_palette,eyeshadow_palette <- 'eyeshadow palette' in product_type|title,False,False
Essence,drugstore,8231421771842,the-peach-edition-mini-eyeshadow-palette,the PEACH edition mini eyeshadow palette,eye,eyeshadow_palette,eyeshadow_palette <- 'eyeshadow palette' in product_type|title,False,False
Essence,drugstore,8231429800002,the-rose-edition-mini-eyeshadow-palette,the ROSE edition mini eyeshadow palette,eye,eyeshadow_palette,eyeshadow_palette <- 'eyeshadow palette' in product_type|title,False,False
Essence,drugstore,8231619592258,i-love-extreme-crazy-volume-mascara-waterproof-brown,I LOVE EXTREME crazy volume mascara waterproof brown,eye,mascara,mascara <- 'mascara' in product_type|title,False,False
Essence,drugstore,8231676641346,what-the-length-extreme-lengthening-mascara-waterproof,what the length! extreme lengthening mascara waterproof,eye,mascara,mascara <- 'mascara' in product_type|title,False,False
Essence,drugstore,8231712784450,mono-eyeshadow-matte,mono eyeshadow matte,eye,eyeshadow_single,eyeshadow_single <- 'eyeshadow' in product_type|title,False,False
Essence,drugstore,8231738867778,lash-without-limits-tubing-brown-extreme-lengthening-volume-mascara,lash WITHOUT LIMITS TUBING BROWN EXTREME LENGTHENING & VOLUME MASCARA,eye,excluded,excluded by the set/kit/tool/non-makeup word list,False,False
Essence,drugstore,8231756365890,the-grey-edition-mini-eyeshadow-palette,the GREY edition mini eyeshadow palette,eye,eyeshadow_palette,eyeshadow_palette <- 'eyeshadow palette' in product_type|title,False,False
Essence,drugstore,8231771963458,the-brown-edition-mini-eyeshadow-palette,the BROWN edition mini eyeshadow palette,eye,brow,brow <- 'brow' in product_type|title,False,False
Essence,drugstore,8232958787650,what-the-length-extreme-lengthening-mascara-black,what the length! extreme lengthening mascara black,eye,mascara,mascara <- 'mascara' in product_type|title,False,False
Essence,drugstore,7724235882562,mystery-box-makeup-set,mystery box makeup set,,excluded,excluded by the set/kit/tool/non-makeup word list,False,False
Essence,drugstore,7733346598978,the-super-peptide-glossy-lip-butter-set,The super peptide glossy lip butter set,lip,excluded,excluded by the set/kit/tool/non-makeup word list,False,False
Essence,drugstore,7724212158530,everybunny-needs-somebunny-lip-balm,EVERYBUNNY needs SOMEBUNNY lip balm,lip,lipstick,lipstick <- 'lip balm' in product_type|title,False,False
Essence,drugstore,7274166386754,natural-matte-mousse-foundation,NATURAL MATTE MOUSSE FOUNDATION,face,foundation,foundation <- 'foundation' in product_type|title,False,False
Essence,drugstore,7671645339714,crystal-crush-face-brush,CRYSTAL CRUSH face brush,brush,excluded,excluded by the set/kit/tool/non-makeup word list,False,False
Essence,drugstore,7671648682050,crystal-crush-hair-jewels,CRYSTAL CRUSH hair jewels,hair,unclassified,no §7 rule matched,False,False
Essence,drugstore,7671718740034,crystal-crush-mix-match-face-jewels,CRYSTAL CRUSH mix & match face jewels,tools,excluded,excluded by the set/kit/tool/non-makeup word list,False,False
Essence,drugstore,7671785193538,crystal-crush-dewy-highlighter-cream,CRYSTAL CRUSH dewy highlighter cream,face,excluded,excluded by the set/kit/tool/non-makeup word list,False,False
Essence,drugstore,7671815143490,crystal-crush-lip-glow,CRYSTAL CRUSH lip glow,lip,unclassified,no §7 rule matched,False,False
Essence,drugstore,7671868489794,crystal-crush-eye-face-palette,CRYSTAL CRUSH eye & face palette,limited edition,unclassified,no §7 rule matched,False,False
Essence,drugstore,7671908401218,crystal-crush-lipgloss,CRYSTAL CRUSH lipgloss,lips,lip_gloss,lip_gloss <- 'lipgloss' in product_type|title,False,False
Essence,drugstore,7671957585986,kiss-bomb-shiny-lipgloss-lip-balm,KISS BOMB shiny lipgloss & lip balm,lips,lip_gloss,lip_gloss <- 'lipgloss' in product_type|title,False,False
Essence,drugstore,7684653416514,aqua-jelly-colour-changing-lipstick,AQUA JELLY COLOUR CHANGING LIPSTICK,lip,lipstick,lipstick <- 'lipstick' in product_type|title,False,False
Essence,drugstore,7656992079938,the-nude-edition-eye-set,the NUDE edition eye set,eye,excluded,excluded by the set/kit/tool/non-makeup word list,False,False
Essence,drugstore,7656935391298,toffee-talk-brown-lip-set,toffee talk brown lip set,lips,excluded,excluded by the set/kit/tool/non-makeup word list,False,False
Essence,drugstore,7593451782210,soft-baked-blush,soft BAKED BLUSH,blush,powder_blush,powder_blush <- 'blush' in product_type|title,False,False
Essence,drugstore,7595235508290,silky-blur-hydrating-longwear-concealer,silky BLUR HYDRATING LONGWEAR CONCEALER,eye,concealer,concealer <- 'concealer' in product_type|title,False,False
Essence,drugstore,7595280957506,what-a-tint-staining-lip-cheek-tint,WHAT A TINT! staining lip & cheek tint,face,unclassified,no §7 rule matched,False,False
Essence,drugstore,7595348918338,soft-touch-bouncy-glow,soft TOUCH BOUNCY GLOW,face,unclassified,no §7 rule matched,False,False
Essence,drugstore,7595667390530,the-rose-edition-eyeshadow-palette,the ROSE edition eyeshadow palette,eye,eyeshadow_palette,eyeshadow_palette <- 'eyeshadow palette' in product_type|title,False,False
Essence,drugstore,7598633549890,satin-blend-gel-eyeliner,SATIN BLEND gel eyeliner,eye,out_of_scope,out of scope <- 'eyeliner' (not a §7 category),False,False
Essence,drugstore,7600249864258,essence-cream-eyeshadow,cream eyeshadow,eye,excluded,excluded by the set/kit/tool/non-makeup word list,False,False
Essence,drugstore,7601280319554,jelly-grip-extreme-hydrating-primer,JELLY GRIP EXTREME HYDRATING PRIMER,primer,primer,primer <- 'primer' in product_type|title,False,False
Essence,drugstore,7601703977026,hydra-kiss-lip-tint,hydra kiss LIP TINT,lip,lipstick,lipstick <- 'lip tint' in product_type|title,False,False
Essence,drugstore,7601740513346,lash-glue,lash glue,eye,excluded,excluded by the set/kit/tool/non-makeup word list,False,False
Essence,drugstore,7602105286722,the-nude-edition-eyeshadow-palette,the NUDE edition eyeshadow palette,eye,eyeshadow_palette,eyeshadow_palette <- 'eyeshadow palette' in product_type|title,False,False
Essence,drugstore,7603933151298,brow-lift-freeze-glue,brow lift & freeze glue,brows,brow,brow <- 'brow' in product_type|title,False,False
Essence,drugstore,7603940360258,all-about-soft-glow-fixing-compact-powder-waterproof,soft glow! fixing compact powder waterproof,face,pressed_powder,pressed_powder <- 'compact powder' in product_type|title,False,False
Essence,drugstore,7603953991746,soft-touch-bouncy-blush,soft TOUCH BOUNCY BLUSH,blush,powder_blush,powder_blush <- 'blush' in product_type|title,False,False
Essence,drugstore,7603958808642,line-n-stain-tattoo-lip-liner,line n' STAIN! TATTOO LIP LINER,lips,lip_liner,lip_liner <- 'lip liner' in product_type|title,False,False
Essence,drugstore,7605335523394,soft-touch-butter-bronzer,soft TOUCH BUTTER BRONZER,face,bronzer,bronzer <- 'bronzer' in product_type|title,False,False
Essence,drugstore,7605399093314,gel-nail-polish-40-my-butter-half,gel nail polish,nail,excluded,excluded by the set/kit/tool/non-makeup word list,False,False
Essence,drugstore,7618337308738,top-gloss-top-coat,TOP GLOSS top coat,nail,excluded,excluded by the set/kit/tool/non-makeup word list,False,False
Essence,drugstore,7618348286018,chili-bomb-shiny-lipgloss,CHILI BOMB shiny lipgloss,lip,lip_gloss,lip_gloss <- 'lipgloss' in product_type|title,False,False
Essence,drugstore,7618356478018,choco-bomb-shiny-lipgloss,CHOCO BOMB shiny lipgloss,lip,lip_gloss,lip_gloss <- 'lipgloss' in product_type|title,False,False
Essence,drugstore,7566649491522,lash-princess-slim-brush-long-curl-mascara-waterproof,Lash Princess Slim Brush Mascara,eye,excluded,excluded by the set/kit/tool/non-makeup word list,False,False
Essence,drugstore,7498798170178,polly-pocket-lip-glaze,Polly Pocket™ X essence lip glaze,lip,unclassified,no §7 rule matched,False,False
Essence,drugstore,1900495077442,i-love-extreme-crazy-volume-mascara,i love extreme crazy volume mascara,eye,mascara,mascara <- 'mascara' in product_type|title,False,False
Essence,drugstore,7554284814402,feel-good-club-look-set,FEEL GOOD CLUB look set,face,excluded,excluded by the set/kit/tool/non-makeup word list,False,False
Essence,drugstore,7554859630658,bouncy-plump-smoothing-primer,bouncy PLUMP SMOOTHING PRIMER,face,primer,primer <- 'primer' in product_type|title,False,False
Essence,drugstore,7554893774914,jelly-grip-refreshing-aloe-spray,Jelly GRIP REFRESHING ALOE SPRAY,face,unclassified,no §7 rule matched,False,False
Essence,drugstore,7554903081026,bouncy-plump-hydrating-dewy-spray,bouncy PLUMP HYDRATING DEWY SPRAY,face,unclassified,no §7 rule matched,False,False
Essence,drugstore,7554918187074,jelly-grip-eyeshadow-primer,jelly GRIP EYESHADOW PRIMER,eye,primer,primer <- 'primer' in product_type|title,False,False
Essence,drugstore,7550882938946,get-the-glaze-whipped-lip-mask,get the glaze! whipped lip mask,lip,unclassified,no §7 rule matched,False,False
Essence,drugstore,7553780645954,get-the-glaze-freckle-tattoos,get the glaze! freckle tattoos,face,unclassified,no §7 rule matched,False,False
Essence,drugstore,7548749480002,cranberry-lip-oil-duo,CRANBERRY LIP OIL duo,lip,excluded,excluded by the set/kit/tool/non-makeup word list,False,False
Essence,drugstore,7555316711490,lash-princess-mascara-in-burgundy-purple,Lash Princess Mascara in Burgundy & Purple,eye,excluded,excluded by the set/kit/tool/non-makeup word list,False,False
Essence,drugstore,7553912045634,round-up-donation,Round Up Donation,sgdonation,unclassified,no §7 rule matched,False,False
Essence,drugstore,7540779450434,the-most-wonderful-kiss-of-the-year-hydra-kiss-lip-oil-set,the most wonderful kiss of the year hydra kiss LIP OIL set,lips,excluded,excluded by the set/kit/tool/non-makeup word list,False,False
Essence,drugstore,7546665828418,juicy-balm-gift-set,Juicy Bomb Glossy Butter Balm Gift Set,lips,excluded,excluded by the set/kit/tool/non-makeup word list,False,False
Essence,drugstore,7546682015810,extreme-shine-gift-set,Extreme Shine Gift Set,lips,excluded,excluded by the set/kit/tool/non-makeup word list,False,False
Essence,drugstore,7540754415682,i-love-extreme-eye-set,I LOVE EXTREME eye set,eye,excluded,excluded by the set/kit/tool/non-makeup word list,False,False
Essence,drugstore,7525384945730,hydra-kiss-lip-oil-trio,hydra kiss LIP OIL trio,lip,excluded,excluded by the set/kit/tool/non-makeup word list,False,False
Essence,drugstore,7528752840770,lash-princess-lengthening-eye-set,Lash Princess lengthening Eye Set,eye,excluded,excluded by the set/kit/tool/non-makeup word list,False,False
Essence,drugstore,7499298668610,polly-pocket-scented-nail-stickers,Polly Pocket™ X essence scented nail stickers,nail,excluded,excluded by the set/kit/tool/non-makeup word list,False,False
Essence,drugstore,7498806624322,polly-pocket-highlighter,Polly Pocket™ X essence highlighter,face,highlighter,highlighter <- 'highlight' in product_type|title,False,False
Essence,drugstore,7498808590402,polly-pocket-hair-comb,Polly Pocket™ X essence hair comb,hair,unclassified,no §7 rule matched,False,False
Essence,drugstore,7498344988738,aloha-babes-liquid-blush,"aloha, babes! liquid blush",blush,liquid_blush,liquid_blush <- 'liquid blush' in product_type|title,False,False
Essence,drugstore,7474058330178,drop-of-sunshine-highlighting-drops,DROP OF sunshine HIGHLIGHTING DROPS,face,highlighter,highlighter <- 'highlight' in product_type|title,False,False
Essence,drugstore,7495788265538,juicy-bomb-party-makeup-bag,JUICY BOMB PARTY makeup bag,limited edition,excluded,excluded by the set/kit/tool/non-makeup word list,False,False
Essence,drugstore,7493655330882,juicy-bomb-party-makeup-sponges,JUICY BOMB PARTY makeup sponges,limited edition,unclassified,no §7 rule matched,False,False
Essence,drugstore,7493656346690,juicy-bomb-party-jelly-blush,JUICY BOMB PARTY jelly blush,blush,cream_blush,cream_blush <- 'jelly blush' in product_type|title,False,False
Essence,drugstore,7495201816642,juicy-bomb-party-face-wash-head-wrist-bands,JUICY BOMB PARTY face wash head & wrist bands,hair,unclassified,no §7 rule matched,False,False
Essence,drugstore,7495618134082,juicy-bomb-party-lip-oil,JUICY BOMB PARTY lip oil,lips,excluded,excluded by the set/kit/tool/non-makeup word list,False,False
Essence,drugstore,7495628914754,juicy-bomb-party-jumbo-lipgloss,JUICY BOMB PARTY jumbo lipgloss,lip,lip_gloss,lip_gloss <- 'lipgloss' in product_type|title,False,False
Essence,drugstore,7495670235202,juicy-bomb-party-shiny-lipgloss,JUICY BOMB PARTY shiny lipgloss,lips,lip_gloss,lip_gloss <- 'lipgloss' in product_type|title,False,False
Essence,drugstore,7495704019010,essence-juicy-bomb-party-shower-gel,essence JUICY BOMB PARTY shower gel,body,excluded,excluded by the set/kit/tool/non-makeup word list,False,False
Essence,drugstore,7474601295938,birthday-bomb-shiny-lipgloss,BIRTHDAY BOMB shiny lipgloss,lip,lip_gloss,lip_gloss <- 'lipgloss' in product_type|title,False,False
Essence,drugstore,7477382512706,so-cherry-happy-cherry-scented-nail-stickers,SO CHERRY happy cherry scented nail stickers,Nail,excluded,excluded by the set/kit/tool/non-makeup word list,False,False
Essence,drugstore,7473970839618,baby-got-diamond-highlighter-stick,BABY GOT DIAMOND highlighter stick,face,highlighter,highlighter <- 'highlight' in product_type|title,False,False
Essence,drugstore,7474619744322,juicy-bomb-body-mist,JUICY BOMB body mist,body,excluded,excluded by the set/kit/tool/non-makeup word list,False,False
Essence,drugstore,7471525560386,foundation-stick,FOUNDATION stick,face,foundation,foundation <- 'foundation' in product_type|title,False,False
Essence,drugstore,7473964646466,brow-powder-duo-set,brow powder duo set,brows,excluded,excluded by the set/kit/tool/non-makeup word list,False,False
Essence,drugstore,7474359304258,spot-squad-pimple-patches,spot squad PIMPLE PATCHES,face,unclassified,no §7 rule matched,False,False
Essence,drugstore,7474874482754,baby-got-glaze-balm-stick,BABY GOT GLAZE balm stick,face,unclassified,no §7 rule matched,False,False
Essence,drugstore,7474997166146,lash-without-limits-waterproof-extreme-lengthening-volume-mascara,lash WITHOUT LIMITS WATERPROOF EXTREME LENGTHENING & VOLUME MASCARA,mascara,excluded,excluded by the set/kit/tool/non-makeup word list,False,False
Essence,drugstore,7475009683522,lash-without-limits-tubing-extreme-lengthening-volume-mascara,lash WITHOUT LIMITS TUBING Extreme Lengthening & Volume Mascara,mascara,excluded,excluded by the set/kit/tool/non-makeup word list,False,False
Essence,drugstore,7476719321154,baby-got-holo-glow-highlighter-stick,BABY GOT HOLO GLOW highlighter stick,face,highlighter,highlighter <- 'highlight' in product_type|title,False,False
Essence,drugstore,7476717748290,jelly-jewels-glitter-eyeshadow-topper,JELLY JEWELS glitter eyeshadow topper,eye,eyeshadow_single,eyeshadow_single <- 'eyeshadow' in product_type|title,False,False
Essence,drugstore,7477329625154,jelly-grip-undereye-primer-stick,jelly GRIP undereye primer stick,eye,primer,primer <- 'primer' in product_type|title,False,False
Essence,drugstore,7460115710018,lash-princess-false-lash-mascara-in-a-3-pack,Lash Princess False Lash Mascara 3 pack,,excluded,excluded by the set/kit/tool/non-makeup word list,False,False
Essence,drugstore,7448873369666,fabowlous-nail-stickers,FaBOWlous nail stickers,,excluded,excluded by the set/kit/tool/non-makeup word list,False,False
Essence,drugstore,7448884936770,fabowlous-hair-bows,FaBOWlous hair bows,hair,unclassified,no §7 rule matched,False,False
Essence,drugstore,7460523540546,lash-princess-curl-mascara-3-pack,lash princess curl mascara 3 pack,,excluded,excluded by the set/kit/tool/non-makeup word list,False,False
Essence,drugstore,7460533534786,bye-bye-panda-eyes-smudge-proof-volumizing-and-defining-mascara-3-pack,bye bye panda eyes! smudge-proof volumizing and defining mascara 3 pack,,mascara,mascara <- 'mascara' in product_type|title,False,False
Essence,drugstore,7460520394818,lash-princess-false-lash-effect-mascara-waterproof-3-pack,lash princess false lash effect mascara waterproof 3 pack,,excluded,excluded by the set/kit/tool/non-makeup word list,False,False
Essence,drugstore,7426663186498,its-bubble-gum-fun-bouncy-blush,it's Bubble Gum fun bouncy blush,blush,powder_blush,powder_blush <- 'blush' in product_type|title,False,False
Essence,drugstore,7426710077506,its-bubble-gum-fun-shiny-lipgloss,it's Bubble Gum fun shiny lipgloss,lips,lip_gloss,lip_gloss <- 'lipgloss' in product_type|title,False,False
Essence,drugstore,6737952899138,cranberry-lip-oil-01,CRANBERRY LIP OIL,lip,excluded,excluded by the set/kit/tool/non-makeup word list,False,False
Essence,drugstore,7420294103106,juicy-melon-tinted-lip-cheek-balm,JUICY MELON tinted lip & cheek balm,lip,unclassified,no §7 rule matched,False,False
Essence,drugstore,7420271493186,quick-wing-stamp-eyeliner,Quick Wing! stamp eyeliner,eye,out_of_scope,out of scope <- 'eyeliner' (not a §7 category),False,False
Essence,drugstore,7420245737538,correct-conceal-under-eye-brightening-concealer,CORRECT & CONCEAL under eye brightening concealer,face,concealer,concealer <- 'concealer' in product_type|title,False,False
Essence,drugstore,7420242526274,correct-conceal-anti-redness-concealer,CORRECT & CONCEAL anti redness concealer,face,concealer,concealer <- 'concealer' in product_type|title,False,False
Essence,drugstore,7420220801090,contouring-duo-stick,CONTOURING duo stick,face,excluded,excluded by the set/kit/tool/non-makeup word list,False,False
Essence,drugstore,7386168164418,baby-got-bronze-liquid-bronzer,BABY GOT BRONZE liquid bronzer,face,bronzer,bronzer <- 'bronzer' in product_type|title,False,False
Essence,drugstore,7386198179906,lash-princess-liquid-liner,Lash PRINCESS LIQUID LINER,eye,excluded,excluded by the set/kit/tool/non-makeup word list,False,False
Essence,drugstore,7386234454082,i-love-extreme-blue-crazy-volume-mascara,I LOVE EXTREME BLUE crazy volume mascara,mascara,mascara,mascara <- 'mascara' in product_type|title,False,False
Essence,drugstore,7386340720706,call-me-queen-dramatic-false-lash-effect-mascara-waterproof,call me Queen dramatic false lash effect mascara waterproof,eye,excluded,excluded by the set/kit/tool/non-makeup word list,False,False
Essence,drugstore,7386358284354,fix-last-instant-matte-make-up-fixing-spray,fix & LAST instant MATTE MAKE-UP FIXING SPRAY,face,setting_spray,setting_spray <- 'fixing spray' in product_type|title,False,False
Essence,drugstore,7386369491010,fix-last-keep-it-perfect-make-up-fixing-spray,fix & LAST keep it PERFECT MAKE-UP FIXING SPRAY,face,setting_spray,setting_spray <- 'fixing spray' in product_type|title,False,False
Essence,drugstore,7386371981378,lash-princess-waterproof-eye-make-up-remover,Lash PRINCESS waterproof eye make-up remover,eye,excluded,excluded by the set/kit/tool/non-makeup word list,False,False
Essence,drugstore,7386390364226,flawless-skin-trio-loose-setting-powder,FLAWLESS SKIN trio loose setting powder,face,excluded,excluded by the set/kit/tool/non-makeup word list,False,False
Essence,drugstore,7386904920130,prime-like-a-pro-eyeshadow-base,PRIME LIKE A PRO EYESHADOW BASE,eye,eyeshadow_single,eyeshadow_single <- 'eyeshadow' in product_type|title,False,False
Essence,drugstore,7386397442114,fix-it-like-a-pro-transparent-brow-fixing-gel,FIX IT LIKE A PRO TRANSPARENT BROW FIXING GEL,brows,brow,brow <- 'brow' in product_type|title,False,False
Essence,drugstore,7387283259458,pout-protector-spf-20-lip-balm,pout PROTECTOR SPF 20 LIP BALM,lips,lipstick,lipstick <- 'lip balm' in product_type|title,False,False
Essence,drugstore,7387285291074,the-super-peptide-glossy-lip-treatment,the super peptide glossy lip treatment,lips,unclassified,no §7 rule matched,False,False
Essence,drugstore,7387300855874,drop-of-sunshine-bronzing-drops,DROP OF sunshine BRONZING DROPS,face,bronzer,bronzer <- 'bronzing' in product_type|title,False,False
Essence,drugstore,7397208260674,fix-last-18h-long-lasting-make-up-fixing-spray,fix & LAST 18h LONG-LASTING MAKE-UP FIXING SPRAY,face,setting_spray,setting_spray <- 'fixing spray' in product_type|title,False,False
Essence,drugstore,7354909982786,essence-juicy-bomb-glossy-butter-balm,JUICY BOMB glossy butter balm,lips,unclassified,no §7 rule matched,False,False
Essence,drugstore,7251798720578,blush-highlighter-brush,blush & highlighter brush,brush,excluded,excluded by the set/kit/tool/non-makeup word list,False,False
Essence,drugstore,7274636640322,all-about-matt-face-set,all about matt! face set,face,excluded,excluded by the set/kit/tool/non-makeup word list,False,False
Essence,drugstore,7238623756354,all-eye-need-eye-set,all eye need EYE SET,eye,excluded,excluded by the set/kit/tool/non-makeup word list,False,False
Essence,drugstore,7278530166850,lash-curler,lash curler,tools,excluded,excluded by the set/kit/tool/non-makeup word list,False,False
Essence,drugstore,7255775412290,eyeshadow-brush-3,eyeshadow brush,brush,excluded,excluded by the set/kit/tool/non-makeup word list,False,False
Essence,drugstore,7255711055938,eyeliner-brush,eyeliner brush,brush,excluded,excluded by the set/kit/tool/non-makeup word list,False,False
Essence,drugstore,7262012637250,meta-glow-multi-reflective-lipgloss,META GLOW MULTI-REFLECTIVE LIPGLOSS,lips,lip_gloss,lip_gloss <- 'lipgloss' in product_type|title,False,False
Essence,drugstore,7255668785218,brow-brush-1,brow lifting gel set,eye,excluded,excluded by the set/kit/tool/non-makeup word list,False,False
Essence,drugstore,7262169071682,stay-play-gel-eyeliner-pot,STAY & PLAY GEL EYELINER POT,eye,out_of_scope,out of scope <- 'eyeliner' (not a §7 category),False,False
Essence,drugstore,7263232524354,the-super-balm-glossy-lip-treatment,the super balm glossy lip treatment,lips,unclassified,no §7 rule matched,False,False
Essence,drugstore,7261930192962,make-up-baking-sponge,make up & baking sponge,tools,excluded,excluded by the set/kit/tool/non-makeup word list,False,False
Essence,drugstore,7261946216514,make-up-buffer-brush-1,make up buffer brush,brush,excluded,excluded by the set/kit/tool/non-makeup word list,False,False
Essence,drugstore,7262028038210,pencil-brush,pencil brush,brush,excluded,excluded by the set/kit/tool/non-makeup word list,False,False
Essence,drugstore,7262055006274,powder-brush,powder brush,brush,excluded,excluded by the set/kit/tool/non-makeup word list,False,False
Essence,drugstore,7255692378178,brow-spoolie,brow spoolie,tools,excluded,excluded by the set/kit/tool/non-makeup word list,False,False
Essence,drugstore,7254147432514,brow-brush,brow brush,brush,excluded,excluded by the set/kit/tool/non-makeup word list,False,False
Essence,drugstore,7251794821186,blending-brush,blending brush,brush,excluded,excluded by the set/kit/tool/non-makeup word list,False,False
Essence,drugstore,7254168272962,baby-got-blush-liquid-blush,BABY GOT BLUSH liquid blush,face,liquid_blush,liquid_blush <- 'liquid blush' in product_type|title,False,False
Essence,drugstore,7251644481602,all-in-one-blending-brush,all in one blending brush,brush,excluded,excluded by the set/kit/tool/non-makeup word list,False,False
Essence,drugstore,7262178148418,the-slim-stick,THE slim STICK,lips,unclassified,no §7 rule matched,False,False
Essence,drugstore,7255704862786,call-me-queen-dramatic-false-lash-effect-mascara,call me Queen dramatic false lash effect mascara,mascara,excluded,excluded by the set/kit/tool/non-makeup word list,False,False
Essence,drugstore,7101360373826,jelly-grip-hydrating-primer,Jelly Grip Hydrating Primer,primer,primer,primer <- 'primer' in product_type|title,False,False
Essence,drugstore,7048316649538,copy-of-hydra-kiss-lip-oil,Hydra Kiss Lip Oil,lip,excluded,excluded by the set/kit/tool/non-makeup word list,False,False
Essence,drugstore,6988887195714,juicy-bomb-shiny-lipgloss,JUICY BOMB Shiny Lipgloss,lip,lip_gloss,lip_gloss <- 'lipgloss' in product_type|title,False,False
Essence,drugstore,7045298028610,brow-former,Brow Former,eye,brow,brow <- 'brow' in product_type|title,False,False
Essence,drugstore,6988635799618,bright-eyes-under-eye-stick,Bright Eyes! Under Eye Stick,eye,unclassified,no §7 rule matched,False,False
Essence,drugstore,7002172293186,hello-good-stuff-pore-minimizing-serum,"Hello, Good Stuff! Pore Minimizing Serum",face,excluded,excluded by the set/kit/tool/non-makeup word list,False,False
Essence,drugstore,7002050723906,wow-what-a-brow-pen-waterproof,Wow What A Brow Pen Waterproof,,brow,brow <- 'brow' in product_type|title,False,False
Essence,drugstore,6988894470210,eyeliner-pen-extra-longlasting,Eyeliner Pen Extra Longlasting,eye,out_of_scope,out of scope <- 'eyeliner' (not a §7 category),False,False
Essence,drugstore,6988891193410,super-fine-liner-pen,Super Fine Liner Pen,eye,out_of_scope,out of scope <- 'liner' (not a §7 category),False,False
Essence,drugstore,6988886409282,dip-eyeliner,Dip Eyeliner,eye,out_of_scope,out of scope <- 'eyeliner' (not a §7 category),False,False
Essence,drugstore,7016444461122,curl-fixing-lash-base,Curl Fixing Lash Base,mascara,excluded,excluded by the set/kit/tool/non-makeup word list,False,False
Essence,drugstore,7016389574722,lash-without-limits-brown-extreme-lengthening-volume-mascara,Lash Without Limits Brown Extreme Lengthening & Volume Mascara,eye,excluded,excluded by the set/kit/tool/non-makeup word list,False,False
Essence,drugstore,6977253539906,lash-without-limits-extreme-lengthening-volume-mascara,Lash Without Limits Extreme Lengthening & Volume Mascara,eye,excluded,excluded by the set/kit/tool/non-makeup word list,False,False
Essence,drugstore,6977232732226,lash-princess-mascara-primer-extra-length-volume,Lash Princess Mascara Primer Extra Length & Volume,eye,excluded,excluded by the set/kit/tool/non-makeup word list,False,False
Essence,drugstore,7043166994498,brighten-up-banana-powder-1,BRIGHTEN UP! banana powder,face,pressed_powder,pressed_powder <- 'powder' in product_type|title,False,False
Essence,drugstore,6977241677890,lash-princess-false-lash-effect-mascara-black-brown,Lash Princess False Lash Effect Mascara Black Brown,eye,excluded,excluded by the set/kit/tool/non-makeup word list,False,False
Essence,drugstore,6686969462850,long-lasting-eye-pencil,long lasting eye pencil,eye,unclassified,no §7 rule matched,False,False
Essence,drugstore,6670858780738,eyebrow-designer,eyebrow designer,eye,brow,brow <- 'eyebrow' in product_type|title,False,False
Essence,drugstore,6921806807106,super-fine-brush-liner-waterproof,Super Fine Brush Liner Waterproof,eye,excluded,excluded by the set/kit/tool/non-makeup word list,False,False
Essence,drugstore,4318037377090,what-the-fake-volumizing-lengthening-mascara,what the fake! volumizing & lengthening mascara,eye,mascara,mascara <- 'mascara' in product_type|title,False,False
Essence,drugstore,1900495437890,volume-booster-lash-primer,volume booster lash primer,eye,excluded,excluded by the set/kit/tool/non-makeup word list,False,False
Essence,drugstore,2006664085570,volume-stylist-18hr-lash-extension-mascara,Volume Stylist 18h Lash Extension Mascara,eye,excluded,excluded by the set/kit/tool/non-makeup word list,False,False
Essence,drugstore,1900497174594,superfine-eyeliner-pen-waterproof,superfine eyeliner pen waterproof,eye,out_of_scope,out of scope <- 'eyeliner' (not a §7 category),False,False
Essence,drugstore,1900497240130,super-precise-eyeliner,super precise eyeliner,eye,out_of_scope,out of scope <- 'eyeliner' (not a §7 category),False,False
Essence,drugstore,1900497961026,pure-nude-sunlighter,pure nude sunlighter,face,unclassified,no §7 rule matched,False,False
Essence,drugstore,1900494520386,make-me-brow-eyebrow-gel-mascara,make me brow eyebrow gel mascara,eye,mascara,mascara <- 'mascara' in product_type|title,False,False
Essence,drugstore,1900494094402,lash-brow-gel-mascara,lash & brow gel mascara,eye,excluded,excluded by the set/kit/tool/non-makeup word list,False,False
Essence,drugstore,1900494782530,kajal-pencil,kajal pencil,eye,out_of_scope,out of scope <- 'kajal' (not a §7 category),False,False
Essence,drugstore,6748750184514,hello-good-stuff-glow-serum-primer,"Hello, Good Stuff! Glow Serum Primer",face,excluded,excluded by the set/kit/tool/non-makeup word list,False,False
Essence,drugstore,1900496519234,eyeliner-pen-waterproof,eyeliner pen waterproof,eye,out_of_scope,out of scope <- 'eyeliner' (not a §7 category),False,False
Essence,drugstore,6684689432642,double-trouble-mascara-extra-black,DOUBLE TROUBLE MASCARA,eye,mascara,mascara <- 'mascara' in product_type|title,False,False
Essence,drugstore,6740731854914,another-volume-mascara-just-better,Another Volume Mascara… Just Better!,eye,mascara,mascara <- 'mascara' in product_type|title,False,False
Essence,drugstore,1900499107906,all-about-matt-fixing-compact-powder,all about matt! fixing compact powder,face,pressed_powder,pressed_powder <- 'compact powder' in product_type|title,False,False
Essence,drugstore,6874362314818,8h-matte-comfort-lipliner,8H Matte Comfort Lipliner,lip,lip_liner,lip_liner <- 'lipliner' in product_type|title,False,False
Essence,drugstore,6921772924994,stay-play-gel-eyeliner,Stay & Play Gel Eyeliner,eye,out_of_scope,out of scope <- 'eyeliner' (not a §7 category),False,False
Essence,drugstore,1900494225474,duo-sharpener,duo sharpener,eye,excluded,excluded by the set/kit/tool/non-makeup word list,False,False
Essence,drugstore,6879821627458,baby-got-bronze,Baby Got Bronze,face,unclassified,no §7 rule matched,False,False
Essence,drugstore,6874903969858,i-love-extreme-crazy-volume-waterproof-mascara,I Love Extreme Crazy Volume Waterproof Mascara,eye,mascara,mascara <- 'mascara' in product_type|title,False,False
Essence,drugstore,6874107412546,baby-got-blush,Baby Got Blush,face,powder_blush,powder_blush <- 'blush' in product_type|title,False,False
Essence,drugstore,6874874576962,what-a-tint-lip-cheek-tint,What A Tint! Lip & Cheek Tint,face,unclassified,no §7 rule matched,False,False
Essence,drugstore,1900494979138,i-love-extreme-volume-mascara-waterproof,i love extreme volume mascara waterproof,eye,mascara,mascara <- 'mascara' in product_type|title,False,False
Essence,drugstore,1900495011906,i-love-extreme-volume-mascara-1,i love extreme volume mascara,eye,mascara,mascara <- 'mascara' in product_type|title,False,False
Essence,drugstore,6683394900034,extreme-shine-volume-lipgloss,extreme shine lipgloss,lip,lip_gloss,lip_gloss <- 'lipgloss' in product_type|title,False,False
Essence,drugstore,6681345097794,hello-good-stuff-hydrate-plump-face-serum,"HELLO, GOOD STUFF! HYDRATE & PLUMP FACE SERUM",face,excluded,excluded by the set/kit/tool/non-makeup word list,False,False
Essence,drugstore,4585784606786,24ever-ink-liner-1,24ever ink liner,eye,out_of_scope,out of scope <- 'liner' (not a §7 category),False,False
Essence,drugstore,6584935809090,lash-princess-curl-mascara,lash princess curl mascara,eye,excluded,excluded by the set/kit/tool/non-makeup word list,False,False
Essence,drugstore,4595150848066,bye-bye-panda-eyes-smudge-proof-volumizing-and-defining-mascara,bye bye panda eyes! smudge-proof volumizing and defining mascara,eye,mascara,mascara <- 'mascara' in product_type|title,False,False
Essence,drugstore,1902054277186,lash-princess-false-lash-effect-mascara-waterproof,lash princess false lash effect mascara waterproof,eye,excluded,excluded by the set/kit/tool/non-makeup word list,False,False
Essence,drugstore,1900495732802,pure-nude-highlighter,pure nude highlighter,face,highlighter,highlighter <- 'highlight' in product_type|title,False,False
Essence,drugstore,1900494585922,lash-princess-sculpted-volume-mascara,lash princess sculpted volume mascara,eye,excluded,excluded by the set/kit/tool/non-makeup word list,False,False
Essence,drugstore,1900494159938,lash-princess-volume-mascara,lash princess volume mascara,eye,excluded,excluded by the set/kit/tool/non-makeup word list,False,False
Essence,drugstore,1900494127170,lash-princess-false-lash-mascara,lash princess false lash mascara,eye,excluded,excluded by the set/kit/tool/non-makeup word list,False,False
Fenty Beauty,high_end,7015970308141,cheek-hugging-bronzer-brush-190-gold-edition,Testing PDP,Makeup Brushes,excluded,excluded by the set/kit/tool/non-makeup word list,False,False
Fenty Beauty,high_end,15176946941997,pro-filtr-fluid-flex-blister-card,Pro Filt'r Fluid Flex Blister Card,Foundations & Concealers,excluded,excluded by the set/kit/tool/non-makeup word list,False,False
Fenty Beauty,high_end,7965900636205,cookies-n-clean-pore-scrub-packette,Cookies N Clean Pore Scrub Packette,Skin Care,unclassified,no §7 rule matched,False,False
Fenty Beauty,high_end,15296484212781,fam-faves-soft-skin-lips-bundle,Fam Faves: Soft Skin + Lips Bundle,Lip Balms & Treatments,excluded,excluded by the set/kit/tool/non-makeup word list,False,False
Fenty Beauty,high_end,15296546471981,fam-faves-spf-lip-gloss-bundle,Fam Faves: SPF Moisturizer + Lip Gloss Bundle,Lip Balms & Treatments,excluded,excluded by the set/kit/tool/non-makeup word list,False,False
Fenty Beauty,high_end,8098442248237,sustainable-tote-bag,Sustainable Tote Bag,Cosmetic & Toiletry Bags,excluded,excluded by the set/kit/tool/non-makeup word list,False,False
Fenty Beauty,high_end,8196110450733,butta-drop-body-cream-deluxe-sample,Butta Drop Body Cream Deluxe Sample,Lotion & Moisturizer,excluded,excluded by the set/kit/tool/non-makeup word list,False,True
Fenty Beauty,high_end,15248295231533,fluid-flex-foundation-brush-165,Fluid Flex Foundation Brush 165,Makeup Brushes,excluded,excluded by the set/kit/tool/non-makeup word list,False,False
Fenty Beauty,high_end,15135169544237,pro-filtr-fluid-flex-natural-matte-longwear-foundation-596n,Pro Filt'r Fluid Flex Natural Matte Longwear Foundation — 596N,Foundations & Concealers,concealer,concealer <- 'concealer' in product_type|title,False,False
Fenty Beauty,high_end,15135169478701,pro-filtr-fluid-flex-natural-matte-longwear-foundation-586w,Pro Filt'r Fluid Flex Natural Matte Longwear Foundation — 586W,Foundations & Concealers,concealer,concealer <- 'concealer' in product_type|title,False,False
Fenty Beauty,high_end,15135169445933,pro-filtr-fluid-flex-natural-matte-longwear-foundation-576w,Pro Filt'r Fluid Flex Natural Matte Longwear Foundation — 576W,Foundations & Concealers,concealer,concealer <- 'concealer' in product_type|title,False,False
Fenty Beauty,high_end,15135169380397,pro-filtr-fluid-flex-natural-matte-longwear-foundation-566n,Pro Filt'r Fluid Flex Natural Matte Longwear Foundation — 566N,Foundations & Concealers,concealer,concealer <- 'concealer' in product_type|title,False,False
Fenty Beauty,high_end,15135169347629,pro-filtr-fluid-flex-natural-matte-longwear-foundation-556n,Pro Filt'r Fluid Flex Natural Matte Longwear Foundation — 556N,Foundations & Concealers,concealer,concealer <- 'concealer' in product_type|title,False,False
Fenty Beauty,high_end,15135169282093,pro-filtr-fluid-flex-natural-matte-longwear-foundation-546n,Pro Filt'r Fluid Flex Natural Matte Longwear Foundation — 546N,Foundations & Concealers,concealer,concealer <- 'concealer' in product_type|title,False,False
Fenty Beauty,high_end,15135169249325,pro-filtr-fluid-flex-natural-matte-longwear-foundation-526n,Pro Filt'r Fluid Flex Natural Matte Longwear Foundation — 526N,Foundations & Concealers,concealer,concealer <- 'concealer' in product_type|title,False,False
Fenty Beauty,high_end,15135169151021,pro-filtr-fluid-flex-natural-matte-longwear-foundation-536w,Pro Filt'r Fluid Flex Natural Matte Longwear Foundation — 536W,Foundations & Concealers,concealer,concealer <- 'concealer' in product_type|title,False,False
Fenty Beauty,high_end,15135169118253,pro-filtr-fluid-flex-natural-matte-longwear-foundation-516w,Pro Filt'r Fluid Flex Natural Matte Longwear Foundation — 516W,Foundations & Concealers,concealer,concealer <- 'concealer' in product_type|title,False,False
Fenty Beauty,high_end,15135169052717,pro-filtr-fluid-flex-natural-matte-longwear-foundation-506w,Pro Filt'r Fluid Flex Natural Matte Longwear Foundation — 506W,Foundations & Concealers,concealer,concealer <- 'concealer' in product_type|title,False,False
Fenty Beauty,high_end,15135168987181,pro-filtr-fluid-flex-natural-matte-longwear-foundation-496w,Pro Filt'r Fluid Flex Natural Matte Longwear Foundation — 496W,Foundations & Concealers,concealer,concealer <- 'concealer' in product_type|title,False,False
Fenty Beauty,high_end,15135168921645,pro-filtr-fluid-flex-natural-matte-longwear-foundation-486w,Pro Filt'r Fluid Flex Natural Matte Longwear Foundation — 486W,Foundations & Concealers,concealer,concealer <- 'concealer' in product_type|title,False,False
Fenty Beauty,high_end,15135168823341,pro-filtr-fluid-flex-natural-matte-longwear-foundation-476n,Pro Filt'r Fluid Flex Natural Matte Longwear Foundation — 476N,Foundations & Concealers,concealer,concealer <- 'concealer' in product_type|title,False,False
Fenty Beauty,high_end,15135168790573,pro-filtr-fluid-flex-natural-matte-longwear-foundation-466w,Pro Filt'r Fluid Flex Natural Matte Longwear Foundation — 466W,Foundations & Concealers,concealer,concealer <- 'concealer' in product_type|title,False,False
Fenty Beauty,high_end,15135168725037,pro-filtr-fluid-flex-natural-matte-longwear-foundation-456w,Pro Filt'r Fluid Flex Natural Matte Longwear Foundation — 456W,Foundations & Concealers,concealer,concealer <- 'concealer' in product_type|title,False,False
Fenty Beauty,high_end,15135168692269,pro-filtr-fluid-flex-natural-matte-longwear-foundation-446n,Pro Filt'r Fluid Flex Natural Matte Longwear Foundation — 446N,Foundations & Concealers,concealer,concealer <- 'concealer' in product_type|title,False,False
Fenty Beauty,high_end,15135168659501,pro-filtr-fluid-flex-natural-matte-longwear-foundation-436n,Pro Filt'r Fluid Flex Natural Matte Longwear Foundation — 436N,Foundations & Concealers,concealer,concealer <- 'concealer' in product_type|title,False,False
Fenty Beauty,high_end,15135168593965,pro-filtr-fluid-flex-natural-matte-longwear-foundation-426w,Pro Filt'r Fluid Flex Natural Matte Longwear Foundation — 426W,Foundations & Concealers,concealer,concealer <- 'concealer' in product_type|title,False,False
Fenty Beauty,high_end,15135168561197,pro-filtr-fluid-flex-natural-matte-longwear-foundation-416w,Pro Filt'r Fluid Flex Natural Matte Longwear Foundation — 416W,Foundations & Concealers,concealer,concealer <- 'concealer' in product_type|title,False,False
Fenty Beauty,high_end,15135168495661,pro-filtr-fluid-flex-natural-matte-longwear-foundation-406n,Pro Filt'r Fluid Flex Natural Matte Longwear Foundation — 406N,Foundations & Concealers,concealer,concealer <- 'concealer' in product_type|title,False,False
Fenty Beauty,high_end,15135168462893,pro-filtr-fluid-flex-natural-matte-longwear-foundation-396n,Pro Filt'r Fluid Flex Natural Matte Longwear Foundation — 396N,Foundations & Concealers,concealer,concealer <- 'concealer' in product_type|title,False,False
Fenty Beauty,high_end,15135168430125,pro-filtr-fluid-flex-natural-matte-longwear-foundation-386w,Pro Filt'r Fluid Flex Natural Matte Longwear Foundation — 386W,Foundations & Concealers,concealer,concealer <- 'concealer' in product_type|title,False,False
Fenty Beauty,high_end,15135168331821,pro-filtr-fluid-flex-natural-matte-longwear-foundation-356w,Pro Filt'r Fluid Flex Natural Matte Longwear Foundation — 356W,Foundations & Concealers,concealer,concealer <- 'concealer' in product_type|title,False,False
Fenty Beauty,high_end,15135168299053,pro-filtr-fluid-flex-natural-matte-longwear-foundation-376n,Pro Filt'r Fluid Flex Natural Matte Longwear Foundation — 376N,Foundations & Concealers,concealer,concealer <- 'concealer' in product_type|title,False,False
Fenty Beauty,high_end,15135168233517,pro-filtr-fluid-flex-natural-matte-longwear-foundation-366n,Pro Filt'r Fluid Flex Natural Matte Longwear Foundation — 366N,Foundations & Concealers,concealer,concealer <- 'concealer' in product_type|title,False,False
Fenty Beauty,high_end,15135168200749,pro-filtr-fluid-flex-natural-matte-longwear-foundation-346n,Pro Filt'r Fluid Flex Natural Matte Longwear Foundation — 346N,Foundations & Concealers,concealer,concealer <- 'concealer' in product_type|title,False,False
Fenty Beauty,high_end,15135168135213,pro-filtr-fluid-flex-natural-matte-longwear-foundation-326n,Pro Filt'r Fluid Flex Natural Matte Longwear Foundation — 326N,Foundations & Concealers,concealer,concealer <- 'concealer' in product_type|title,False,False
Fenty Beauty,high_end,15135168102445,pro-filtr-fluid-flex-natural-matte-longwear-foundation-336n,Pro Filt'r Fluid Flex Natural Matte Longwear Foundation — 336N,Foundations & Concealers,concealer,concealer <- 'concealer' in product_type|title,False,False
Fenty Beauty,high_end,15135168036909,pro-filtr-fluid-flex-natural-matte-longwear-foundation-316n,Pro Filt'r Fluid Flex Natural Matte Longwear Foundation — 316N,Foundations & Concealers,concealer,concealer <- 'concealer' in product_type|title,False,False
Fenty Beauty,high_end,15135168004141,pro-filtr-fluid-flex-natural-matte-longwear-foundation-306n,Pro Filt'r Fluid Flex Natural Matte Longwear Foundation — 306N,Foundations & Concealers,concealer,concealer <- 'concealer' in product_type|title,False,False
Fenty Beauty,high_end,15135167938605,pro-filtr-fluid-flex-natural-matte-longwear-foundation-296n,Pro Filt'r Fluid Flex Natural Matte Longwear Foundation — 296N,Foundations & Concealers,concealer,concealer <- 'concealer' in product_type|title,False,False
Fenty Beauty,high_end,15135167873069,pro-filtr-fluid-flex-natural-matte-longwear-foundation-286w,Pro Filt'r Fluid Flex Natural Matte Longwear Foundation — 286W,Foundations & Concealers,concealer,concealer <- 'concealer' in product_type|title,False,False
Fenty Beauty,high_end,15135167840301,pro-filtr-fluid-flex-natural-matte-longwear-foundation-276n,Pro Filt'r Fluid Flex Natural Matte Longwear Foundation — 276N,Foundations & Concealers,concealer,concealer <- 'concealer' in product_type|title,False,False
Fenty Beauty,high_end,15135167774765,pro-filtr-fluid-flex-natural-matte-longwear-foundation-266c,Pro Filt'r Fluid Flex Natural Matte Longwear Foundation — 266C,Foundations & Concealers,concealer,concealer <- 'concealer' in product_type|title,False,False
Fenty Beauty,high_end,15135167741997,pro-filtr-fluid-flex-natural-matte-longwear-foundation-256w,Pro Filt'r Fluid Flex Natural Matte Longwear Foundation — 256W,Foundations & Concealers,concealer,concealer <- 'concealer' in product_type|title,False,False
Fenty Beauty,high_end,15135167676461,pro-filtr-fluid-flex-natural-matte-longwear-foundation-216n,Pro Filt'r Fluid Flex Natural Matte Longwear Foundation — 216N,Foundations & Concealers,concealer,concealer <- 'concealer' in product_type|title,False,False
Fenty Beauty,high_end,15135167643693,pro-filtr-fluid-flex-natural-matte-longwear-foundation-246w,Pro Filt'r Fluid Flex Natural Matte Longwear Foundation — 246W,Foundations & Concealers,concealer,concealer <- 'concealer' in product_type|title,False,False
Fenty Beauty,high_end,15135167610925,pro-filtr-fluid-flex-natural-matte-longwear-foundation-226w,Pro Filt'r Fluid Flex Natural Matte Longwear Foundation — 226W,Foundations & Concealers,concealer,concealer <- 'concealer' in product_type|title,False,False
Fenty Beauty,high_end,15135167545389,pro-filtr-fluid-flex-natural-matte-longwear-foundation-236n,Pro Filt'r Fluid Flex Natural Matte Longwear Foundation — 236N,Foundations & Concealers,concealer,concealer <- 'concealer' in product_type|title,False,False
Fenty Beauty,high_end,15135167512621,pro-filtr-fluid-flex-natural-matte-longwear-foundation-206w,Pro Filt'r Fluid Flex Natural Matte Longwear Foundation — 206W,Foundations & Concealers,concealer,concealer <- 'concealer' in product_type|title,False,False
Fenty Beauty,high_end,15135167447085,pro-filtr-fluid-flex-natural-matte-longwear-foundation-196n,Pro Filt'r Fluid Flex Natural Matte Longwear Foundation — 196N,Foundations & Concealers,concealer,concealer <- 'concealer' in product_type|title,False,False
Fenty Beauty,high_end,15135167414317,pro-filtr-fluid-flex-natural-matte-longwear-foundation-186n,Pro Filt'r Fluid Flex Natural Matte Longwear Foundation — 186N,Foundations & Concealers,concealer,concealer <- 'concealer' in product_type|title,False,False
Fenty Beauty,high_end,15135167316013,pro-filtr-fluid-flex-natural-matte-longwear-foundation-166n,Pro Filt'r Fluid Flex Natural Matte Longwear Foundation — 166N,Foundations & Concealers,concealer,concealer <- 'concealer' in product_type|title,False,False
Fenty Beauty,high_end,15135167250477,pro-filtr-fluid-flex-natural-matte-longwear-foundation-176c,Pro Filt'r Fluid Flex Natural Matte Longwear Foundation — 176C,Foundations & Concealers,concealer,concealer <- 'concealer' in product_type|title,False,False
Fenty Beauty,high_end,15135167217709,pro-filtr-fluid-flex-natural-matte-longwear-foundation-156c,Pro Filt'r Fluid Flex Natural Matte Longwear Foundation — 156C,Foundations & Concealers,concealer,concealer <- 'concealer' in product_type|title,False,False
Fenty Beauty,high_end,15135167184941,pro-filtr-fluid-flex-natural-matte-longwear-foundation-146n,Pro Filt'r Fluid Flex Natural Matte Longwear Foundation — 146N,Foundations & Concealers,concealer,concealer <- 'concealer' in product_type|title,False,False
Fenty Beauty,high_end,15135167119405,pro-filtr-fluid-flex-natural-matte-longwear-foundation-126n,Pro Filt'r Fluid Flex Natural Matte Longwear Foundation — 126N,Foundations & Concealers,concealer,concealer <- 'concealer' in product_type|title,False,False
Fenty Beauty,high_end,15135167086637,pro-filtr-fluid-flex-natural-matte-longwear-foundation-136n,Pro Filt'r Fluid Flex Natural Matte Longwear Foundation — 136N,Foundations & Concealers,concealer,concealer <- 'concealer' in product_type|title,False,False
Fenty Beauty,high_end,15135167021101,pro-filtr-fluid-flex-natural-matte-longwear-foundation-116c,Pro Filt'r Fluid Flex Natural Matte Longwear Foundation — 116C,Foundations & Concealers,concealer,concealer <- 'concealer' in product_type|title,False,False
Fenty Beauty,high_end,15135166988333,pro-filtr-fluid-flex-natural-matte-longwear-foundation-106n,Pro Filt'r Fluid Flex Natural Matte Longwear Foundation — 106N,Foundations & Concealers,concealer,concealer <- 'concealer' in product_type|title,False,False
Fenty Beauty,high_end,5293594574893,dry-brush-cleaning-sponge,Dry Brush-Cleaning Sponge,Makeup Tools,excluded,excluded by the set/kit/tool/non-makeup word list,False,False
Fenty Beauty,high_end,7392076234797,cherry-dub-superfine-daily-cleansing-face-scrub,Cherry Dub Superfine Daily Cleansing Face Scrub,Facial Cleansers,unclassified,no §7 rule matched,False,False
Fenty Beauty,high_end,15221047427117,sun-stalkr-instant-warmth-bronzer-cream-tea,Sun Stalk'r Instant Warmth Bronzer — Cream Tea,Blushes & Bronzers,excluded,excluded by the set/kit/tool/non-makeup word list,False,False
Fenty Beauty,high_end,8098442739757,2h-global-dlx-gloss-bomb-heat-hot-chocolit-2ml,Gloss Bomb Heat Universal Lip Luminizer + Plumper Deluxe Sample — Hot Chocolit,Lip Gloss,excluded,excluded by the set/kit/tool/non-makeup word list,False,False
Fenty Beauty,high_end,15243076861997,berry-brownd-pout-lip-liner-gloss-stick-duo,Berry Brown'd Pout Lip Liner + Gloss Stick Duo,Lip Makeup,excluded,excluded by the set/kit/tool/non-makeup word list,False,False
Fenty Beauty,high_end,15255169237037,a-ap-rocky-fenty-skin-lux-balm-duo-and-roller-keychain,A$AP Rocky × Fenty Skin Lux Balm Duo and Roller Keychain,Lip Balms & Treatments,excluded,excluded by the set/kit/tool/non-makeup word list,False,False
Fenty Beauty,high_end,7730440470573,lux-balm-duo,Double the Lux Moisture Barrier Lip Balm Bundle,Lip Balms & Treatments,excluded,excluded by the set/kit/tool/non-makeup word list,False,False
Fenty Beauty,high_end,15221193670701,sun-stalkr-instant-warmth-bronzer-chai-latte,Sun Stalk'r Instant Warmth Bronzer — Chai Latte,Blushes & Bronzers,bronzer,bronzer <- 'bronzer' in product_type|title,False,False
Fenty Beauty,high_end,15221337063469,sun-stalkr-instant-warmth-bronzer-mocha-mamii,Sun Stalk'r Instant Warmth Bronzer — Mocha Mamii,Blushes & Bronzers,bronzer,bronzer <- 'bronzer' in product_type|title,False,False
Fenty Beauty,high_end,15227021721645,pink-links-lip-care-cheek-trip-set,Pink Links Lip Care + Cheek Trip Set,Lip Balms & Treatments,excluded,excluded by the set/kit/tool/non-makeup word list,False,False
Fenty Beauty,high_end,6603565432877,hydra-vizor-invisible-moisturizer-broad-spectrum-spf-30-sunscreen-deluxe-sample,Hydra Vizor Invisible Moisturizer Broad Spectrum SPF 30 Sunscreen Deluxe Sample,Sunscreen,excluded,excluded by the set/kit/tool/non-makeup word list,False,True
Fenty Beauty,high_end,15225591660589,nami-matcha-x-fenty-beauty-lip-cravings-kit,Nami Matcha x Fenty Beauty | Lip Cravings Kit,Lip Gloss,excluded,excluded by the set/kit/tool/non-makeup word list,False,True
Fenty Beauty,high_end,15221122203693,sun-stalkr-instant-warmth-bronzer-butta-bunz,Sun Stalk'r Instant Warmth Bronzer — Butta Bunz,Blushes & Bronzers,bronzer,bronzer <- 'bronzer' in product_type|title,False,False
Fenty Beauty,high_end,5293585727533,pro-filtr-soft-matte-powder-foundation-320,Pro Filt'r Soft Matte Powder Foundation — #320,Foundations & Concealers,concealer,concealer <- 'concealer' in product_type|title,False,False
Fenty Beauty,high_end,5293606141997,pro-filtr-instant-retouch-primer-soft-matte,Pro Filt'r Instant Retouch Primer — Soft Matte,Face Primer,primer,primer <- 'primer' in product_type|title,False,False
Fenty Beauty,high_end,7942305611821,gloss-bomb-universal-lip-luminizer-deluxe-sample-riri,Gloss Bomb Universal Lip Luminizer Deluxe Sample —Riri,Lip Makeup,excluded,excluded by the set/kit/tool/non-makeup word list,False,False
Fenty Beauty,high_end,8098442805293,cherry-dub-cleanser-packette-1-5-ml,Cherry Dub Pore Purify'r Gel Cleanser with Niacinamide + Aloe Juice Packette,,excluded,excluded by the set/kit/tool/non-makeup word list,False,False
Fenty Beauty,high_end,15176886419501,diamond-bomb-all-over-diamond-veil-how-many-carats-midnight-diamonds-collection,Diamond Bomb All-Over Diamond Veil — How Many Carats?! Midnight Diamonds Collection,Highlighters & Luminizers,highlighter,highlighter <- 'highlight' in product_type|title,False,False
Fenty Beauty,high_end,15176635252781,gloss-bomb-stix-high-shine-gloss-stick-caviar-crystalz,Gloss Bomb Stix High-Shine Gloss Stick — Caviar Crystalz,Lip Gloss,lip_gloss,lip_gloss <- 'lip gloss' in product_type|title,False,False
Fenty Beauty,high_end,15176629583917,smoke-n-diamonds-eye-trio,Smoke ’N Diamonds Eye Trio,Eye Makeup,excluded,excluded by the set/kit/tool/non-makeup word list,False,False
Fenty Beauty,high_end,15176823668781,gloss-bomb-universal-lip-luminizer-diamond-milk,Gloss Bomb Universal Lip Luminizer — Diamond Milk,Lip Gloss,lip_gloss,lip_gloss <- 'lip gloss' in product_type|title,False,False
Fenty Beauty,high_end,15176741290029,gloss-bomb-universal-lip-luminizer-caviar-crystalz,Gloss Bomb Universal Lip Luminizer — Caviar Crystalz,Lip Gloss,lip_gloss,lip_gloss <- 'lip gloss' in product_type|title,False,False
Fenty Beauty,high_end,15181222576173,midnight-diamonds-collection-5-piece-bundle,Midnight Diamonds Collection 5-Piece Bundle,Cosmetic Sets,excluded,excluded by the set/kit/tool/non-makeup word list,False,False
Fenty Beauty,high_end,8089688277037,fenty-skin-satin-pillowcase,Fenty Skin Satin Pillowcase,Pillowcases & Shams,unclassified,no §7 rule matched,False,False
Fenty Beauty,high_end,15150616444973,asap-rocky-hydra-vizor-invisible-moisturizer-broad-spectrum-spf-30-sunscreen-collectors-case,A$AP Rocky Hydra Vizor Invisible Moisturizer Broad Spectrum SPF 30 Sunscreen + Collector’s Case,US,excluded,excluded by the set/kit/tool/non-makeup word list,False,False
Fenty Beauty,high_end,15150618771501,hydra-vizor-invisible-moisturizer-20-sunscreen-collectors-case,A$AP Rocky Hydra Vizor Invisible Moisturizer Broad Spectrum SPF 20 Sunscreen + Collector's Case,EU,excluded,excluded by the set/kit/tool/non-makeup word list,False,False
Fenty Beauty,high_end,15181144850477,asap-rocky-x-fenty-skin-spf-moisturizer-exclusive-case,A$AP Rocky x Fenty Skin: SPF Moisturizer + Exclusive Case,Skin Care,excluded,excluded by the set/kit/tool/non-makeup word list,False,False
Fenty Beauty,high_end,15181051232301,asap-rocky-x-fenty-skin-lip-balm-spf-moisturizer-duo,A$AP Rocky x Fenty Skin: Lip Balm + SPF Moisturizer Duo,Bundle Builder,excluded,excluded by the set/kit/tool/non-makeup word list,False,False
Fenty Beauty,high_end,15181049987117,asap-rocky-x-fenty-skin-collection-bundle,A$AP Rocky x Fenty Skin Collection Bundle,Skin Care,excluded,excluded by the set/kit/tool/non-makeup word list,False,False
Fenty Beauty,high_end,15161926909997,asap-rocky-hydra-vizor-hair-curler-gwp,A$AP Rocky x Fenty Skin Hair Roller Case,,excluded,excluded by the set/kit/tool/non-makeup word list,False,False
Fenty Beauty,high_end,15161919471661,asap-rocky-lux-balm-hair-curler,A$AP Rocky x Fenty Skin Hair Roller Keychain,,unclassified,no §7 rule matched,False,False
Fenty Beauty,high_end,8059289632813,fenty-skin-hanging-toiletry-bag,Fenty Skin Hanging Toiletry Bag,,excluded,excluded by the set/kit/tool/non-makeup word list,False,False
Fenty Beauty,high_end,15165867556909,gloss-bomb-heat-universal-lip-luminizer-plumper-riri-heat,Gloss Bomb Heat Universal Lip Luminizer + Plumper — RiRi Heat,Lip Gloss,lip_gloss,lip_gloss <- 'lip gloss' in product_type|title,False,False
Fenty Beauty,high_end,15165862248493,gloss-bomb-heat-universal-lip-luminizer-plumper-purple-peppr,Gloss Bomb Heat Universal Lip Luminizer + Plumper — Purple Pepp'r,Lip Gloss,lip_gloss,lip_gloss <- 'lip gloss' in product_type|title,False,False
Fenty Beauty,high_end,15165842751533,gloss-bomb-heat-universal-lip-luminizer-plumper-candy-lava,Gloss Bomb Heat Universal Lip Luminizer + Plumper — Candy Lava,Lip Gloss,lip_gloss,lip_gloss <- 'lip gloss' in product_type|title,False,False
Fenty Beauty,high_end,15170409594925,bounce-blend-blur-bronzer-and-brush-duo,"Bounce, Blend + Blur Bronzer and Brush Duo",Bundle Builder,excluded,excluded by the set/kit/tool/non-makeup word list,False,False
Fenty Beauty,high_end,15137131495469,blurred-bronzed-skin-tint-and-bronzer-duo,Blurred + Bronzed Skin Tint and Bronzer Duo,Bundle Builder,excluded,excluded by the set/kit/tool/non-makeup word list,False,False
Fenty Beauty,high_end,15152681189421,gloss-bomb-burst-color-intensifying-lip-luminizer-pink-blink,Gloss Bomb Burst Color-Intensifying Lip Luminizer — Pink Blink,Lip Gloss,lip_gloss,lip_gloss <- 'lip gloss' in product_type|title,False,False
Fenty Beauty,high_end,15152683581485,gloss-bomb-burst-color-intensifying-lip-luminizer-in-a-jam,Gloss Bomb Burst Color-Intensifying Lip Luminizer — In a Jam,Lip Gloss,lip_gloss,lip_gloss <- 'lip gloss' in product_type|title,False,False
Fenty Beauty,high_end,15159208116269,total-cleansr-remove-it-all-cleanser,Fenty Skin Total Cleans’r Remove-It-All Cleanser,Facial Cleansers,excluded,excluded by the set/kit/tool/non-makeup word list,False,False
Fenty Beauty,high_end,15150593671213,butta-drop-hydrating-body-milk-vanilla-flowers,Butta Drop Hydrating Body Milk — Vanilla Flowers,Lotion & Moisturizer,excluded,excluded by the set/kit/tool/non-makeup word list,False,False
Fenty Beauty,high_end,15150594359341,butta-drop-hydrating-body-milk-hey-bouquet,"Butta Drop Hydrating Body Milk — Hey, Bouquet",Lotion & Moisturizer,excluded,excluded by the set/kit/tool/non-makeup word list,False,False
Fenty Beauty,high_end,15150646001709,lux-balm-hydrating-moisture-barrier-lip-balm-coconut,Lux Balm Hydrating Moisture Barrier Lip Balm — Coconut,Lip Balms & Treatments,lipstick,lipstick <- 'lip balm' in product_type|title,False,False
Fenty Beauty,high_end,15150636957741,lux-balm-hydrating-moisture-barrier-lip-balm-barbados-cherry,Lux Balm Hydrating Moisture Barrier Lip Balm — Barbados Cherry,Lip Balms & Treatments,lipstick,lipstick <- 'lip balm' in product_type|title,False,False
Fenty Beauty,high_end,5293600538669,tapered-blending-brush-210,Tapered Blending Brush 210,Makeup Brushes,excluded,excluded by the set/kit/tool/non-makeup word list,False,False
Fenty Beauty,high_end,7831610392621,the-silky-durag,Fenty Hair Durag,,unclassified,no §7 rule matched,False,False
Fenty Beauty,high_end,8381977559085,free-gifts-on-75-orders,Fenty Skin Mini Puffer Bag,Makeup Bag,excluded,excluded by the set/kit/tool/non-makeup word list,False,False
Fenty Beauty,high_end,8418469314605,gloss-bomb-stix-high-shine-gloss-stick-weet-whiskey,Gloss Bomb Stix High-Shine Gloss Stick — $weet Whiskey,Lip Gloss,lip_gloss,lip_gloss <- 'lip gloss' in product_type|title,False,False
Fenty Beauty,high_end,8418471247917,gloss-bomb-stix-high-shine-gloss-stick-midnight-ballerina,Gloss Bomb Stix High-Shine Gloss Stick — Midnight Ballerina,Lip Gloss,lip_gloss,lip_gloss <- 'lip gloss' in product_type|title,False,False
Fenty Beauty,high_end,8418465808429,gloss-bomb-stix-high-shine-gloss-stick-birthday-suit,Gloss Bomb Stix High-Shine Gloss Stick — Birthday Suit,Lip Gloss,lip_gloss,lip_gloss <- 'lip gloss' in product_type|title,False,False
Fenty Beauty,high_end,8418467577901,gloss-bomb-stix-high-shine-gloss-stick-lust-bunny,Gloss Bomb Stix High-Shine Gloss Stick — Lu$t Bunny,Lip Gloss,lip_gloss,lip_gloss <- 'lip gloss' in product_type|title,False,False
Fenty Beauty,high_end,15137027850285,sun-kissed-flush-bronzer-blush-duo,Sun-Kissed Flush Bronzer + Blush Duo,Blushes & Bronzers,excluded,excluded by the set/kit/tool/non-makeup word list,False,False
Fenty Beauty,high_end,15129926893613,mix-match-stack-build-your-own-body-bundle,"Mix, Match + Stack: Build Your Own Body Bundle",Bundle Builder,excluded,excluded by the set/kit/tool/non-makeup word list,False,False
Fenty Beauty,high_end,7995491352621,fenty-skin-startrs-build-your-own-3-piece-skincare-bundle,Fenty Skin Start’rs Build Your Own 3-Piece Bundle,Bundle Builder,excluded,excluded by the set/kit/tool/non-makeup word list,False,False
Fenty Beauty,high_end,8248849661997,pink-wattamoment-bag,Fenty Beauty Fuzzy Micro Pouch,,excluded,excluded by the set/kit/tool/non-makeup word list,False,False
Fenty Beauty,high_end,8225126350893,butta-drop-hydrating-body-milk-salted-caramel,Butta Drop Hydrating Body Milk — Salted Caramel,Lotion & Moisturizer,excluded,excluded by the set/kit/tool/non-makeup word list,False,False
Fenty Beauty,high_end,15114837688365,build-your-own-summer-glow-bundle,Build Your Own 4-Piece Summer Glow Bundle,Bundle Builder,excluded,excluded by the set/kit/tool/non-makeup word list,False,False
Fenty Beauty,high_end,5293583499309,lipstick-bag,Lipstick Bag,,excluded,excluded by the set/kit/tool/non-makeup word list,False,False
Fenty Beauty,high_end,7994157596717,glossy-posse-volume-7-0-full-size-gloss-bomb-trio,Glossy Posse Volume 7.0 Full-Size Gloss Bomb Trio,Lip Gloss,excluded,excluded by the set/kit/tool/non-makeup word list,False,False
Fenty Beauty,high_end,15088322019373,gloss-bomb-universal-lip-luminizer-pink-dragonfly,Gloss Bomb Universal Lip Luminizer — Pink Dragonfly,Lip Gloss,lip_gloss,lip_gloss <- 'lip gloss' in product_type|title,False,False
Fenty Beauty,high_end,7713470971949,precision-highlighter-brush-135,Precision Highlighter Brush 135,Makeup Brushes,excluded,excluded by the set/kit/tool/non-makeup word list,False,False
Fenty Beauty,high_end,8035139584045,thicc-n-smooth-rich-peptide-eye-cream,Thicc N Smooth Rich Peptide Eye Cream,Lotion & Moisturizer,excluded,excluded by the set/kit/tool/non-makeup word list,False,False
Fenty Beauty,high_end,8084215234605,double-mesh-makeup-bag,Let's Mesh Travel Bag,Makeup Bag,excluded,excluded by the set/kit/tool/non-makeup word list,False,False
Fenty Beauty,high_end,15088291282989,butta-drop-whipped-oil-body-cream-with-tropical-oils-shea-butter-amber-bouquet,Butta Drop Whipped Oil Body Cream with Tropical Oils + Shea Butter — Amber Bouquet,Lotion & Moisturizer,excluded,excluded by the set/kit/tool/non-makeup word list,False,False
Fenty Beauty,high_end,15088291872813,butta-drop-hydrating-body-milk-amber-bouquet,Butta Drop Hydrating Body Milk — Amber Bouquet,Lotion & Moisturizer,excluded,excluded by the set/kit/tool/non-makeup word list,False,False
Fenty Beauty,high_end,6773695479853,gloss-bomb-universal-lip-luminizer-deluxe-sample,Gloss Bomb Universal Lip Luminizer Deluxe Sample,Lip Gloss,excluded,excluded by the set/kit/tool/non-makeup word list,False,False
Fenty Beauty,high_end,8480765444141,fenty-skin-travel-size-startr-set-for-combo-oily-skin,Fenty Skin Travel-Size Start'r Set For Combo + Oily Skin,Skin Care,excluded,excluded by the set/kit/tool/non-makeup word list,False,False
Fenty Beauty,high_end,8480764657709,fenty-skin-travel-size-startr-set-for-balanced-skin,Fenty Skin Travel-Size Start'r Set For Balanced Skin,Skin Care,excluded,excluded by the set/kit/tool/non-makeup word list,False,False
Fenty Beauty,high_end,8480765575213,fenty-skin-travel-size-startr-set-combo-oily-skin-eu-copy,"Fenty Skin Travel-Size Start'r Set For Combo + Oily Skin — EU, SPF 20",Skin Care,excluded,excluded by the set/kit/tool/non-makeup word list,False,False
Fenty Beauty,high_end,8480764690477,fenty-skin-travel-size-startr-set-balanced-skin-eu,"Fenty Skin Travel-Size Start'r Set For Balanced Skin — EU, SPF 20",Skin Care,excluded,excluded by the set/kit/tool/non-makeup word list,False,False
Fenty Beauty,high_end,8089687883821,mini-scrunchie-set,Mini Scrunchie Set,Ponytail Holders,excluded,excluded by the set/kit/tool/non-makeup word list,False,False
Fenty Beauty,high_end,8476987850797,seamless-cream-blending-brush-185,Seamless Cream Blending Brush 185,Makeup Brushes,excluded,excluded by the set/kit/tool/non-makeup word list,False,False
Fenty Beauty,high_end,8476986834989,sun-stalk-r-souffle-pressed-mousse-cream-bronzer-coffee-toffee,Sun Stalk’r Soufflé Pressed Mousse Cream Bronzer — Coffee Toffee,Blushes & Bronzers,excluded,excluded by the set/kit/tool/non-makeup word list,False,False
Fenty Beauty,high_end,8476986736685,sun-stalk-r-souffle-pressed-mousse-cream-bronzer-sweet-truffle,Sun Stalk’r Soufflé Pressed Mousse Cream Bronzer — Sweet Truffle,Blushes & Bronzers,excluded,excluded by the set/kit/tool/non-makeup word list,False,False
Fenty Beauty,high_end,8476986671149,sun-stalk-r-souffle-pressed-mousse-cream-bronzer-maple-glaze,Sun Stalk’r Soufflé Pressed Mousse Cream Bronzer — Maple Glaze,Blushes & Bronzers,excluded,excluded by the set/kit/tool/non-makeup word list,False,False
Fenty Beauty,high_end,8476986343469,sun-stalk-r-souffle-pressed-mousse-cream-bronzer-churro-twist,Sun Stalk’r Soufflé Pressed Mousse Cream Bronzer — Churro Twist,Blushes & Bronzers,excluded,excluded by the set/kit/tool/non-makeup word list,False,False
Fenty Beauty,high_end,8476986277933,sun-stalk-r-souffle-pressed-mousse-cream-bronzer-hot-fudge,Sun Stalk’r Soufflé Pressed Mousse Cream Bronzer — Hot Fudge,Blushes & Bronzers,excluded,excluded by the set/kit/tool/non-makeup word list,False,False
Fenty Beauty,high_end,8476986015789,sun-stalk-r-souffle-pressed-mousse-cream-bronzer-brown-butt-r,Sun Stalk’r Soufflé Pressed Mousse Cream Bronzer — Brown Butt’r,Blushes & Bronzers,excluded,excluded by the set/kit/tool/non-makeup word list,False,False
Fenty Beauty,high_end,8476985950253,sun-stalkr-souffle-pressed-mousse-cream-bronzer-biscotti,Sun Stalk’r Soufflé Pressed Mousse Cream Bronzer — Biscotti,Blushes & Bronzers,excluded,excluded by the set/kit/tool/non-makeup word list,False,False
Fenty Beauty,high_end,8476981559341,sun-stalkr-souffle-pressed-mousse-cream-bronzer-suga-cookie,Sun Stalk’r Soufflé Pressed Mousse Cream Bronzer — Suga Cookie,Blushes & Bronzers,excluded,excluded by the set/kit/tool/non-makeup word list,False,False
Fenty Beauty,high_end,7729244602413,fenty-notebook,Fenty Eau de Parfum Notebook,Makeup,unclassified,no §7 rule matched,False,False
Fenty Beauty,high_end,8460101287981,fenty-beauty-oversized-unisex-hoodie-and-sweatpant-set,Fenty Beauty Oversized Unisex Hoodie and Sweatpant Set,Sweatshirts,excluded,excluded by the set/kit/tool/non-makeup word list,False,False
Fenty Beauty,high_end,8462526119981,fenty-beauty-oversized-unisex-straight-leg-sweatpants-xxxl,Fenty Beauty Oversized Unisex Straight Leg Sweatpants — XXXL,Apparel,unclassified,no §7 rule matched,False,False
Fenty Beauty,high_end,8452742643757,fenty-beauty-oversized-unisex-straight-leg-sweatpants-xs,Fenty Beauty Oversized Unisex Straight Leg Sweatpants — XS,Apparel,unclassified,no §7 rule matched,False,False
Fenty Beauty,high_end,8452742545453,fenty-beauty-oversized-unisex-straight-leg-sweatpants-s,Fenty Beauty Oversized Unisex Straight Leg Sweatpants — S,Apparel,unclassified,no §7 rule matched,False,False
Fenty Beauty,high_end,8452742479917,fenty-beauty-oversized-unisex-straight-leg-sweatpants-m,Fenty Beauty Oversized Unisex Straight Leg Sweatpants — M,Apparel,unclassified,no §7 rule matched,False,False
Fenty Beauty,high_end,8452741726253,fenty-beauty-oversized-unisex-straight-leg-sweatpants-l,Fenty Beauty Oversized Unisex Straight Leg Sweatpants — L,Apparel,unclassified,no §7 rule matched,False,False
Fenty Beauty,high_end,8452741234733,fenty-beauty-oversized-unisex-straight-leg-sweatpants-xl,Fenty Beauty Oversized Unisex Straight Leg Sweatpants — XL,Apparel,unclassified,no §7 rule matched,False,False
Fenty Beauty,high_end,8452740808749,fenty-beauty-oversized-unisex-straight-leg-sweatpants-xxl,Fenty Beauty Oversized Unisex Straight Leg Sweatpants — XXL,Apparel,unclassified,no §7 rule matched,False,False
Fenty Beauty,high_end,8462524973101,fenty-beauty-oversized-unisex-hoodie-xxxl,Fenty Beauty Oversized Unisex Hoodie — XXXL,Apparel,unclassified,no §7 rule matched,False,False
Fenty Beauty,high_end,8452739989549,fenty-beauty-oversized-unisex-hoodie-xxl,Fenty Beauty Oversized Unisex Hoodie — XXL,Apparel,unclassified,no §7 rule matched,False,False
Fenty Beauty,high_end,8452739399725,fenty-beauty-oversized-unisex-hoodie-xl,Fenty Beauty Oversized Unisex Hoodie — XL,Apparel,unclassified,no §7 rule matched,False,False
Fenty Beauty,high_end,8452738646061,fenty-beauty-oversized-unisex-hoodie-l,Fenty Beauty Oversized Unisex Hoodie — L,Apparel,unclassified,no §7 rule matched,False,False
Fenty Beauty,high_end,8452738613293,fenty-beauty-oversized-unisex-hoodie-m,Fenty Beauty Oversized Unisex Hoodie — M,Apparel,unclassified,no §7 rule matched,False,False
Fenty Beauty,high_end,8452738056237,fenty-beauty-oversized-unisex-hoodie-s,Fenty Beauty Oversized Unisex Hoodie — S,Apparel,unclassified,no §7 rule matched,False,False
Fenty Beauty,high_end,8452661739565,fenty-beauty-oversized-unisex-hoodie-xs,Fenty Beauty Oversized Unisex Hoodie — XS,Apparel,unclassified,no §7 rule matched,False,False
Fenty Beauty,high_end,8454509690925,brownd-pout,Brown'd Pout Lip Liner + Mini Lip Plumper Duo,Cosmetics,excluded,excluded by the set/kit/tool/non-makeup word list,False,False
Fenty Beauty,high_end,8381990797357,extra-fussy,Extra Fu$$y Lip Liner + Mini Lip Luminizer Duo,Cosmetics,excluded,excluded by the set/kit/tool/non-makeup word list,False,False
Fenty Beauty,high_end,8460343967789,dew-n-plump-trio-dew-n-plump-face-mist-serum-slushie-mask,"Dew N Plump Trio: Dew N Plump Face Mist, Serum + Slushie Mask",Skin Care,excluded,excluded by the set/kit/tool/non-makeup word list,False,False
Fenty Beauty,high_end,8456202321965,set-refresh-face-mist-duo-you-mist-setting-spray-dew-n-plump-face-mist,Set + Refresh Face Mist Duo: You Mist Setting Spray + Dew N Plump Face Mist,Skin Care,excluded,excluded by the set/kit/tool/non-makeup word list,False,False
Fenty Beauty,high_end,8382496636973,guava-goodiez-hydrating-lip-body-duo,Guava Goodiez Hydrating Lip + Body Duo,Lotion & Moisturizer,excluded,excluded by the set/kit/tool/non-makeup word list,False,False
Fenty Beauty,high_end,8445381804077,gloss-bomb-universal-lip-luminizer-wattabrat,Gloss Bomb Universal Lip Luminizer — Wattabrat,Lip Gloss,lip_gloss,lip_gloss <- 'lip gloss' in product_type|title,False,False
Fenty Beauty,high_end,8382491394093,the-flashy-one-9-in-1-treatment-oil,The Flashy One 9-In-1 Treatment Oil,Hair Styling Products,excluded,excluded by the set/kit/tool/non-makeup word list,False,False
Fenty Beauty,high_end,8447388385325,poppin-liquid-blush-gloss-duo,Poppin’ Liquid Blush + Gloss Duo,Lip Gloss,excluded,excluded by the set/kit/tool/non-makeup word list,False,False
Fenty Beauty,high_end,8382504271917,allover-body-mist-tropic-trip,Allover Body Mist — Tropic Trip,Bath & Body,excluded,excluded by the set/kit/tool/non-makeup word list,False,False
Fenty Beauty,high_end,8381990600749,shake-n-play-buildable-liquid-blush-violet-vice,Shake ’N Play Buildable Liquid Blush — Violet Vice$,Blushes & Bronzers,bronzer,bronzer <- 'bronzer' in product_type|title,False,False
Fenty Beauty,high_end,8381990535213,shake-n-play-buildable-liquid-blush-quit-wine-in,Shake ’N Play Buildable Liquid Blush — Quit Wine’in,Blushes & Bronzers,bronzer,bronzer <- 'bronzer' in product_type|title,False,False
Fenty Beauty,high_end,8381990240301,shake-n-play-buildable-liquid-blush-wildberry-whip,Shake ’N Play Buildable Liquid Blush — Wild’berry Whip,Blushes & Bronzers,bronzer,bronzer <- 'bronzer' in product_type|title,False,False
Fenty Beauty,high_end,8381990174765,shake-n-play-buildable-liquid-blush-fiya-papaya,Shake ’N Play Buildable Liquid Blush — Fiya Papaya,Blushes & Bronzers,bronzer,bronzer <- 'bronzer' in product_type|title,False,False
Fenty Beauty,high_end,8381989912621,shake-n-play-buildable-liquid-blush-bowpeep,Shake ’N Play Buildable Liquid Blush — Bow’peep,Blushes & Bronzers,bronzer,bronzer <- 'bronzer' in product_type|title,False,False
Fenty Beauty,high_end,8381977853997,fenty-skin-xl-puffer-bag,Fenty Beauty XL Puffer Bag,Makeup Bag,excluded,excluded by the set/kit/tool/non-makeup word list,False,False
Fenty Beauty,high_end,8220816310317,build-your-own-concealer-brush-bundle,Build Your Own Concealer + Brush Bundle,Bundle Builder,excluded,excluded by the set/kit/tool/non-makeup word list,False,False
Fenty Beauty,high_end,8220814016557,build-your-own-bronzer-brush-bundle,Build Your Own Bronzer + Brush Bundle,Bundle Builder,excluded,excluded by the set/kit/tool/non-makeup word list,False,False
Fenty Beauty,high_end,8220807495725,build-your-own-setting-powder-brush-bundle,Build Your Own Setting Powder + Brush Bundle,Bundle Builder,excluded,excluded by the set/kit/tool/non-makeup word list,False,False
Fenty Beauty,high_end,8220812673069,build-your-own-highlighter-brush-bundle,Build Your Own Highlighter + Brush Bundle,Bundle Builder,excluded,excluded by the set/kit/tool/non-makeup word list,False,False
Fenty Beauty,high_end,8122262421549,build-your-own-lip-liner-gloss-bomb-bundle,Build Your Own Lip Liner + Gloss Bomb Bundle,Bundle Builder,excluded,excluded by the set/kit/tool/non-makeup word list,False,False
Fenty Beauty,high_end,8087662526509,build-your-own-primer-set-bundle,Build Your Own Prime + Set Bundle,Bundle Builder,excluded,excluded by the set/kit/tool/non-makeup word list,False,False
Fenty Beauty,high_end,8045611221037,build-your-own-body-care-fragrance-bundle,Build Your Own Body Care + Fragrance Bundle,Bundle Builder,excluded,excluded by the set/kit/tool/non-makeup word list,False,False
Fenty Beauty,high_end,8026636910637,build-your-own-am-pm-moisturizer-bundle,Build Your Own AM + PM Moisturizer Bundle,Bundle Builder,excluded,excluded by the set/kit/tool/non-makeup word list,False,False
Fenty Beauty,high_end,8022375530541,build-your-own-fenty-face-4-piece-bundle,Build Your Own Fenty Face 4-Piece Bundle,Bundle Builder,excluded,excluded by the set/kit/tool/non-makeup word list,False,False
Fenty Beauty,high_end,8016119070765,build-your-own-blush-brush-bundle,Build Your Own Blush + Brush Bundle,Bundle Builder,excluded,excluded by the set/kit/tool/non-makeup word list,False,False
Fenty Beauty,high_end,8016078110765,build-your-own-complexion-trio,Build Your Own Complexion Trio,Bundle Builder,excluded,excluded by the set/kit/tool/non-makeup word list,False,False
Fenty Beauty,high_end,8014311718957,build-your-own-spf-moisturizer-foundation-bundle,Build Your Own SPF Moisturizer + Foundation Bundle,Bundle Builder,excluded,excluded by the set/kit/tool/non-makeup word list,False,False
Fenty Beauty,high_end,7991070949421,build-your-own-5-piece-lip-gloss-vault,Build Your Own 5-Piece Lip Gloss Vault,Bundle Builder,excluded,excluded by the set/kit/tool/non-makeup word list,False,False
Fenty Beauty,high_end,7991030153261,build-your-own-3-piece-lip-bundle,Build Your Own 3-Piece Lip Bundle,Bundle Builder,excluded,excluded by the set/kit/tool/non-makeup word list,False,False
Fenty Beauty,high_end,6925298761773,total-cleansr-fragrance-free-remove-it-all-cleanser-with-barbados-cherry,Fenty Skin Total Cleans'r Fragrance-Free Remove-It-All Cleanser with Barbados Cherry,Facial Cleansers,excluded,excluded by the set/kit/tool/non-makeup word list,True,False
Fenty Beauty,high_end,5293605388333,portable-highlighter-brush-140,Portable Highlighter Brush 140,Makeup Brushes,excluded,excluded by the set/kit/tool/non-makeup word list,False,False
Fenty Beauty,high_end,8071943749677,jumbo-butta-drop-whipped-oil-body-cream-with-tropical-oils-shea-butter-vanilla-dream,Jumbo Butta Drop Whipped Oil Body Cream with Tropical Oils + Shea Butter — Vanilla Dream,Lotion & Moisturizer,excluded,excluded by the set/kit/tool/non-makeup word list,False,False
Fenty Beauty,high_end,7199478972461,fenty-beauty-mesh-tote,Fenty Beauty Mesh Tote,,unclassified,no §7 rule matched,False,False
Fenty Beauty,high_end,8098442870829,1h-cherry-dub-toner-deluxe-10-ml,Cherry Dub BHA Toner with Salicylic Acid + Aloe Juice Deluxe Sample,,excluded,excluded by the set/kit/tool/non-makeup word list,False,False
Fenty Beauty,high_end,8224297975853,black-velvet-makeup-bag-pdp,Velvet Nightz Travel Bag,Cosmetic & Toiletry Bags,excluded,excluded by the set/kit/tool/non-makeup word list,False,False
Fenty Beauty,high_end,8406222209069,oil-control-duo-invisimatte-powder-imposter-dry-shampoo,Oil Control Duo: Invisimatte Instant Setting + Blotting Powder And The Imposter Invisi-boost Volumizing Dry Shampoo,Hair Care Kits,excluded,excluded by the set/kit/tool/non-makeup word list,False,False
Fenty Beauty,high_end,8381985423405,gloss-bomb-stix-high-shine-gloss-stick-rose-amber,Gloss Bomb Stix High-Shine Gloss Stick — Rose Amber,Lip Gloss,lip_gloss,lip_gloss <- 'lip gloss' in product_type|title,False,False
Fenty Beauty,high_end,8381984800813,traced-out-longwear-waterproof-pencil-lip-liner-amber-rose,Trace'd Out Longwear Waterproof Pencil Lip Liner — Rose Amber,Lip Liner,lip_liner,lip_liner <- 'lip liner' in product_type|title,False,False
Fenty Beauty,high_end,8225126416429,butta-drop-whipped-oil-body-cream-with-tropical-oils-shea-butter-salted-caramel,Butta Drop Whipped Oil Body Cream with Tropical Oils + Shea Butter — Salted Caramel,Lotion & Moisturizer,excluded,excluded by the set/kit/tool/non-makeup word list,False,False
Fenty Beauty,high_end,7845912838189,the-protective-type-deluxe-sample,The Protective Type Frizz-Smoothing Heat Protectant Styling Cream Deluxe Sample,Hair Styling Products,excluded,excluded by the set/kit/tool/non-makeup word list,False,False
Fenty Beauty,high_end,7529017278509,fenty-eau-de-parfum-sample-vial-on-card,Fenty Eau de Parfum Sample Vial on Card,Perfume & Cologne,excluded,excluded by the set/kit/tool/non-makeup word list,False,False
Fenty Beauty,high_end,5293600931885,hella-thicc-volumizing-mascara-deluxe-sample-cuz-im-black,Hella Thicc Volumizing Mascara Deluxe Sample - Cuz I'm Black,,excluded,excluded by the set/kit/tool/non-makeup word list,False,False
Fenty Beauty,high_end,8382490738733,the-imposter-invisi-boost-volumizing-dry-shampoo,The Imposter Invisi-Boost Volumizing Dry Shampoo Powder,Hair Styling Products,pressed_powder,pressed_powder <- 'powder' in product_type|title,False,False
Fenty Beauty,high_end,8382047846445,fenty-eau-de-parfum-mini-body-creme,Fenty Eau De Parfum Travel Spray + Mini Body Crème Set,Cosmetics,excluded,excluded by the set/kit/tool/non-makeup word list,False,False
Fenty Beauty,high_end,8396331253805,stunna-lip-paint-longwear-fluid-lip-color-unbutton,Stunna Lip Paint Longwear Fluid Lip Color — Unbutton,Lipstick,lipstick,lipstick <- 'lipstick' in product_type|title,False,False
Fenty Beauty,high_end,5293597556781,pro-filtr-instant-retouch-concealer-300-concealer,Pro Filt'r Instant Retouch Concealer — #300,Foundations & Concealers,concealer,concealer <- 'concealer' in product_type|title,False,False
Fenty Beauty,high_end,8323402006573,mini-killawatt-freestyle-highlighter-wattab,Mini Killawatt Freestyle Highlighter — Wattab!*%#,Highlighters & Luminizers,highlighter,highlighter <- 'highlight' in product_type|title,False,False
Fenty Beauty,high_end,8381983096877,fairy-bomb-wattacrush-heart-shimmer-puff,Fairy Bomb Wattacrush Heart Shimmer Puff,Body & Hair Glitter,excluded,excluded by the set/kit/tool/non-makeup word list,False,False
Fenty Beauty,high_end,8381982900269,gloss-bomb-universal-lip-luminizer-wattab,Gloss Bomb Universal Lip Luminizer — Wattab!*%#,Lip Gloss,lip_gloss,lip_gloss <- 'lip gloss' in product_type|title,False,False
Fenty Beauty,high_end,8381978443821,mini-killawatt-freestyle-highlighter-wattabrat,Mini Killawatt Freestyle Highlighter — Wattabrat,Highlighters & Luminizers,highlighter,highlighter <- 'highlight' in product_type|title,False,False
Fenty Beauty,high_end,7661056720941,fenty-skin-cleansing-cuffs,Fenty Skin Cleansing Cuffs,Accessories,unclassified,no §7 rule matched,False,False
Fenty Beauty,high_end,7845911691309,the-comeback-kid-deluxe-sample,The Comeback Kid Deluxe Sample,Fenty Hair Sample,excluded,excluded by the set/kit/tool/non-makeup word list,False,False
Fenty Beauty,high_end,8376326586413,butta-drop-hydrating-body-milk-vanilla-dream,Butta Drop Hydrating Body Milk — Vanilla Dream,Lotion & Moisturizer,excluded,excluded by the set/kit/tool/non-makeup word list,False,False
Fenty Beauty,high_end,8376333828141,fenty-treatz-hydrating-strengthening-lip-oil-cacao,Fenty Treatz Hydrating + Strengthening Lip Oil — Cacao,Lip Balms & Treatments,excluded,excluded by the set/kit/tool/non-makeup word list,False,False
Fenty Beauty,high_end,7845913755693,the-home-curl-type-deluxe-sample,The Homecurl Curl-Defining Cream Deluxe Sample,Fenty Hair Sample,excluded,excluded by the set/kit/tool/non-makeup word list,False,False
Fenty Beauty,high_end,8327790723117,lil-glossy-lil-thicc-2-piece-lip-eye-duo,"Lil’ Glossy, Lil’ Thicc 2-Piece Lip + Eye Duo",Cosmetics,excluded,excluded by the set/kit/tool/non-makeup word list,False,False
Fenty Beauty,high_end,8327792689197,fenty-fam-faves-3-piece-eye-lip-highlighter-set,"Fenty Fam Faves 3-Piece Eye, Lip + Highlighter Set",Lip Gloss,excluded,excluded by the set/kit/tool/non-makeup word list,False,False
Fenty Beauty,high_end,8369887608877,matte-n-shimmer-eyeshadow-stick-duo,Matte 'N Shimmer Eyeshadow Stick Duo,Eye Makeup,excluded,excluded by the set/kit/tool/non-makeup word list,False,False
Fenty Beauty,high_end,8368132587565,bold-eye-essentials-bundle-eyeshadow-stick-gel-eyeliner-mascara,"Bold Eye Essentials Bundle: Eyeshadow Stick, Gel Eyeliner + Mascara",Eye Makeup,excluded,excluded by the set/kit/tool/non-makeup word list,False,False
Fenty Beauty,high_end,8196137975853,fine-linez-lash-line-enhancing-eyeliner-cuz-im-black,Fine Linez Lash Line-Enhancing Eyeliner — Cuz I'm Black,Eyeliner,excluded,excluded by the set/kit/tool/non-makeup word list,False,False
Fenty Beauty,high_end,8290463219757,fine-linez-lash-line-enhancing-eyeliner-the-navy,Fine Linez Lash Line-Enhancing Eyeliner — The Navy,Eyeliner,excluded,excluded by the set/kit/tool/non-makeup word list,False,False
Fenty Beauty,high_end,8290462826541,fine-linez-lash-line-enhancing-eyeliner-in-big-truffle,Fine Linez Lash Line-Enhancing Eyeliner — In Big Truffle,Eyeliner,excluded,excluded by the set/kit/tool/non-makeup word list,False,False
Fenty Beauty,high_end,8290463481901,fine-linez-precision-gel-eyeliner-pencil-ca-h-you,Fine Linez Lash Line-Enhancing Eyeliner — Ca$h You,Eyeliner,excluded,excluded by the set/kit/tool/non-makeup word list,False,False
Fenty Beauty,high_end,8290463416365,fine-linez-lash-line-enhancing-eyeliner-vanilla-killa,Fine Linez Lash Line-Enhancing Eyeliner — Vanilla Killa,Eyeliner,excluded,excluded by the set/kit/tool/non-makeup word list,False,False
Fenty Beauty,high_end,8290463383597,fine-linez-lash-line-enhancing-eyeliner-naked-beach,Fine Linez Lash Line-Enhancing Eyeliner — Naked Beach,Eyeliner,excluded,excluded by the set/kit/tool/non-makeup word list,False,False
Fenty Beauty,high_end,8290463350829,fine-linez-lash-line-enhancing-eyeliner-wink-o-pink,Fine Linez Lash Line-Enhancing Eyeliner — Wink O' Pink,Eyeliner,excluded,excluded by the set/kit/tool/non-makeup word list,False,False
Fenty Beauty,high_end,8290463285293,fine-linez-lash-line-enhancing-eyeliner-riri,Fine Linez Lash Line-Enhancing Eyeliner — RiRi,Eyeliner,excluded,excluded by the set/kit/tool/non-makeup word list,False,False
Fenty Beauty,high_end,8290463121453,fine-linez-lash-line-enhancing-eyeliner-dont-clay-me,Fine Linez Lash Line-Enhancing Eyeliner — Don't Clay Me,Eyeliner,excluded,excluded by the set/kit/tool/non-makeup word list,False,False
Fenty Beauty,high_end,8290463023149,fine-linez-lash-line-enhancing-eyeliner-wet-t-shirt,Fine Linez Lash Line-Enhancing Eyeliner — Wet T-Shirt,Eyeliner,excluded,excluded by the set/kit/tool/non-makeup word list,False,False
Fenty Beauty,high_end,8369010933805,big-hydration-bundle-milky-slushie-lip-mask,"Big On Hydration: Milky Toner, Face Mask + Lip Mask Trio",Skin Care,excluded,excluded by the set/kit/tool/non-makeup word list,False,False
Fenty Beauty,high_end,8366765113389,dew-n-plump-day-night-bundle,Day + Night Hydrating Routine: Dew N Plump Serum + Slushie Mask,Skin Care,excluded,excluded by the set/kit/tool/non-makeup word list,False,False
Fenty Beauty,high_end,7199483494445,fenty-skin-shearling-pouch,Teddy Travel Bag,,excluded,excluded by the set/kit/tool/non-makeup word list,False,False
Fenty Beauty,high_end,7438718140461,poutsicle-hydrating-lip-stain-fuchsia-wife,Poutsicle Hydrating Lip Stain — Fuchsia Wife,Lip & Cheek Stains,lipstick,lipstick <- 'lip stain' in product_type|title,False,False
Fenty Beauty,high_end,7438719418413,poutsicle-hydrating-lip-stain-gem-and-i,Poutsicle Hydrating Lip Stain — Gem and I,Lip & Cheek Stains,lipstick,lipstick <- 'lip stain' in product_type|title,False,False
Fenty Beauty,high_end,8353700872237,dew-n-plump-hydrating-face-mist,Dew N Plump Hydrating Nectar Face Mist,Skin Care,unclassified,no §7 rule matched,False,False
Fenty Beauty,high_end,8353701953581,dew-n-plump-intense-hydration-face-mask,Dew N Plump Intense Hydration Slushie Overnight Face Mask,Skin Care Masks & Peels,unclassified,no §7 rule matched,False,False
Fenty Beauty,high_end,7965900537901,fenty-skin-eye-mask,Patch Ya Bags Reusable Under Eye Masks,Skin Care,unclassified,no §7 rule matched,False,False
Fenty Beauty,high_end,8098443264045,plump-n-juicy,Dew N Plump Hydrating Nectar Serum Packette,,excluded,excluded by the set/kit/tool/non-makeup word list,False,False
Fenty Beauty,high_end,8159015075885,gloss-bomb-fuzzy-keychain,Fuzzy Gloss Bomb Holder,,lip_gloss,lip_gloss <- 'gloss' in product_type|title,False,False
Fenty Beauty,high_end,8123920220205,gloss-bomb-universal-lip-luminizer-grape-splash,Gloss Bomb Universal Lip Luminizer — Grape Splash,Lip Gloss,lip_gloss,lip_gloss <- 'lip gloss' in product_type|title,False,False
Fenty Beauty,high_end,8340038746157,clf-bundle,CLF Bundle,Bath & Body,excluded,excluded by the set/kit/tool/non-makeup word list,False,False
Fenty Beauty,high_end,8280997462061,match-stix-glow-skinstick-purrrl,Match Stix Glow Skinstick — Purrrl,Highlighters & Luminizers,highlighter,highlighter <- 'highlight' in product_type|title,False,False
Fenty Beauty,high_end,8280994676781,diamond-bomb-all-over-diamond-veil-rose-rave-1,Diamond Bomb All-Over Diamond Veil — Rosé Rave,Highlighters & Luminizers,highlighter,highlighter <- 'highlight' in product_type|title,False,False
Fenty Beauty,high_end,8207142813741,traced-out-dual-pencil-sharpener,Trace'd Out Dual Pencil Sharpener,Cosmetic Tools,excluded,excluded by the set/kit/tool/non-makeup word list,False,False
Fenty Beauty,high_end,7545019564077,fenty-skin-embossed-bag,Fenty Skin Embossed Bag,,excluded,excluded by the set/kit/tool/non-makeup word list,False,False
Fenty Beauty,high_end,8071945617453,gloss-bomb-universal-lip-luminizer-deluxe-sample-champ-stamp,Gloss Bomb Universal Lip Luminizer Deluxe Sample - Champ Stamp,Lip Gloss,excluded,excluded by the set/kit/tool/non-makeup word list,False,False
Fenty Beauty,high_end,8277800910893,hella-thicc-volumizing-mascara-electrip-blue,Hella Thicc Volumizing Mascara — Elec'Trip Blue,Mascara,mascara,mascara <- 'mascara' in product_type|title,False,False
Fenty Beauty,high_end,7958459056173,mini-mirror-with-sleeve,Mini Mirror with Sleeve,,unclassified,no §7 rule matched,False,False
Fenty Beauty,high_end,6637418545197,butta-drop-packette,Butta Drop Packette,Lotion & Moisturizer,excluded,excluded by the set/kit/tool/non-makeup word list,False,False
Fenty Beauty,high_end,7994157465645,lil-butta-dropz-mini-shimmering-whipped-oil-body-cream-trio,Lil Butta Dropz Mini Shimmering Whipped Oil Body Cream Trio,Lotion & Moisturizer,excluded,excluded by the set/kit/tool/non-makeup word list,False,False
Fenty Beauty,high_end,7054387150893,gloss-bomb-key-chain,Gloss Bomb Key Chain,,lip_gloss,lip_gloss <- 'gloss' in product_type|title,False,False
Fenty Beauty,high_end,7465317466157,triple-drip-gloss-bomb-trio,Triple Drip Gloss Bomb Trio,Lip Gloss,excluded,excluded by the set/kit/tool/non-makeup word list,False,False
Fenty Beauty,high_end,8207142060077,arcane-hydra-vizor-set-mineral-spf-eu,"Arcane Hydra Vizor Mystery Box Moisturizer Sunscreen + Collector's Case, Mineral SPF",Lotion & Moisturizer,excluded,excluded by the set/kit/tool/non-makeup word list,False,False
Fenty Beauty,high_end,8207139897389,arcane-hydra-vizor-mystery-box-moisturizer-sunscreen-collectors-case,Arcane Hydra Vizor Mystery Box Moisturizer Sunscreen + Collector's Case,US,excluded,excluded by the set/kit/tool/non-makeup word list,False,False
Fenty Beauty,high_end,7994157793325,gloss-bomb-universal-lip-luminizer-kaboom,Gloss Bomb Universal Lip Luminizer: Arcane Collection — Kaboom,Lip Gloss,lip_gloss,lip_gloss <- 'lip gloss' in product_type|title,False,False
Fenty Beauty,high_end,7994157858861,gloss-bomb-universal-lip-luminizer-arcane-collection-rebel-raisr,Gloss Bomb Universal Lip Luminizer: Arcane Collection — Rebel Rais'r,Lip Gloss,lip_gloss,lip_gloss <- 'lip gloss' in product_type|title,False,False
Haus Labs,high_end,8922480640088,the-edge-lip-shaping-pencil,The Edge Lip Shaping Pencil,LIP,unclassified,no §7 rule matched,False,False
Haus Labs,high_end,8912658563160,high-shine-edit,High Shine Edit,SETS,excluded,excluded by the set/kit/tool/non-makeup word list,False,False
Haus Labs,high_end,8912655777880,jet-set-edit,Jet Set Edit,SETS,excluded,excluded by the set/kit/tool/non-makeup word list,False,False
Haus Labs,high_end,8908549783640,marketing-gifing-card-love-haus-labs,"Marketing Gifing Card - Love, Haus Labs",,excluded,excluded by the set/kit/tool/non-makeup word list,False,False
Haus Labs,high_end,8908513280088,marketing-gifing-card-welcome-to-haus-labs,Marketing Gifing Card - Welcome to HAUS LABS,,excluded,excluded by the set/kit/tool/non-makeup word list,False,False
Haus Labs,high_end,8908508790872,marketing-gifing-card-xoxo-haus-labs,Marketing Gifing Card - XOXO HAUS LABS,,excluded,excluded by the set/kit/tool/non-makeup word list,False,False
Haus Labs,high_end,7086756986968,optic-intensity-gel-eyeliner,Optic Intensity Gel Eyeliner,EYE,out_of_scope,out of scope <- 'eyeliner' (not a §7 category),False,False
Haus Labs,high_end,8740152016984,atomic-shake-lip-lacquer-setting-fan,Atomic Shake Lip Lacquer Setting Fan,,lip_gloss,lip_gloss <- 'lip lacquer' in product_type|title,False,False
Haus Labs,high_end,8740154769496,atomic-shake-lip-lacquer,Atomic Shake Lip Lacquer,LIP,lip_gloss,lip_gloss <- 'lip lacquer' in product_type|title,False,False
Haus Labs,high_end,8234200203352,soft-focus-glow-set,Soft Focus Glow Set,SETS,excluded,excluded by the set/kit/tool/non-makeup word list,False,False
Haus Labs,high_end,8412287533144,sun-kissed-skin-set,Sun-Kissed Skin Set,SETS,excluded,excluded by the set/kit/tool/non-makeup word list,False,False
Haus Labs,high_end,8173106823256,icons,Icons,SETS,excluded,excluded by the set/kit/tool/non-makeup word list,False,False
Haus Labs,high_end,8662837002328,powder-brush,Powder Brush,FACE,excluded,excluded by the set/kit/tool/non-makeup word list,False,False
Haus Labs,high_end,8644687200344,foundation-sample-kit,Triclone™ Skin Tech Foundation Sample Kit,FACE,excluded,excluded by the set/kit/tool/non-makeup word list,False,False
Haus Labs,high_end,8634624409688,discovery-set-order-confirmation,Discovery Set Order Confirmation,,excluded,excluded by the set/kit/tool/non-makeup word list,False,False
Haus Labs,high_end,8407170908248,haus-labs-e-gift-card,Haus Labs® E-Gift Card,Gift Cards,excluded,excluded by the set/kit/tool/non-makeup word list,False,False
Haus Labs,high_end,8207826321496,highlighter-set,Highlighter Set,SETS,excluded,excluded by the set/kit/tool/non-makeup word list,False,False
Haus Labs,high_end,8520767766616,i-love-you-set,I Love You Set,SETS,excluded,excluded by the set/kit/tool/non-makeup word list,False,False
Haus Labs,high_end,8456872853592,contour-kit,Contour Kit,SETS,excluded,excluded by the set/kit/tool/non-makeup word list,False,False
Haus Labs,high_end,8444306522200,dual-ended-precision-sculpting-brush,Dual-Ended Precision Sculpting Brush,TOOLS,excluded,excluded by the set/kit/tool/non-makeup word list,False,False
Haus Labs,high_end,8444242952280,precision-sculpt-shaping-balm,Precision Sculpt Shaping Balm,FACE,unclassified,no §7 rule matched,False,False
Haus Labs,high_end,8438141452376,precision-sculpt-shaping-balm-info-card,Ratings And Reviews Sculpting Balm Marketing Card,,excluded,excluded by the set/kit/tool/non-makeup word list,False,False
Haus Labs,high_end,8419737927768,triclone-skin-tech-concealer-doe-foot,Triclone Skin Tech Concealer Doe Foot,,concealer,concealer <- 'concealer' in product_type|title,False,False
Haus Labs,high_end,7883252760664,color-fuse-glassy-blush-balm-stick,Color Fuse Glassy Blush Balm Stick,CHEEK,cream_blush,cream_blush <- 'blush balm stick' in product_type|title,False,False
Haus Labs,high_end,7086499102808,power-sculpt-velvet-bronzer,Power Sculpt® Velvet Bronzer,CHEEK,bronzer,bronzer <- 'bronzer' in product_type|title,False,False
Haus Labs,high_end,8311884972120,glaze-gaze,Glaze Gaze,SETS,excluded,excluded by the set/kit/tool/non-makeup word list,False,False
Haus Labs,high_end,8295607271512,bio-radiant-glassy-highlighter-balm,Bio-Radiant™ Glassy Highlighter Balm,CHEEK,highlighter,highlighter <- 'highlight' in product_type|title,False,False
Haus Labs,high_end,8243637289048,perfect-skin-no-filter,"Perfect Skin, No Filter",SETS,excluded,excluded by the set/kit/tool/non-makeup word list,False,False
Haus Labs,high_end,8234200236120,art-artifice,Art & Artifice,SETS,excluded,excluded by the set/kit/tool/non-makeup word list,False,False
Haus Labs,high_end,8218222264408,b-structural-mascara,B Structural Volumizing + Lengthening Mascara,EYE,mascara,mascara <- 'mascara' in product_type|title,False,False
Haus Labs,high_end,8218222231640,b-structural-mascara-sample,B Structural Mascara Sample,,excluded,excluded by the set/kit/tool/non-makeup word list,False,False
Haus Labs,high_end,8075040194648,clear-cut-liquid-eyeliner,Clear Cut Liquid Eyeliner,EYE,out_of_scope,out of scope <- 'eyeliner' (not a §7 category),False,False
Haus Labs,high_end,7566261223512,dual-ended-multi-purpose-brush,Dual-Ended Multi-Purpose Brush,CHEEK,excluded,excluded by the set/kit/tool/non-makeup word list,False,False
Haus Labs,high_end,7352758173784,color-fuse-blush,Color Fuse Blush Powder,CHEEK,powder_blush,powder_blush <- 'blush' in product_type|title,False,False
Haus Labs,high_end,7548136685656,phd-hybrid-lip-glaze,Phd Hybrid Lip Glaze,LIP,unclassified,no §7 rule matched,False,False
Haus Labs,high_end,7413166702680,triclone-skin-tech-concealer-sample,Triclone™ Skin Tech Hydrating + De-Puffing Concealer Sample,,excluded,excluded by the set/kit/tool/non-makeup word list,False,False
Haus Labs,high_end,7370953654360,triclone-skin-tech-concealer,Triclone™ Skin Tech Concealer,FACE,concealer,concealer <- 'concealer' in product_type|title,False,False
Haus Labs,high_end,7370953490520,concealer-brush,Concealer Brush,FACE,excluded,excluded by the set/kit/tool/non-makeup word list,False,False
Haus Labs,high_end,7348186153048,triclone-skin-tech-foundation-discovery-set-info-card,Discovery Set Info Card,,excluded,excluded by the set/kit/tool/non-makeup word list,False,False
Haus Labs,high_end,7348187824216,triclone-skin-tech-foundation-discovery-set,Triclone™ Skin Tech Foundation Discovery Set,FACE,excluded,excluded by the set/kit/tool/non-makeup word list,False,False
Haus Labs,high_end,7326749524056,triclone-skin-tech-medium-coverage-foundation-sample,Triclone™ Skin Tech Medium Coverage Foundation Sample,,excluded,excluded by the set/kit/tool/non-makeup word list,False,False
Haus Labs,high_end,7154377031768,foundation-brush,Foundation Brush,FACE,excluded,excluded by the set/kit/tool/non-makeup word list,False,False
Haus Labs,high_end,7153851498584,bio-blurring-loose-setting-powder,Bio-Blurring Loose Setting Powder,FACE,setting_powder,setting_powder <- 'blurring' in product_type|title,False,False
Haus Labs,high_end,7153812734040,triclone-skin-tech-medium-coverage-foundation,Triclone™ Skin Tech Foundation,FACE,foundation,foundation <- 'foundation' in product_type|title,False,False
Haus Labs,high_end,7097651757144,phd-hybrid-lip-oil,Phd Hybrid Lip Oil,LIP,excluded,excluded by the set/kit/tool/non-makeup word list,False,False
Haus Labs,high_end,7086733852760,bio-radiant-gel-powder-highlighter,Bio-Radiant Gel-Powder Highlighter,CHEEK,highlighter,highlighter <- 'highlight' in product_type|title,False,False
Haus Labs,high_end,7086664777816,le-monster-lip-crayon,Le Monster Lip Crayon,LIP,unclassified,no §7 rule matched,False,False
Haus Labs,high_end,6626284699736,channel-kindness-stories-of-kindness-community,Channel Kindness: Stories Of Kindness + Community,,unclassified,no §7 rule matched,False,False
Huda Beauty,high_end,10659435446550,lip-contour-stain-duo-set_159,Lip Contour & Stain Duo,,excluded,excluded by the set/kit/tool/non-makeup word list,False,False
Huda Beauty,high_end,10654624252182,jelly-stained-lip-kit-set_158,Jelly Stained Lip Kit,,excluded,excluded by the set/kit/tool/non-makeup word list,False,False
Huda Beauty,high_end,10649194397974,lip-stain-collection-set_157,Lip Stain Collection,,lipstick,lipstick <- 'lip stain' in product_type|title,False,False
Huda Beauty,high_end,10237089710358,mini-undereye-routine-kit-set_105,Mini Undereye Routine Kit,,excluded,excluded by the set/kit/tool/non-makeup word list,False,False
Huda Beauty,high_end,10364428189974,bake-press-kit-set_119,Bake & Press Kit,,excluded,excluded by the set/kit/tool/non-makeup word list,False,False
Huda Beauty,high_end,10593877623062,she-flirty-lip-kit-set_154,She Flirty Lip Kit,,excluded,excluded by the set/kit/tool/non-makeup word list,False,False
Huda Beauty,high_end,10593892499734,coco-honey-lip-kit-set_155,Coco Honey Lip Kit,,excluded,excluded by the set/kit/tool/non-makeup word list,False,False
Huda Beauty,high_end,10593862811926,hudas-signature-lip-kit-set_153,Huda's Signature Lip Kit,,excluded,excluded by the set/kit/tool/non-makeup word list,False,False
Huda Beauty,high_end,10594741846294,lip-stain-trio-set_156,Lip Stain Trio,,excluded,excluded by the set/kit/tool/non-makeup word list,False,False
Huda Beauty,high_end,10548794392854,liquid-matte-mousse-hb01813m,Liquid Matte Mousse,,unclassified,no §7 rule matched,False,False
Huda Beauty,high_end,10588206301462,the-liquid-matte-mousse-collection-set_144,The Liquid Matte Mousse Collection,,unclassified,no §7 rule matched,False,False
Huda Beauty,high_end,10588318794006,rich-brown-lip-duo-set_152,Rich Brown Lip Duo,,excluded,excluded by the set/kit/tool/non-makeup word list,False,False
Huda Beauty,high_end,10583952851222,baby-pink-lip-duo-set_145,Baby Pink Lip Duo,,excluded,excluded by the set/kit/tool/non-makeup word list,False,False
Huda Beauty,high_end,10588281340182,honey-nude-lip-duo-set_146,Honey Nude Lip Duo,,excluded,excluded by the set/kit/tool/non-makeup word list,False,False
Huda Beauty,high_end,10588285862166,rosy-nude-lip-duo-set_147,Rosy Nude Lip Duo,,excluded,excluded by the set/kit/tool/non-makeup word list,False,False
Huda Beauty,high_end,10588292219158,mocha-mauve-lip-duo-set_148,Mocha Mauve Lip Duo,,excluded,excluded by the set/kit/tool/non-makeup word list,False,False
Huda Beauty,high_end,10588299395350,warm-brown-lip-duo-set_149,Warm Brown Lip Duo,,excluded,excluded by the set/kit/tool/non-makeup word list,False,False
Huda Beauty,high_end,10588304310550,bombshell-brown-lip-duo-set_150,Bombshell Brown Lip Duo,,excluded,excluded by the set/kit/tool/non-makeup word list,False,False
Huda Beauty,high_end,10588313714966,berry-brown-lip-duo-set_151,Berry Brown Lip Duo,,excluded,excluded by the set/kit/tool/non-makeup word list,False,False
Huda Beauty,high_end,10236963029270,the-under-eye-routine-kit-set_52,The Under Eye Routine Kit,,excluded,excluded by the set/kit/tool/non-makeup word list,False,False
Huda Beauty,high_end,10463204999446,summers-hottest-look-set_136,Summer's Hottest Look Kit,,excluded,excluded by the set/kit/tool/non-makeup word list,False,False
Huda Beauty,high_end,10234763804950,faux-filler-jelly-oil-kit-set_92,Faux Filler Jelly Oil Kit,,excluded,excluded by the set/kit/tool/non-makeup word list,False,False
Huda Beauty,high_end,10234763968790,lip-stain-oil-kit-set_91,Lip Stain & Oil Kit,,excluded,excluded by the set/kit/tool/non-makeup word list,False,False
Huda Beauty,high_end,10234765345046,lip-stain-oil-kit-set_102,Lip Stain & Oil Kit,,excluded,excluded by the set/kit/tool/non-makeup word list,False,False
Huda Beauty,high_end,10236969812246,easy-routine-kit-set_56,Easy Routine Kit,,excluded,excluded by the set/kit/tool/non-makeup word list,False,False
Huda Beauty,high_end,10237138698518,the-undereye-buff-brush-kit-set_108,The Undereye Buff Brush Kit,,excluded,excluded by the set/kit/tool/non-makeup word list,False,False
Huda Beauty,high_end,10236396011798,prime-blur-bake-set-kit-set_72,"Prime, Blur, Bake & Set Kit",,excluded,excluded by the set/kit/tool/non-makeup word list,False,False
Huda Beauty,high_end,10364466233622,the-prime-blur-press-kit-set_120,"The Prime, Blur & Press Kit",,excluded,excluded by the set/kit/tool/non-makeup word list,False,False
Huda Beauty,high_end,10237112451350,the-ultimate-under-eye-routine-set_106,The Ultimate Under Eye Routine,,unclassified,no §7 rule matched,False,False
Huda Beauty,high_end,10420702445846,brand-refresh-puffs-4-pack-hb01549,Powder Puffs 4 Pack,,pressed_powder,pressed_powder <- 'powder' in product_type|title,False,False
Huda Beauty,high_end,10396056682774,mini-vanity-bag-hb01764,Mini Vanity Bag - FREE WITH 50ML + 10ML EDP,,excluded,excluded by the set/kit/tool/non-makeup word list,False,False
Huda Beauty,high_end,10495439765782,easy-bake-intense-edp-1-5ml-deluxe-sample-hb01513,Easy Bake Intense EDP 1.5ml Deluxe Sample,,excluded,excluded by the set/kit/tool/non-makeup word list,True,False
Huda Beauty,high_end,10500704829718,easy-bake-intense-duo-set_138,Easy Bake Intense Duo,,excluded,excluded by the set/kit/tool/non-makeup word list,False,False
Huda Beauty,high_end,10500698571030,easy-bake-intense-kit-set_137,Easy Bake Intense Kit,,excluded,excluded by the set/kit/tool/non-makeup word list,False,False
Huda Beauty,high_end,10494491525398,easy-bake-intense-eau-de-parfum-50ml-hb01351,Easy Bake Intense Eau de Parfum 50ml,,unclassified,no §7 rule matched,True,False
Huda Beauty,high_end,10493346578710,travel-spray-fragrance-holder-with-charms-hb01989,Travel Spray Fragrance Holder With Charms,,unclassified,no §7 rule matched,False,False
Huda Beauty,high_end,10477842694422,easy-bake-intense-eau-de-parfum-travel-spray-10ml-hb01781,Easy Bake Intense Eau De Parfum Travel Spray 10ml,,unclassified,no §7 rule matched,True,False
Huda Beauty,high_end,10502157435158,the-lipcealer-effect-kit-set_139,The LipCealer Effect Kit,,excluded,excluded by the set/kit/tool/non-makeup word list,False,False
Huda Beauty,high_end,10234764165398,rich-brown-cherry-kit-set_98,Rich Brown Cherry Kit,,excluded,excluded by the set/kit/tool/non-makeup word list,False,False
Huda Beauty,high_end,10462410735894,baby-blush-mild-mocktail-duo-kit-hb01664,Baby Blush Mild Mocktail Duo Kit,,excluded,excluded by the set/kit/tool/non-makeup word list,False,False
Huda Beauty,high_end,10462395859222,baby-blush-intense-mocktail-duo-kit-hb01732,Baby Blush Intense Mocktail Duo Kit,,excluded,excluded by the set/kit/tool/non-makeup word list,False,False
Huda Beauty,high_end,10396034695446,hb-xl-vanity-hb01950,Huda Beauty Large Vanity Bag,,excluded,excluded by the set/kit/tool/non-makeup word list,False,False
Huda Beauty,high_end,10396030894358,hb-key-charms-hb01820,Huda Beauty Key Charms,,unclassified,no §7 rule matched,False,False
Huda Beauty,high_end,10396023456022,hb-glossy-mirror-hb01951,Huda Beauty Glossy Heart Mirror,,unclassified,no §7 rule matched,False,False
Huda Beauty,high_end,10305187217686,blush-filter-blurring-blushlighters-palette-hb01577m,Blush Filter Blurring Blushlighters Palette,,powder_blush,powder_blush <- 'blush' in product_type|title,False,False
Huda Beauty,high_end,10234756333846,life-liner-quick-n-easy-black-mini-hb00848,Life Liner Quick 'N Easy Black Mini,,out_of_scope,out of scope <- 'liner' (not a §7 category),False,False
Huda Beauty,high_end,10234761085206,fauxfilter-luminous-matte-foundation-mini-hb01123m,#FauxFilter Luminous Matte Foundation Mini,,foundation,foundation <- 'foundation' in product_type|title,False,False
Huda Beauty,high_end,10234749419798,mini-glow-obsessions-highlighter-face-palette-hb00577m,Mini Glow Obsessions Highlighter Face Palette,,highlighter,highlighter <- 'highlight' in product_type|title,False,False
Huda Beauty,high_end,10234760790294,easy-bake-powder-puff-duo-hb01289,Easy Bake Powder Puff Duo,,excluded,excluded by the set/kit/tool/non-makeup word list,False,False
Huda Beauty,high_end,10234755842326,cheeky-tint-blush-stick-brush-hb00662,Cheeky Tint Blush Stick Brush,,excluded,excluded by the set/kit/tool/non-makeup word list,False,False
Huda Beauty,high_end,10234756563222,conceal-blend-complexion-brush-hb00931,Conceal & Blend Complexion Brush,,excluded,excluded by the set/kit/tool/non-makeup word list,False,False
Huda Beauty,high_end,10234754400534,habibti-face-and-lip-set-hb01382,Habibti Face and Lip Set,,excluded,excluded by the set/kit/tool/non-makeup word list,False,False
Huda Beauty,high_end,10234757153046,hoodie-flares-25-classic-lashes-hb00919,Hoodie Flares #25 Classic Lashes,,excluded,excluded by the set/kit/tool/non-makeup word list,False,False
Huda Beauty,high_end,10234750992662,glowish-all-over-face-powder-brush-hb00674,GloWish All Over Face Powder Brush,,excluded,excluded by the set/kit/tool/non-makeup word list,False,False
Huda Beauty,high_end,10234745028886,hoodie-false-lashes-hb00322,Hoodie False Lashes,,excluded,excluded by the set/kit/tool/non-makeup word list,False,False
Huda Beauty,high_end,10234743226646,faux-mink-lash-jade-13-hb00050,Faux Mink Lash - Jade #13,,excluded,excluded by the set/kit/tool/non-makeup word list,False,False
Huda Beauty,high_end,10234743161110,faux-mink-lash-farah-12-hb00049,Faux Mink Lash - Farah #12,,excluded,excluded by the set/kit/tool/non-makeup word list,False,False
Huda Beauty,high_end,10234742931734,classic-false-lash-candy-5-hb00042,Classic False Lash - Candy #5,,excluded,excluded by the set/kit/tool/non-makeup word list,False,False
Huda Beauty,high_end,10234755809558,cheeky-tint-blush-stick-hb00644m,Cheeky Tint Blush Stick,,cream_blush,cream_blush <- 'blush stick' in product_type|title,False,False
Huda Beauty,high_end,10234759545110,glowish-makeup-bag-hb01141,Glowish Makeup Bag,,excluded,excluded by the set/kit/tool/non-makeup word list,False,False
Huda Beauty,high_end,10234747486486,naughty-nude-eyeshadow-palette-hb00500,Naughty Nude Eyeshadow Palette,,eyeshadow_palette,eyeshadow_palette <- 'eyeshadow palette' in product_type|title,False,False
Huda Beauty,high_end,10234742898966,classic-false-lash-giselle-1-hb00038,Classic False Lash - Giselle #1,,excluded,excluded by the set/kit/tool/non-makeup word list,False,False
Huda Beauty,high_end,10234753351958,icy-nude-pouch-hb01558,Icy Nude Pouch,,excluded,excluded by the set/kit/tool/non-makeup word list,False,False
Huda Beauty,high_end,10234752499990,easy-bake-powder-puff-hb01480,Easy Bake Powder Puff,,pressed_powder,pressed_powder <- 'powder' in product_type|title,False,False
Huda Beauty,high_end,10234752827670,easy-blur-foundation-beauty-seal-10-shades-hb01204,Easy Blur Foundation Beauty Seal (10 Shades),,foundation,foundation <- 'foundation' in product_type|title,False,False
Huda Beauty,high_end,10234759840022,huda-beauty-1-coat-wow-extra-volumizing-and-lifting-mascara-deluxe-sample-hb01022,HUDA BEAUTY 1 COAT WOW! Extra Volumizing and Lifting Mascara Deluxe Sample,,excluded,excluded by the set/kit/tool/non-makeup word list,False,False
Huda Beauty,high_end,10234762199318,easy-bake-loose-powder-blister-6-x-0-15g-hb01360,Easy Bake Loose Powder Blister 6 x 0.15g,,setting_powder,setting_powder <- 'loose powder' in product_type|title,True,False
Huda Beauty,high_end,10234754269462,baby-blush-duo-pink-and-peach-hb01378,Baby Blush Duo Pink And Peach,,excluded,excluded by the set/kit/tool/non-makeup word list,False,False
Huda Beauty,high_end,10234756301078,color-block-precision-liner-brush-set-c003423,Color Block Precision Liner Brush Set,,excluded,excluded by the set/kit/tool/non-makeup word list,False,False
Huda Beauty,high_end,10234761019670,lip-contour-2-0-automatic-matte-lip-pencil-mini-hb01031m,Lip Contour 2.0 Automatic Matte Lip Pencil Mini,,lip_liner,lip_liner <- 'lip pencil' in product_type|title,False,False
Huda Beauty,high_end,10315460870422,faux-filter-concealer-and-color-corrector-sample-card-2025-hb01461,Faux Filter Concealer And Color Corrector Sample Card 2025,,excluded,excluded by the set/kit/tool/non-makeup word list,False,False
Huda Beauty,high_end,10353666228502,easy-bake-pressed-powder-phone-grip-hb01821m,Easy Bake Pressed Powder Phone Grip,,pressed_powder,pressed_powder <- 'pressed powder' in product_type|title,False,False
Huda Beauty,high_end,10334320230678,faux-filler-extra-shine-lip-gloss-hb01251m,FAUX FILLER Extra Shine Lip Gloss,,lip_gloss,lip_gloss <- 'lip gloss' in product_type|title,False,False
Huda Beauty,high_end,10390676734230,habibti-rosy-pink-lip-duo-2026-measat-hb01758,Habibti Rosy Pink Lip Duo,,excluded,excluded by the set/kit/tool/non-makeup word list,False,False
Huda Beauty,high_end,10390576365846,habibti-lip-and-cheek-best-sellers-kit-2026-measat-hb01756,Habibti Lip And Cheek Best Sellers Kit,,excluded,excluded by the set/kit/tool/non-makeup word list,False,False
Huda Beauty,high_end,10390549463318,habibti-rosy-pink-lip-duo-2026-hb01682,Habibti Rosy Pink Lip Duo,,excluded,excluded by the set/kit/tool/non-makeup word list,False,False
Huda Beauty,high_end,10389890597142,habibti-lip-and-cheek-best-sellers-kit-2026-hb01665,Habibti Lip And Cheek Best Sellers Kit,,excluded,excluded by the set/kit/tool/non-makeup word list,False,False
Huda Beauty,high_end,10234749452566,wrap-it-up-face-mask-holder-wf00038m,Wrap It Up Face Mask Holder,,unclassified,no §7 rule matched,False,False
Huda Beauty,high_end,10234752860438,mini-easy-blur-natural-airbrush-foundation-with-niacinamide-hb01331m,Mini Easy Blur Natural Airbrush Foundation with Niacinamide,,foundation,foundation <- 'foundation' in product_type|title,False,False
Huda Beauty,high_end,10234745454870,yo-glow-aha-bha-facial-enzyme-scrub-wf00001m,Yo Glow AHA & BHA Facial Enzyme Scrub,,unclassified,no §7 rule matched,False,False
Huda Beauty,high_end,10234754662678,easy-bake-setting-spray-deluxe-sample-hb01399,Easy Bake Setting Spray Deluxe Sample,,excluded,excluded by the set/kit/tool/non-makeup word list,False,False
Huda Beauty,high_end,10234764329238,easy-blur-primer-mini-bronze-fudge-hb01677,Mini Easy Blur Silicone-Free Smoothing Primer Bronze Fudge,,primer,primer <- 'primer' in product_type|title,False,False
Huda Beauty,high_end,10234760954134,huda-beauty-1-coat-wow-extra-volumizing-and-lifting-mascara-mini-hb01040,Huda Beauty 1 Coat WOW! Extra Volumizing and Lifting Mascara Mini,,mascara,mascara <- 'mascara' in product_type|title,False,False
Huda Beauty,high_end,10234761052438,liquid-matte-ultra-comfort-transfer-proof-lipstick-mini-hb01034m,Liquid Matte Ultra-Comfort Transfer-Proof Lipstick Mini,,lipstick,lipstick <- 'lipstick' in product_type|title,False,False
Huda Beauty,high_end,10234754695446,mini-easy-bake-setting-spray-with-16-hour-wear-hb01393,Mini Easy Bake Setting Spray with 16-Hour Wear,,setting_spray,setting_spray <- 'setting spray' in product_type|title,False,False
Huda Beauty,high_end,10234764460310,mini-easy-blur-silicone-free-smoothing-pore-minimizing-primer-hb01507,Mini Easy Blur Silicone-Free Smoothing & Pore Minimizing Primer,,primer,primer <- 'primer' in product_type|title,False,False
Huda Beauty,high_end,10339823845654,easy-bake-marshmallow-puff-and-sponge-hb01566,Easy Bake Marshmallow Puff & Sponge,,excluded,excluded by the set/kit/tool/non-makeup word list,False,False
Huda Beauty,high_end,10333579149590,easy-bake-pressed-powder-hb01500m,Easy Bake Pressed Powder,,pressed_powder,pressed_powder <- 'pressed powder' in product_type|title,False,False
Huda Beauty,high_end,10234764656918,mini-fauxfilter-color-corrector-hb01509m,Mini #FauxFilter Color Corrector,,unclassified,no §7 rule matched,False,False
Huda Beauty,high_end,10234764624150,mini-fauxfilter-luminous-matte-liquid-concealer-hb01211m,Mini #FauxFilter Luminous Matte Liquid Concealer,,concealer,concealer <- 'concealer' in product_type|title,False,False
Huda Beauty,high_end,10234764296470,mini-easy-bake-loose-baking-setting-powder-hb01420m,Mini Easy Bake Loose Baking & Setting Powder,,setting_powder,setting_powder <- 'setting powder' in product_type|title,False,False
Huda Beauty,high_end,10316267159830,scrunchie-gwp-hb01542,Scrunchie Gift,,excluded,excluded by the set/kit/tool/non-makeup word list,False,False
Huda Beauty,high_end,10316263620886,makeup-brush-holder-gwp-hb01547,Makeup Brush Holder Gift,,excluded,excluded by the set/kit/tool/non-makeup word list,False,False
Huda Beauty,high_end,10316263031062,water-bottle-gwp-hb01541,Water Bottle GWP,,unclassified,no §7 rule matched,False,False
Huda Beauty,high_end,10316239077654,scrunchie-gwp-hb01689,Scrunchie Gift,,excluded,excluded by the set/kit/tool/non-makeup word list,False,False
Huda Beauty,high_end,10315617534230,makeup-brush-holder-gwp-hb01688,Makeup Brush Holder Gift,,excluded,excluded by the set/kit/tool/non-makeup word list,False,False
Huda Beauty,high_end,10315478892822,water-bottle-gwp-hb01687,Water Bottle Gift,,excluded,excluded by the set/kit/tool/non-makeup word list,False,False
Huda Beauty,high_end,10315471585558,easy-blur-primer-sachet-2025-hb01493,Easy Blur Primer Sachet 2025,,primer,primer <- 'primer' in product_type|title,False,False
Huda Beauty,high_end,10315470209302,easy-bake-loose-powder-blister-6-x-0-15g-2025-hb01465,Easy Bake Loose Powder Blister 6 x 0.15g 2025,,setting_powder,setting_powder <- 'loose powder' in product_type|title,True,False
Huda Beauty,high_end,10315467718934,easy-bake-loose-powder-pound-cake-deluxe-sample-hb01135,Easy Bake Loose Powder Pound Cake Deluxe Sample,,excluded,excluded by the set/kit/tool/non-makeup word list,False,False
Huda Beauty,high_end,10314787389718,cheek-lip-duo-berries-and-cream-hb01752,Cheek & Lip Duo Berries and Cream,,excluded,excluded by the set/kit/tool/non-makeup word list,False,False
Huda Beauty,high_end,10314780311830,mini-blur-set-duo-hb01755,Mini Blur & Set Duo,,excluded,excluded by the set/kit/tool/non-makeup word list,False,False
Huda Beauty,high_end,10314780016918,makeout-sesh-lip-duo-peachy-nudes-hb01754,Makeout Sesh Lip Duo Peachy Nudes,,excluded,excluded by the set/kit/tool/non-makeup word list,False,False
Huda Beauty,high_end,10314779689238,makeout-sesh-lip-duo-rosy-nudes-hb01753,Makeout Sesh Lip Duo Rosy Nudes,,excluded,excluded by the set/kit/tool/non-makeup word list,False,False
Huda Beauty,high_end,10234765181206,easy-bake-sifter-without-mesh-hb01571,Easy Bake Sifter Without Mesh,,unclassified,no §7 rule matched,False,False
Huda Beauty,high_end,10234765312278,huda-beauty-mirror-hb01863,Huda Beauty Mirror,,unclassified,no §7 rule matched,False,False
Huda Beauty,high_end,10234764722454,pink-makeup-bag-set-hb01614,Pink Makeup Bag Set,,excluded,excluded by the set/kit/tool/non-makeup word list,False,False
Huda Beauty,high_end,10234764755222,heart-shaped-mirror-hb01613,Heart Shaped Mirror,,unclassified,no §7 rule matched,False,False
Huda Beauty,high_end,10234764820758,pink-makeup-bag-set-hb01559,Pink Makeup Bag Set,,excluded,excluded by the set/kit/tool/non-makeup word list,False,False
Huda Beauty,high_end,10234764853526,heart-shaped-mirror-hb01540,Heart Shaped Mirror,,unclassified,no §7 rule matched,False,False
Huda Beauty,high_end,10234764886294,huda-beauty-tote-bag-hb01539,Huda Beauty Tote Bag,,excluded,excluded by the set/kit/tool/non-makeup word list,False,False
Huda Beauty,high_end,10234748371222,hand-mirror-c002514,Hand Mirror,,unclassified,no §7 rule matched,False,False
Huda Beauty,high_end,10234753679638,faux-filter-concealer-and-color-corrector-sample-card-hb01353,Faux Filter Concealer And Color Corrector Sample Card,,excluded,excluded by the set/kit/tool/non-makeup word list,False,False
Huda Beauty,high_end,10234764787990,easy-blur-foundation-sample-card-hb01464,Easy Blur Foundation Sample Card,,excluded,excluded by the set/kit/tool/non-makeup word list,False,False
Huda Beauty,high_end,10302977409302,diffusing-cheek-brush-hb01649,Diffusing Cheek Brush,,excluded,excluded by the set/kit/tool/non-makeup word list,False,False
Huda Beauty,high_end,10264665030934,makeout-sesh-lip-duo-peachy-nudes-hb01515,Makeout Sesh Lip Duo Peachy Nudes,,excluded,excluded by the set/kit/tool/non-makeup word list,False,False
Huda Beauty,high_end,10264664965398,cheek-lip-duo-berries-and-cream-hb01557,Cheek & Lip Duo Berries and Cream,,excluded,excluded by the set/kit/tool/non-makeup word list,False,False
Huda Beauty,high_end,10264664932630,makeout-sesh-lip-duo-rosy-nudes-hb01514,Makeout Sesh Lip Duo Rosy Nudes,,excluded,excluded by the set/kit/tool/non-makeup word list,False,False
Huda Beauty,high_end,10264664899862,mini-blur-set-duo-hb01593,Mini Blur & Set Duo,,excluded,excluded by the set/kit/tool/non-makeup word list,False,False
Huda Beauty,high_end,10234764230934,beauty-works-colour-match-me-tester-piece-huda-bw00001m,Beauty Works Colour Match Me Tester Piece,,unclassified,no §7 rule matched,False,False
Huda Beauty,high_end,10234764263702,beauty-works-barely-there-clip-ins-huda-bw00008m,Beauty Works Barely There Clip ins - Huda,,excluded,excluded by the set/kit/tool/non-makeup word list,False,False
Huda Beauty,high_end,10234764394774,beauty-works-x-huda-hair-drobe-bw00021,Beauty Works X HUDA Hair Drobe,,unclassified,no §7 rule matched,False,False
Huda Beauty,high_end,10234764493078,beauty-works-barely-there-clip-ins-spiced-oud-bw00011m,Beauty Works Barely There Clip ins - Spiced Oud,,excluded,excluded by the set/kit/tool/non-makeup word list,False,False
Huda Beauty,high_end,10234764525846,beauty-works-barely-there-clip-ins-18-arabia-doll-bw00014m,Beauty Works Barely There Clip ins - Arabia Doll,,excluded,excluded by the set/kit/tool/non-makeup word list,False,False
Huda Beauty,high_end,10234764558614,beauty-works-barely-there-clip-ins-18-midnight-kohl-bw00020m,Beauty Works Barely There Clip ins - Midnight Kohl,,excluded,excluded by the set/kit/tool/non-makeup word list,False,False
Huda Beauty,high_end,10234764591382,beauty-works-barely-there-clip-ins-desert-dune-bw00017m,Beauty Works Barely There Clip ins - Desert Dune,,excluded,excluded by the set/kit/tool/non-makeup word list,False,False
Huda Beauty,high_end,10234761937174,blush-filter-liquid-blush-hb01345m,Blush Filter Liquid Blush,,liquid_blush,liquid_blush <- 'liquid blush' in product_type|title,False,False
Huda Beauty,high_end,10234761478422,huda-beauty-mirror-in-hot-pink-hb01247,Huda Beauty Mirror in Hot Pink,,unclassified,no §7 rule matched,False,False
Huda Beauty,high_end,10234759741718,fauxfilter-under-eye-color-corrector-hb01025m,#FAUXFILTER Under Eye Color Corrector,,unclassified,no §7 rule matched,False,False
Huda Beauty,high_end,10234759610646,get-clean-2-pha-sea-moss-gentle-foaming-cleanser-wf00054m,Get Clean 2% PHA & Sea Moss Gentle Foaming Cleanser,,excluded,excluded by the set/kit/tool/non-makeup word list,False,False
Huda Beauty,high_end,10234759577878,lip-blush-creamy-lip-cheek-stain-hb00983m,Lip Blush Creamy Lip & Cheek Stain,,powder_blush,powder_blush <- 'blush' in product_type|title,False,False
Huda Beauty,high_end,10234759250198,matte-obsessions-eyeshadow-palette-hb00977m,Matte Obsessions Eyeshadow Palette,,eyeshadow_palette,eyeshadow_palette <- 'eyeshadow palette' in product_type|title,False,False
Huda Beauty,high_end,10234759151894,creamy-kohl-longwear-eye-pencil-hb00981m,Creamy Kohl Longwear Eye Pencil,,out_of_scope,out of scope <- 'kohl' (not a §7 category),False,False
Huda Beauty,high_end,10234765246742,undereye-buff-brush-hb01658,Undereye Buff Brush,,excluded,excluded by the set/kit/tool/non-makeup word list,False,False
Huda Beauty,high_end,10234765213974,easy-bake-duo-loose-powder-hb01581m,Easy Bake Duo Loose Powder,,excluded,excluded by the set/kit/tool/non-makeup word list,False,False
Huda Beauty,high_end,10234761412886,easy-bake-fragrance-free-loose-baking-and-setting-powder-hb01260m,Easy Bake Fragrance Free Loose Baking and Setting Powder,,setting_powder,setting_powder <- 'setting powder' in product_type|title,False,False
Huda Beauty,high_end,10234761117974,creamy-obsessions-eyeshadow-palette-hb01249m,Creamy Obsessions Eyeshadow Palette,,eyeshadow_palette,eyeshadow_palette <- 'eyeshadow palette' in product_type|title,False,False
Huda Beauty,high_end,10234757939478,empowered-eyeshadow-palette-hb00930,Empowered Eyeshadow Palette,,eyeshadow_palette,eyeshadow_palette <- 'eyeshadow palette' in product_type|title,False,False
Huda Beauty,high_end,10234757054742,sticky-tack-latex-free-lash-glue-hb00847,Sticky Tack Latex-Free Lash Glue,,excluded,excluded by the set/kit/tool/non-makeup word list,False,False
Huda Beauty,high_end,10234757021974,waterproof-lash-glue-hb00846,Waterproof Lash Glue,,excluded,excluded by the set/kit/tool/non-makeup word list,False,False
Huda Beauty,high_end,10234751451414,rose-quartz-self-love-journal-c002964,Rose Quartz Self-Love Journal,,unclassified,no §7 rule matched,False,False
Huda Beauty,high_end,10234749583638,glowish-airbrush-finish-skin-tint-brush-hb00628,GloWish Airbrush Finish Skin Tint Brush,,excluded,excluded by the set/kit/tool/non-makeup word list,False,False
Huda Beauty,high_end,10234764689686,mini-easy-bake-sponge-set-hb01582,Mini Easy Bake Sponge Set,,excluded,excluded by the set/kit/tool/non-makeup word list,False,False
Huda Beauty,high_end,10234764362006,easy-blur-primer-bronze-fudge-hb01659,Easy Blur Silicone-Free Smoothing Primer Bronze Fudge,,primer,primer <- 'primer' in product_type|title,False,False
Huda Beauty,high_end,10234760560918,pretty-grunge-eyeshadow-palette-hb01058,Pretty Grunge Eyeshadow Palette,,eyeshadow_palette,eyeshadow_palette <- 'eyeshadow palette' in product_type|title,False,False
Huda Beauty,high_end,10234756628758,fauxfilter-luminous-matte-concealer-hb00855m,#FauxFilter Luminous Matte Concealer,,concealer,concealer <- 'concealer' in product_type|title,False,False
Huda Beauty,high_end,10234756530454,eye-lift-contour-1-bakuchiol-peptide-serum-wf00072m,Eye Lift & Contour 1% Bakuchiol & Peptide Serum,,excluded,excluded by the set/kit/tool/non-makeup word list,False,False
Huda Beauty,high_end,10234755875094,life-liner-quick-n-easy-precision-liquid-eye-liner-hb00555,Life Liner Quick 'N Easy Precision Liquid Eye Liner - Very Vanta,,out_of_scope,out of scope <- 'liner' (not a §7 category),False,False
Huda Beauty,high_end,10234753319190,icy-nude-ph-face-gloss-hb01374,Icy Nude PH Face Gloss,,lip_gloss,lip_gloss <- 'gloss' in product_type|title,False,False
Huda Beauty,high_end,10234753286422,icy-nude-eyeshadow-palette-hb01350,Icy Nude Eyeshadow Palette,,eyeshadow_palette,eyeshadow_palette <- 'eyeshadow palette' in product_type|title,False,False
Huda Beauty,high_end,10234753220886,juicy-coco-lip-duo-hb01269,Juicy Coco Lip Duo,,excluded,excluded by the set/kit/tool/non-makeup word list,False,False
Huda Beauty,high_end,10234753155350,juicy-bombshell-lip-duo-hb01268,Juicy Bombshell Lip Duo,,excluded,excluded by the set/kit/tool/non-makeup word list,False,False
Huda Beauty,high_end,10234752762134,easy-blur-silicone-free-smoothing-pore-minimizing-primer-hb01342,Easy Blur Silicone-Free Smoothing & Pore-Minimizing Primer,,primer,primer <- 'primer' in product_type|title,False,False
Huda Beauty,high_end,10234752729366,easy-blur-natural-airbrush-foundation-with-niacinamide-hb01166m,Easy Blur Natural Airbrush Foundation with Niacinamide,,foundation,foundation <- 'foundation' in product_type|title,False,False
Huda Beauty,high_end,10234752696598,easy-blur-base-brush-hb01362m,Easy Blur Base Brush,,excluded,excluded by the set/kit/tool/non-makeup word list,False,False
Huda Beauty,high_end,10234748993814,power-bullet-cream-glow-hydrating-lipstick-hb00383m,Power Bullet Cream Glow Hydrating Lipstick,,excluded,excluded by the set/kit/tool/non-makeup word list,False,False
Huda Beauty,high_end,10234748961046,yo-detox-charcoal-face-body-enzyme-scrub-wf00043m,Yo Detox Charcoal Face & Body Enzyme Scrub,,excluded,excluded by the set/kit/tool/non-makeup word list,True,False
Huda Beauty,high_end,10234748895510,lip-contour-2-0-automatic-matte-lip-pencil-hb00390m,Lip Contour 2.0 Automatic Matte Lip Pencil,,lip_liner,lip_liner <- 'lip pencil' in product_type|title,False,False
Huda Beauty,high_end,10234748862742,fauxfilter-luminous-matte-foundation-hb00509m,#FauxFilter Luminous Matte Foundation,,foundation,foundation <- 'foundation' in product_type|title,False,False
Huda Beauty,high_end,10234747978006,thirst-trap-juice-ha3-peptide-serum-wf00029m,Thirst Trap Juice HA3 Peptide Serum,,excluded,excluded by the set/kit/tool/non-makeup word list,False,False
Huda Beauty,high_end,10234746732822,get-even-rose-oil-wf00009m,Get Even Rose Oil,,excluded,excluded by the set/kit/tool/non-makeup word list,False,False
Huda Beauty,high_end,10234746110230,moisturizing-wand-brush-wf00011,Moisturizing Wand Brush,,excluded,excluded by the set/kit/tool/non-makeup word list,False,False
Huda Beauty,high_end,10234745291030,nude-obsessions-eyeshadow-palette-hb00323m,NUDE Obsessions Eyeshadow Palette,,eyeshadow_palette,eyeshadow_palette <- 'eyeshadow palette' in product_type|title,False,False
Huda Beauty,high_end,10234744930582,life-liner-double-ended-eyeliner-liquid-pencil-hb00321,Life Liner Double Ended Eyeliner Liquid & Pencil,,out_of_scope,out of scope <- 'liner' (not a §7 category),False,False
Huda Beauty,high_end,10234744733974,tantour-contour-bronzer-cream-hb00281m,Tantour Contour & Bronzer Cream,,excluded,excluded by the set/kit/tool/non-makeup word list,False,False
Huda Beauty,high_end,10234763706646,lip-contour-stain-hb01481m,Lip Contour Stain,,unclassified,no §7 rule matched,False,False
Huda Beauty,high_end,10234763673878,faux-filler-oil-juicy-pink-lady-hb01487m,Faux Filler Jelly Oil,,excluded,excluded by the set/kit/tool/non-makeup word list,False,False
Huda Beauty,high_end,10234759807254,huda-beauty-1-coat-wow-extra-volumizing-and-lifting-mascara-hb01021,HUDA BEAUTY 1 COAT WOW! Extra Volumizing and Lifting Mascara,,mascara,mascara <- 'mascara' in product_type|title,False,False
Huda Beauty,high_end,10234754728214,mini-puffs-powder-puff-trio-hb01553,Mini Puffs Powder Puff Trio,,excluded,excluded by the set/kit/tool/non-makeup word list,False,False
Huda Beauty,high_end,10234754629910,easy-bake-setting-spray-with-16-hour-wear-hb01028,Easy Bake Setting Spray with 16-Hour Wear,,setting_spray,setting_spray <- 'setting spray' in product_type|title,False,False
Huda Beauty,high_end,10234752237846,liquid-matte-ultra-comfort-transfer-proof-lipstick-hb00779m,Liquid Matte Ultra-Comfort Transfer-Proof Lipstick,,lipstick,lipstick <- 'lipstick' in product_type|title,False,False
Huda Beauty,high_end,10234744701206,n-y-m-p-h-body-blur-glow-brush-hb00030,N.Y.M.P.H Body Blur & Glow Brush,,excluded,excluded by the set/kit/tool/non-makeup word list,False,False
Huda Beauty,high_end,10234744111382,power-bullet-matte-lipstick-hb00232m,Power Bullet Matte Lipstick,,lipstick,lipstick <- 'lipstick' in product_type|title,False,False
Huda Beauty,high_end,10234743849238,easy-bake-loose-baking-setting-powder-hb00140m,Easy Bake Loose Baking & Setting Powder,,setting_powder,setting_powder <- 'setting powder' in product_type|title,False,False
Huda Beauty,high_end,10234743095574,classic-false-lash-samantha-7-hb00044,Classic False Lash - Samantha #7,,excluded,excluded by the set/kit/tool/non-makeup word list,False,False
Juvia's Place,mid_range,7729762500711,warrior-chrome-gels,Warrior Multi-Use Chrome Gels,,unclassified,no §7 rule matched,False,False
Juvia's Place,mid_range,7719145668711,warrior-lip-armor-glosses,Warrior Lip Armor Glosses,,unclassified,no §7 rule matched,False,False
Juvia's Place,mid_range,7528651423847,culture-duochrome-pencil-liner,Culture Duochrome Pencil Liner,,out_of_scope,out of scope <- 'liner' (not a §7 category),False,False
Juvia's Place,mid_range,6669448577127,garden-of-juvias-palette,Garden Of Juvia's Palette,Eyeshadow,eyeshadow_single,eyeshadow_single <- 'eyeshadow' in product_type|title,False,False
Juvia's Place,mid_range,6659061350503,mothers-day-mystery-box,Mother's Day Mystery Box,,excluded,excluded by the set/kit/tool/non-makeup word list,False,False
Juvia's Place,mid_range,7576858919015,blushed-blonzing-stick,Blushed Blonzing Stick,,cream_blush,cream_blush <- 'blushed blonzing stick' in product_type|title,False,False
Juvia's Place,mid_range,7576870551655,blushed-liquid-tint,Blushed Liquid Tint,,powder_blush,powder_blush <- 'blush' in product_type|title,False,False
Juvia's Place,mid_range,7565565329511,blushed-and-bronzed-blurring-pro-palettes,Blushed and Bronzed Blurring pro palettes,,powder_blush,powder_blush <- 'blush' in product_type|title,False,False
Juvia's Place,mid_range,4759026794599,the-mystery-box-1,The LOVE Mystery Box,,excluded,excluded by the set/kit/tool/non-makeup word list,False,False
Juvia's Place,mid_range,7518268555367,i-am-my-skin-foundation-sticks,I am My Skin Foundation Sticks,,foundation,foundation <- 'foundation' in product_type|title,False,False
Juvia's Place,mid_range,6551253024871,blushed-rose-palette,Blushed Rose Palette,Eyeshadow,powder_blush,powder_blush <- 'blush' in product_type|title,False,False
Juvia's Place,mid_range,6551253352551,bronzed-rustic-eyeshadow-palette,Bronzed Rustic Palette,Eyeshadow,eyeshadow_single,eyeshadow_single <- 'eyeshadow' in product_type|title,False,False
Juvia's Place,mid_range,6604302057575,i-line-i-define-pen-eyeliner,"i Line, i Define Pen Eyeliner",Eyeliner,out_of_scope,out of scope <- 'eyeliner' (not a §7 category),False,False
Juvia's Place,mid_range,7466362470503,peptide-power-lip-balm,Peptide Power Glass Lip Balm,,lipstick,lipstick <- 'lip balm' in product_type|title,False,False
Juvia's Place,mid_range,7458549301351,pink-smoothie-duo-bundle,Pink Smoothie Duo Bundle,,excluded,excluded by the set/kit/tool/non-makeup word list,False,False
Juvia's Place,mid_range,7181249347687,the-ruby-lip-gloss-bundle,The Ruby Lip Gloss Bundle,Lip Gloss,excluded,excluded by the set/kit/tool/non-makeup word list,False,False
Juvia's Place,mid_range,7458319335527,pink-smoothie-mega-bundle,Pink Smoothie Mega Bundle,,excluded,excluded by the set/kit/tool/non-makeup word list,False,False
Juvia's Place,mid_range,7458312093799,black-berry-bundle,Black Berry Bundle,,excluded,excluded by the set/kit/tool/non-makeup word list,False,False
Juvia's Place,mid_range,7458304295015,nubian-earth-lip-gloss-bundle,Nubian Earth Lip Gloss Bundle,Lip Gloss,excluded,excluded by the set/kit/tool/non-makeup word list,False,False
Juvia's Place,mid_range,7165976707175,barbielicious-lip-bundle,Barbielicious Lip Bundle,,excluded,excluded by the set/kit/tool/non-makeup word list,False,False
Juvia's Place,mid_range,6592660635751,bronzed-lip-liner-brownie-1,Bronzed Lip Liner- Brownie,Lip Liner,brow,brow <- 'brow' in product_type|title,False,False
Juvia's Place,mid_range,7456677331047,i-line-i-define-lip-liner,I Line I Define - Lip Liner,Lip Liner,lip_liner,lip_liner <- 'lip liner' in product_type|title,False,False
Juvia's Place,mid_range,7454671208551,dual-pencil-sharpener,Dual Pencil Sharpener,,unclassified,no §7 rule matched,False,False
Juvia's Place,mid_range,7454631723111,culture-1-cuture-2-palette-bundle,CULTURE 1 & CUTURE 2 PALETTE BUNDLE,,excluded,excluded by the set/kit/tool/non-makeup word list,False,False
Juvia's Place,mid_range,7454569594983,culture-mega-bundle,CULTURE MEGA BUNDLE,,excluded,excluded by the set/kit/tool/non-makeup word list,False,False
Juvia's Place,mid_range,7453504962663,the-mega-bundle-2025,THE MEGA BUNDLE 2025,,excluded,excluded by the set/kit/tool/non-makeup word list,False,False
Juvia's Place,mid_range,7453500768359,nudes-bundle,Nudes Bundle,,excluded,excluded by the set/kit/tool/non-makeup word list,False,False
Juvia's Place,mid_range,7165974577255,lets-be-clear-bundle,Lets be Clear Bundle,,excluded,excluded by the set/kit/tool/non-makeup word list,False,False
Juvia's Place,mid_range,7437341687911,ready-set-sealed-longwear-continuous-setting-spray,"Ready, Set, Sealed Longwear Continuous Fix and Set Spray - Ultra Matte + Waterproof",,excluded,excluded by the set/kit/tool/non-makeup word list,False,False
Juvia's Place,mid_range,7437216579687,culture-single-pigments-and-eyeshadow,Culture Multi-Chrome Shadow,,eyeshadow_single,eyeshadow_single <- 'shadow' in product_type|title,False,False
Juvia's Place,mid_range,7428390387815,warrior-its-electric-bundle,Warrior + It's Electric Lip Gloss Bundle,,excluded,excluded by the set/kit/tool/non-makeup word list,False,False
Juvia's Place,mid_range,7428388094055,the-golden-bundle-luminizer-and-highlighter,The Golden Glow Kit - Luminizer and Highlighter,,excluded,excluded by the set/kit/tool/non-makeup word list,False,False
Juvia's Place,mid_range,7158359294055,blushed-trio-bundle,Blushed Trio Bundle,Blush,excluded,excluded by the set/kit/tool/non-makeup word list,False,False
Juvia's Place,mid_range,7348733345895,coffee-shop-liquid-eyeshadow,COFFEE SHOP LIQUID EYESHADOW,,eyeshadow_single,eyeshadow_single <- 'eyeshadow' in product_type|title,False,False
Juvia's Place,mid_range,7347983089767,lip-plumpers,Beautiful Big Lip {BBL} Plumpers,,unclassified,no §7 rule matched,False,False
Juvia's Place,mid_range,7257043173479,bronzed-liquid-bronzer,BRONZED LIQUID BRONZER,,bronzer,bronzer <- 'bronzer' in product_type|title,False,False
Juvia's Place,mid_range,7257055232103,long-wear-lip-pencil,LONG WEAR LIP PENCIL,,lip_liner,lip_liner <- 'lip pencil' in product_type|title,False,False
Juvia's Place,mid_range,4440862392423,the-violets-eyeshadow-palette,The Violets Palettes,Eyeshadow,eyeshadow_single,eyeshadow_single <- 'eyeshadow' in product_type|title,False,False
Juvia's Place,mid_range,4440880218215,the-nudes-eyeshadow-palette,The Nudes Palette,Eyeshadow,eyeshadow_single,eyeshadow_single <- 'eyeshadow' in product_type|title,False,False
Juvia's Place,mid_range,7237920653415,nubian-eyeshadow-sticks,NUBIAN SHADOW STICKS,Eye Shadow,eyeshadow_single,eyeshadow_single <- 'eye shadow' in product_type|title,False,False
Juvia's Place,mid_range,7199510823015,blushed-cream-blush,BLUSHED CREAM BLUSH,,excluded,excluded by the set/kit/tool/non-makeup word list,False,False
Juvia's Place,mid_range,7192686985319,egyptian-pencil-eyeliner,EGYPTIAN PENCIL EYELINER- KAJAL,Eyeliner,out_of_scope,out of scope <- 'eyeliner' (not a §7 category),False,False
Juvia's Place,mid_range,7192687312999,egyptian-pen-eyeliner,EGYPTIAN PEN EYELINER - NOIR,,out_of_scope,out of scope <- 'eyeliner' (not a §7 category),False,False
Juvia's Place,mid_range,4440888868967,the-chocolates-eyeshadow-palette,The Chocolates  Palette,Eyeshadow,eyeshadow_single,eyeshadow_single <- 'eyeshadow' in product_type|title,False,False
Juvia's Place,mid_range,6647495458919,c-est-la-vie-lipstick,C’est La Vie Matte Liquid Lipstick,Lipstick,liquid_lipstick,liquid_lipstick <- 'liquid lip' in product_type|title,False,False
Juvia's Place,mid_range,7172399104103,nubian-glow-luminizer-gift-set,NUBIAN GLOW LUMINIZER  GIFT SET,,excluded,excluded by the set/kit/tool/non-makeup word list,False,False
Juvia's Place,mid_range,7168851771495,satin-creamy-lipstick,Satin Creamy Lipstick,Lipstick,lipstick,lipstick <- 'lipstick' in product_type|title,False,False
Juvia's Place,mid_range,7167579619431,the-nude-velvety-matte-lipstick-mini-size,The Mini Nudes Velvety Matte Lipstick,Lipstick,lipstick,lipstick <- 'lipstick' in product_type|title,False,False
Juvia's Place,mid_range,7166257102951,magic-complexion-bundle-1,Magic Complexion Bundle : Flawless Complexion Made Easy,Face Powder,excluded,excluded by the set/kit/tool/non-makeup word list,False,False
Juvia's Place,mid_range,7164088582247,finishing-trio-bundle,FINISHING AND SETTING TRIO BUNDLE,Face Powder,excluded,excluded by the set/kit/tool/non-makeup word list,False,False
Juvia's Place,mid_range,7158344286311,bronzed-glow-bundle,BRONZED GLOW UP BUNDLE,,excluded,excluded by the set/kit/tool/non-makeup word list,False,False
Juvia's Place,mid_range,7155876495463,cream-foundation-and-bronzing-brush,BRONZED J302 CREAM FOUNDATION BRUSH,,excluded,excluded by the set/kit/tool/non-makeup word list,False,False
Juvia's Place,mid_range,7155875643495,powder-bronzing-brush,BRONZED J301 POWDER BRONZING BRUSH,,excluded,excluded by the set/kit/tool/non-makeup word list,False,False
Juvia's Place,mid_range,6738711314535,i-am-magic-flat-top-foundation-brush-blue-and-white,I Am Magic Flat Top Foundation Brush- Blue and White,Makeup Tools,excluded,excluded by the set/kit/tool/non-makeup word list,False,False
Juvia's Place,mid_range,7113000648807,i-am-magic-pyramid-puff,I am Magic Pyramid Puff,,unclassified,no §7 rule matched,False,False
Juvia's Place,mid_range,7109126717543,i-am-magic-loose-setting-powder-copy,I AM MAGIC SILKY FINISHING POWDER (TALC FREE),Face Powder,setting_powder,setting_powder <- 'finishing powder' in product_type|title,False,False
Juvia's Place,mid_range,7076477370471,magic-ph-color-change-lipgloss-mood,Magic PH Color Change Lip Gloss - Mood,,lip_gloss,lip_gloss <- 'lip gloss' in product_type|title,False,False
Juvia's Place,mid_range,6985046327399,the-smoothie-lip-gloss,The Smoothie Lip Gloss,Lip Gloss,lip_gloss,lip_gloss <- 'lip gloss' in product_type|title,False,False
Juvia's Place,mid_range,6613976580199,olori-3-eyeshadow-palette,Olori 3 Palette,,unclassified,no §7 rule matched,False,False
Juvia's Place,mid_range,4578394144871,wahala-palette-eyeshadow-palette,The Wahala Palette,Eyeshadow,eyeshadow_single,eyeshadow_single <- 'eyeshadow' in product_type|title,False,False
Juvia's Place,mid_range,6767867428967,culture-eyeshadow-palette-1,Culture 2 Palette,Eyeshadow,eyeshadow_single,eyeshadow_single <- 'eyeshadow' in product_type|title,False,False
Juvia's Place,mid_range,6985705652327,velvety-matte-liquid-lipsticks,Velvety Matte Long Wear Liquid Lipsticks,,liquid_lipstick,liquid_lipstick <- 'liquid lip' in product_type|title,False,False
Juvia's Place,mid_range,6896505749607,ready-set-sealed-setting-spray,"Ready , Set, Sealed Setting Spray",,excluded,excluded by the set/kit/tool/non-makeup word list,False,True
Juvia's Place,mid_range,6891152375911,i-am-magic-radiance-booster,I am Magic Radiance Booster,,unclassified,no §7 rule matched,False,False
Juvia's Place,mid_range,6886696026215,blushed-liquid-blushlighter,Blushed Liquid BlushLighter,Blush,liquid_blush,liquid_blush <- 'liquid blush' in product_type|title,False,False
Juvia's Place,mid_range,6865550114919,culture-2-liquid-eyeshadow,Culture 2 Liquid Eyeshadow,Eyeshadow,eyeshadow_single,eyeshadow_single <- 'eyeshadow' in product_type|title,False,False
Juvia's Place,mid_range,6845301031015,volumizing-gloss-sticks-bundle-gift-box,Volumizing Gloss Sticks Bundle - Gift Box,Lip Gloss,excluded,excluded by the set/kit/tool/non-makeup word list,False,False
Juvia's Place,mid_range,6843810283623,volumizing-gloss-sticks,Volumizing Gloss Sticks,Lip Gloss,lip_gloss,lip_gloss <- 'lip gloss' in product_type|title,False,False
Juvia's Place,mid_range,6828841631847,afrogalactic-glitter-eyeliner,Afrogalactic Glitter Liner,,out_of_scope,out of scope <- 'liner' (not a §7 category),False,False
Juvia's Place,mid_range,1401107054695,7-piece-royal-pro-brush-set,7pcs Royal Brush Set,Makeup Tools,excluded,excluded by the set/kit/tool/non-makeup word list,False,False
Juvia's Place,mid_range,6776864964711,bronzed-cream-bronzer,BRONZED CREAM BRONZER,,excluded,excluded by the set/kit/tool/non-makeup word list,False,False
Juvia's Place,mid_range,6772982055015,magic-lip-oils,MAGIC LIP OILS,,lip_gloss,lip_gloss <- 'lip oil' in product_type|title,False,False
Juvia's Place,mid_range,6659135406183,nubian-earth-collection,Nubian Earth Collection Bundle,,excluded,excluded by the set/kit/tool/non-makeup word list,False,False
Juvia's Place,mid_range,6767847506023,nubian-glow-liquid-luminizer,NUBIAN GLOW LIQUID LUMINIZER,,unclassified,no §7 rule matched,False,False
Juvia's Place,mid_range,6755967926375,blushed-liquid-blush,Blushed Liquid Blush,Blush,liquid_blush,liquid_blush <- 'liquid blush' in product_type|title,False,False
Juvia's Place,mid_range,4756756234343,the-red-wine-fierce,The Red Wine Lipstick - Fierce,Lipstick,lipstick,lipstick <- 'lipstick' in product_type|title,False,False
Juvia's Place,mid_range,4756760821863,the-berries-lipstick-frenemy,The Berries Lipstick - Frenemy,Lipstick,lipstick,lipstick <- 'lipstick' in product_type|title,False,False
Juvia's Place,mid_range,4756759773287,the-berries-lipstick-oh-damn,The Berries Lipstick - Oh Damn,Lipstick,lipstick,lipstick <- 'lipstick' in product_type|title,False,False
Juvia's Place,mid_range,4756759347303,the-berries-lipstick-drama-queen,The Berries Lipstick - Drama Queen,Lipstick,lipstick,lipstick <- 'lipstick' in product_type|title,False,False
Juvia's Place,mid_range,4756755087463,the-red-wine-rude-girl,The Red Wine Lipstick - Rude Girl,Lipstick,lipstick,lipstick <- 'lipstick' in product_type|title,False,False
Juvia's Place,mid_range,4756754595943,the-red-wine-rouge,The Red Wine Lipstick - Rouge,Lipstick,lipstick,lipstick <- 'lipstick' in product_type|title,False,False
Juvia's Place,mid_range,6598122995815,ilive-ilove-eye-kit,"i Live, i Love Kit",Kit,excluded,excluded by the set/kit/tool/non-makeup word list,False,False
Juvia's Place,mid_range,6738714525799,i-am-magic-tapered-powder-brush,I am Magic 101 Tapered Powder Brush,,excluded,excluded by the set/kit/tool/non-makeup word list,False,False
Juvia's Place,mid_range,6738711412839,i-am-magic-foundation-brush,I Am Magic 102 Flat Top Foundation Brush,,excluded,excluded by the set/kit/tool/non-makeup word list,False,False
Juvia's Place,mid_range,6737832116327,i-am-magic-sponge,I am Magic duo Density Makeup Sponge - 5 in 1,,excluded,excluded by the set/kit/tool/non-makeup word list,False,False
Juvia's Place,mid_range,6737821466727,i-am-magic-powder-foundation,I am Magic Powder Foundation,Bronzer,foundation,foundation <- 'foundation' in product_type|title,False,True
Juvia's Place,mid_range,6737787551847,i-am-magic-radiance-foundation,I Am Magic Natural Radiance Foundation,Foundation,foundation,foundation <- 'foundation' in product_type|title,False,False
Juvia's Place,mid_range,6734300479591,the-candy-shop-lip-gloss,The Candy Shop Lip Gloss,Lip Gloss,lip_gloss,lip_gloss <- 'lip gloss' in product_type|title,False,False
Juvia's Place,mid_range,6662898450535,nubian-lash-bundle-drama-queen,Nubian Lash Bundle- Drama Queen,,excluded,excluded by the set/kit/tool/non-makeup word list,False,False
Juvia's Place,mid_range,4757016871015,the-reds-and-berries-gift-set,The Reds & Berries Gift Set,Lipstick,excluded,excluded by the set/kit/tool/non-makeup word list,False,False
Juvia's Place,mid_range,6726114869351,coffee-shop-luxe-lip-liner,The Coffee Shop Luxe Lip Liner,Lip Liner,lip_liner,lip_liner <- 'lip liner' in product_type|title,False,False
Juvia's Place,mid_range,6726123913319,the-coffee-shop-collection,The Coffee Shop Collection Bundle,,excluded,excluded by the set/kit/tool/non-makeup word list,False,False
Juvia's Place,mid_range,6725268340839,the-coffee-lip-gloss,The Coffee Shop Lip Gloss,Lip Gloss,lip_gloss,lip_gloss <- 'lip gloss' in product_type|title,False,False
Juvia's Place,mid_range,6725264998503,the-coffee-eyeshadow-palette,The Coffee Shop Palette,Eyeshadow,eyeshadow_single,eyeshadow_single <- 'eyeshadow' in product_type|title,False,False
Juvia's Place,mid_range,6710521888871,garden-of-juvias-liner-white-lotus,Garden of Juvia's Liner- White Lotus,,out_of_scope,out of scope <- 'liner' (not a §7 category),False,False
Juvia's Place,mid_range,6707845267559,garden-of-juvias-liner-tangerine-dream,Garden of Juvia's Liner- Tangerine Dream,,out_of_scope,out of scope <- 'liner' (not a §7 category),False,False
Juvia's Place,mid_range,6662630178919,nubian-lashes-egypt-lite,The Nubian Lashes - Egypt Lite,,excluded,excluded by the set/kit/tool/non-makeup word list,False,False
Juvia's Place,mid_range,6598147899495,ilive-ilove-pro-brush-set,"i Live, i Love Pro Brush Set",Kit,excluded,excluded by the set/kit/tool/non-makeup word list,False,False
Juvia's Place,mid_range,6669449101415,nubian-pencil-eyeliner-1,Garden Of Juvia's Liquid Liner,Eyeliner,out_of_scope,out of scope <- 'eyeliner' (not a §7 category),False,False
Juvia's Place,mid_range,6669454344295,garden-of-juvias-lip-gloss,Garden Of Juvia's Lip Gloss,Lip Gloss,lip_gloss,lip_gloss <- 'lip gloss' in product_type|title,False,False
Juvia's Place,mid_range,6662630211687,nubian-lashes-luxor,The Nubian Lashes - Luxor,,excluded,excluded by the set/kit/tool/non-makeup word list,False,False
Juvia's Place,mid_range,6662898221159,nubian-lash-glue,The Nubian Lash Glue- Clear,,excluded,excluded by the set/kit/tool/non-makeup word list,False,False
Juvia's Place,mid_range,6662630375527,nubian-lashes-siwa,The Nubian Lashes - Siwa,,excluded,excluded by the set/kit/tool/non-makeup word list,False,False
Juvia's Place,mid_range,6662630342759,nubian-lashes-royalty,The Nubian Lashes - Royalty,,excluded,excluded by the set/kit/tool/non-makeup word list,False,False
Juvia's Place,mid_range,6662630015079,nubian-lashes-biba,The Nubian Lashes - Biba,,excluded,excluded by the set/kit/tool/non-makeup word list,False,False
Juvia's Place,mid_range,6662629785703,nubian-lashes-kush,The Nubian Lashes - Kush,,excluded,excluded by the set/kit/tool/non-makeup word list,False,False
Juvia's Place,mid_range,6662629720167,nubian-lashes-egypt-flare,The Nubian Lashes - Egypt Flare,,excluded,excluded by the set/kit/tool/non-makeup word list,False,False
Juvia's Place,mid_range,6662629556327,nubian-lashes-egypt,The Nubian Lashes - Egypt,,excluded,excluded by the set/kit/tool/non-makeup word list,False,False
Juvia's Place,mid_range,6662629163111,nubian-lashes-aziza,The Nubian Lashes - Aziza,,excluded,excluded by the set/kit/tool/non-makeup word list,False,False
Juvia's Place,mid_range,6662628900967,nubian-lashes-cleopatra,The Nubian Lashes - Cleopatra,,excluded,excluded by the set/kit/tool/non-makeup word list,False,False
Juvia's Place,mid_range,6662627917927,nubian-lashes-egypt-xl,The Nubian Lashes - Egypt XL,,excluded,excluded by the set/kit/tool/non-makeup word list,False,False
Juvia's Place,mid_range,6662627754087,nubian-lashes-nefertiti,The Nubian Lashes - Nefertiti,,excluded,excluded by the set/kit/tool/non-makeup word list,False,False
Juvia's Place,mid_range,6662630113383,nubian-lashes-zaria,The Nubian Lashes - Zaria,,excluded,excluded by the set/kit/tool/non-makeup word list,False,False
Juvia's Place,mid_range,6661137596519,nubian-earth-lipstick-bundle,Nubian Earth Lipstick Bundle,,excluded,excluded by the set/kit/tool/non-makeup word list,False,False
Juvia's Place,mid_range,6657356136551,nubian-earth-matte-lipstick,Nubian Earth Matte Lipstick,Lipsticks,lipstick,lipstick <- 'lipstick' in product_type|title,False,False
Juvia's Place,mid_range,6657354072167,nubian-earth-lip-gloss,Nubian Earth Lip Gloss,Lip Gloss,lip_gloss,lip_gloss <- 'lip gloss' in product_type|title,False,False
Juvia's Place,mid_range,6657355808871,nubian-earth-palette,Nubian Earth Palette,Eyeshadow,eyeshadow_single,eyeshadow_single <- 'eyeshadow' in product_type|title,False,False
Juvia's Place,mid_range,1940991803495,heroine-loose-highlighter-powder,Heroine Loose Highlighter,Highlighter,highlighter,highlighter <- 'highlight' in product_type|title,False,False
Juvia's Place,mid_range,6633618538599,culture-duochrome-liquid-eyeshadow,Culture Duochrome Liquid Eyeshadow,Eyeshadow,eyeshadow_single,eyeshadow_single <- 'eyeshadow' in product_type|title,False,False
Juvia's Place,mid_range,6633616015463,culture-eyeshadow-palette,Culture Palette,Eyeshadow,eyeshadow_single,eyeshadow_single <- 'eyeshadow' in product_type|title,False,False
Juvia's Place,mid_range,6640433627239,the-illuminating-duo,The Illuminating Duo,Bundle,excluded,excluded by the set/kit/tool/non-makeup word list,False,False
Juvia's Place,mid_range,6640407511143,deep-cleanse-duo,Deep Cleanse Duo,Bundle,excluded,excluded by the set/kit/tool/non-makeup word list,False,False
Juvia's Place,mid_range,6617366331495,i-am-magic-loose-setting-powder-1,I Am Magic Loose Setting Powder,Face Powder,setting_powder,setting_powder <- 'setting powder' in product_type|title,False,False
Juvia's Place,mid_range,6544432267367,i-prep-i-prime-eyeshadow-primers,"i Prep, i Prime Eyeshadow Primer",Eyeshadow Primer,primer,primer <- 'primer' in product_type|title,False,False
Juvia's Place,mid_range,6605561200743,the-vitamin-c-treatment-wipes,The Vitamic™ C Treatment Wipes,Treatment,excluded,excluded by the set/kit/tool/non-makeup word list,False,False
Juvia's Place,mid_range,6605561659495,the-squalane-glow-face-oil,The Squalane Glow Oil,Moisturizer,excluded,excluded by the set/kit/tool/non-makeup word list,False,True
Juvia's Place,mid_range,6605561626727,hyaluronic-glow-facial-serum,The Hyaluronic Glow Serum,Serum,excluded,excluded by the set/kit/tool/non-makeup word list,False,True
Juvia's Place,mid_range,6605561528423,the-glow-vitamin-c-facial-elixir,The Glow C Elixir,Serum,excluded,excluded by the set/kit/tool/non-makeup word list,False,True
Juvia's Place,mid_range,6605561299047,aha-bha-pha-facial-peel-pads,The AHA / BHA / PHA Peel Pads,Treatment,unclassified,no §7 rule matched,False,False
Juvia's Place,mid_range,6605561364583,afterglow-hyaluronic-facial-serum,The Afterglow Serum,Serum,excluded,excluded by the set/kit/tool/non-makeup word list,False,True
Juvia's Place,mid_range,6605561167975,facial-vitamin-c-serum,The 25% Vitamin C Serum,Serum,excluded,excluded by the set/kit/tool/non-makeup word list,False,True
Juvia's Place,mid_range,6605561397351,the-10-glycolic-acid-toner,The 10% Glycolic Acid Toner,Treatment,unclassified,no §7 rule matched,False,True
Juvia's Place,mid_range,6589812867175,luxe-lip-liners-bundle-9-shades,Luxe Lip Liners Bundle (9 Shades),Lip Liner,excluded,excluded by the set/kit/tool/non-makeup word list,False,False
Juvia's Place,mid_range,4651757764711,the-glass-gloss-bundle,The Glass Gloss Bundle,Lip Gloss,excluded,excluded by the set/kit/tool/non-makeup word list,False,False
Juvia's Place,mid_range,4651765497959,the-lip-reflect-gloss-bundle,The Lip Reflect Gloss Bundle,Lip Gloss,excluded,excluded by the set/kit/tool/non-makeup word list,False,False
Juvia's Place,mid_range,4651771297895,the-nude-lip-collection,The Nude Lip Collection,Lipstick,lipstick,lipstick <- 'lipstick' in product_type|title,False,False
Juvia's Place,mid_range,6581695938663,brow-pen,"i Sculpt, i Shade Brow Pen",Brow,brow,brow <- 'brow' in product_type|title,False,False
Juvia's Place,mid_range,6581690794087,brow-pencil,"i Sculpt, i Shade Eyebrow Pencil",Brow,brow,brow <- 'brow' in product_type|title,False,False
Juvia's Place,mid_range,6581707112551,brow-gel,"i Sculpt, i Shade Eyebrow Gel",Brow,brow,brow <- 'brow' in product_type|title,False,False
Juvia's Place,mid_range,4651752226919,the-nudes-peaches-lipstick-bundle,The Nudes Peaches Lipstick Bundle,Lipstick,excluded,excluded by the set/kit/tool/non-makeup word list,False,False
Juvia's Place,mid_range,4651753209959,the-nudes-mauves-lipstick-bundle,The Nudes Mauves Lipstick Bundle,Lipsticks,excluded,excluded by the set/kit/tool/non-makeup word list,False,False
Juvia's Place,mid_range,4651743445095,the-nudes-chocolate-lipstick-bundle,The Nudes Chocolate Lipstick Bundle,Lipstick,excluded,excluded by the set/kit/tool/non-makeup word list,False,False
Juvia's Place,mid_range,6570790682727,the-rebel-mint,The Rebel Mint Palette,Eyeshadow,eyeshadow_single,eyeshadow_single <- 'eyeshadow' in product_type|title,False,False
Juvia's Place,mid_range,6570790387815,the-rebel-grey,The Rebel Greys Palette,Eyeshadow,eyeshadow_single,eyeshadow_single <- 'eyeshadow' in product_type|title,False,False
Juvia's Place,mid_range,11357404437,juvias-9pcs-pro-red-set,9-Piece Pro Red Face & Eye Makeup Brush Set,Makeup Tools,excluded,excluded by the set/kit/tool/non-makeup word list,False,False
Juvia's Place,mid_range,2247178518631,i-am-magic-flat-top-foundation-brush,I Am Magic Flat Top Foundation Brush- Peach and White,Makeup Tools,excluded,excluded by the set/kit/tool/non-makeup word list,False,False
Juvia's Place,mid_range,2261495185511,i-am-magic-setting-powder-sahara,I Am Magic Loose Setting Powder - Sahara,Face Powder,setting_powder,setting_powder <- 'setting powder' in product_type|title,False,False
Juvia's Place,mid_range,2261490597991,i-am-magic-setting-powder-namib,I Am Magic Loose Setting Powder - Namib,Face Powder,setting_powder,setting_powder <- 'setting powder' in product_type|title,False,False
Juvia's Place,mid_range,6553069224039,blush-duo-blushed,Blushed Duo Blush,Blush,excluded,excluded by the set/kit/tool/non-makeup word list,False,False
Juvia's Place,mid_range,6550539534439,bronzed-duo-bronzer,Bronzed Duo Bronzer,Bronzer,excluded,excluded by the set/kit/tool/non-makeup word list,False,False
Juvia's Place,mid_range,4730508181607,the-nourishing-lip-balms,The Nourishing Lip Balms,Lip Balm,lipstick,lipstick <- 'lip balm' in product_type|title,False,False
Juvia's Place,mid_range,4558781317223,the-warrior-bundle,The Warrior Palette Bundle,Eyeshadow,excluded,excluded by the set/kit/tool/non-makeup word list,False,False
Juvia's Place,mid_range,6537532473447,nubian-pencil-eyeliner,Nubian Pencil Eyeliner,Eyeliner,out_of_scope,out of scope <- 'eyeliner' (not a §7 category),False,False
Juvia's Place,mid_range,4786022252647,i-am-magic-mini-concealer,I Am Magic Mini Concealer (Travel Size),Concealer,concealer,concealer <- 'concealer' in product_type|title,False,False
Juvia's Place,mid_range,1421386580071,the-royalty-highlighter-duo,The Royalty I & II Loose Highlighter,Highlighter,excluded,excluded by the set/kit/tool/non-makeup word list,False,False
Juvia's Place,mid_range,4756478591079,the-nude-velvety-matte-lipstick,The Reds & Berries Velvety Matte Lipsticks,Lipstick,lipstick,lipstick <- 'lipstick' in product_type|title,False,False
Juvia's Place,mid_range,4756862664807,the-reds-and-berries-luxe-lip-liner,The Reds & Berries Luxe Lip Liner,Lip Liner,lip_liner,lip_liner <- 'lip liner' in product_type|title,False,False
Juvia's Place,mid_range,4756819411047,the-reds-and-berries-gloss,The Reds & Berries Lip Glosses,Lip Gloss,lip_gloss,lip_gloss <- 'lip gloss' in product_type|title,False,False
Juvia's Place,mid_range,4756794638439,the-reds-and-berries-gloss-bundle,The Reds & Berries Lip Gloss Bundle,Lip Gloss,excluded,excluded by the set/kit/tool/non-makeup word list,False,False
Juvia's Place,mid_range,4743937720423,nourishing-lip-balm-03-mango,Nourishing Lip Balm - Mango,Lip Balm,lipstick,lipstick <- 'lip balm' in product_type|title,False,False
Juvia's Place,mid_range,4743937228903,nourishing-lip-balm-01-peppermint,Nourishing Lip Balm - Peppermint,Lip Balm,lipstick,lipstick <- 'lip balm' in product_type|title,False,False
Juvia's Place,mid_range,4649665331303,lip-liner,Luxe Lip Liner,Lip Liner,lip_liner,lip_liner <- 'lip liner' in product_type|title,False,False
Juvia's Place,mid_range,4650003464295,nude-lipstick,The Nude Velvety Matte Lipstick,Lipstick,lipstick,lipstick <- 'lipstick' in product_type|title,False,False
Juvia's Place,mid_range,4649662644327,lip-gloss,Lip Gloss,Lip Gloss,lip_gloss,lip_gloss <- 'lip gloss' in product_type|title,False,False
Juvia's Place,mid_range,4440885428327,the-berries-eyeshadow-palette,The Berries Palette,Eyeshadow,eyeshadow_single,eyeshadow_single <- 'eyeshadow' in product_type|title,False,False
Juvia's Place,mid_range,4009384673383,warrior-3-eyeshadow-palette,Warrior 3 Palette,Eyeshadow,eyeshadow_single,eyeshadow_single <- 'eyeshadow' in product_type|title,False,False
Juvia's Place,mid_range,2232593612903,i-am-magic-full-coverage-concealer,I Am Magic Concealer,Concealer,concealer,concealer <- 'concealer' in product_type|title,False,False
Juvia's Place,mid_range,2232504746087,i-am-magic-liquid-matte-foundation,I Am Magic Velvety Matte Foundation,Foundation,foundation,foundation <- 'foundation' in product_type|title,False,False
Juvia's Place,mid_range,1939807207527,the-nubian-loose-highlighter-cleo,The Nubian Loose Highlighter - Cleo,Highlighter,highlighter,highlighter <- 'highlight' in product_type|title,False,False
Juvia's Place,mid_range,1590711746663,tribe-baked-highlighter-powder-bundle,Tribe Highlighter Bundle (All 3),Highlighter,excluded,excluded by the set/kit/tool/non-makeup word list,False,False
Juvia's Place,mid_range,1590708273255,tribe-baked-powder-highlighter-vol-3,Tribe Highlighter (Vol 3),Highlighter,highlighter,highlighter <- 'highlight' in product_type|title,False,False
Juvia's Place,mid_range,1590707650663,tribe-baked-highlighter-powder-vol-2,Tribe Highlighter (Vol 2),Highlighter,highlighter,highlighter <- 'highlight' in product_type|title,False,False
Juvia's Place,mid_range,1590706569319,tribe-baked-highlighter-powder-vol-1,Tribe Highlighter (Vol 1),Highlighter,highlighter,highlighter <- 'highlight' in product_type|title,False,False
Juvia's Place,mid_range,1577668640871,heroine-glow-ii,Heroine Glow II Highlighter,Highlighter,highlighter,highlighter <- 'highlight' in product_type|title,False,False
Juvia's Place,mid_range,1461251145831,the-warrior-ll-eyeshadow-palette,The Warrior 2 Palette,Eyeshadow,eyeshadow_single,eyeshadow_single <- 'eyeshadow' in product_type|title,False,False
Juvia's Place,mid_range,1421380124775,royalty-2-loose-pearl-highlighter-powder,The Royalty II Loose Highlighter,Highlighter,highlighter,highlighter <- 'highlight' in product_type|title,False,False
Juvia's Place,mid_range,1421379993703,royalty-1-loose-pearl-highlighter-powder,The Royalty I Loose Highlighter,Highlighter,highlighter,highlighter <- 'highlight' in product_type|title,False,False
Juvia's Place,mid_range,1421370654823,the-nubian-loose-highlighter-nefertiti,The Nubian Loose Highlighter - Nefertiti,Highlighter,highlighter,highlighter <- 'highlight' in product_type|title,False,False
Juvia's Place,mid_range,1421369213031,nubian-loose-highlighter-powder-nubia,The Nubian Loose Highlighter - Nubia,Highlighter,highlighter,highlighter <- 'highlight' in product_type|title,False,False
Juvia's Place,mid_range,317152395285,the-warrior-eyeshadow-palette,The Warrior Palette,Eyeshadow,eyeshadow_single,eyeshadow_single <- 'eyeshadow' in product_type|title,False,False
Juvia's Place,mid_range,126438342677,the-festival-collection-eyeshadow-palette,The Festival Palette,Eyeshadow,eyeshadow_single,eyeshadow_single <- 'eyeshadow' in product_type|title,False,False
Juvia's Place,mid_range,10568613461,the-zulu-eye-shadow-palette,The Zulu Palette,Eyeshadow,eyeshadow_single,eyeshadow_single <- 'eyeshadow' in product_type|title,False,False
Juvia's Place,mid_range,9309394822,the-saharan-eyeshadow-palette,The Saharan Palette,Eyeshadow,eyeshadow_single,eyeshadow_single <- 'eyeshadow' in product_type|title,False,False
Juvia's Place,mid_range,9266260038,nubian-eyeshadow-palette,The Nubian Palette,Eyeshadow,eyeshadow_single,eyeshadow_single <- 'eyeshadow' in product_type|title,False,False
MAC,high_end,14918415548611,amplified-lipstick,Amplified Lipstick,Lips,lipstick,lipstick <- 'lipstick' in product_type|title,False,False
MAC,high_end,14918419775683,powder-kiss-liquid-lipcolour,Powder Kiss Liquid Lipcolour,Lips,liquid_lipstick,liquid_lipstick <- 'liquid lip' in product_type|title,False,False
MAC,high_end,14925332775107,night-nude-look-in-a-box,Night Nude Look In A Box,Makeup,unclassified,no §7 rule matched,False,False
MAC,high_end,14925334905027,m-a-cximal-silky-matte-lipstick-trio-sepia-collection,M·A·Cximal Silky Matte Lipstick Trio / Sepia Collection,Lips,excluded,excluded by the set/kit/tool/non-makeup word list,False,False
MAC,high_end,14925334347971,viva-glam-x-chappell-roan-lustreglass-sheer-shine-lipstick,VIVA GLAM x Chappell Roan Lustreglass Sheer-Shine Lipstick,Lips,lipstick,lipstick <- 'lipstick' in product_type|title,False,False
MAC,high_end,14925336150211,m-a-cximal-silky-matte-viva-glam-x-chappell-roan-lipstick,M·A·Cximal Silky Matte VIVA GLAM x Chappell Roan Lipstick,Lips,lipstick,lipstick <- 'lipstick' in product_type|title,False,False
MAC,high_end,14925346341059,viva-glam-x-chappell-roan-lipglass-air-non-sticky-gloss,VIVA GLAM x Chappell Roan Lipglass Air Non-Sticky Gloss,Lips,lip_gloss,lip_gloss <- 'gloss' in product_type|title,False,False
MAC,high_end,14917679448259,must-have-eye-makeup-set,Must-Have Eye Makeup Set,Bundle,excluded,excluded by the set/kit/tool/non-makeup word list,False,False
MAC,high_end,14918426001603,lipglass-mini-m-a-c,Lipglass / Mini M·A·C,Lips,unclassified,no §7 rule matched,False,False
MAC,high_end,14918426132675,lipglass-mini-m-a-c-nymphette,Lipglass / Mini M·A·C - Nymphette,Lips,unclassified,no §7 rule matched,True,False
MAC,high_end,14918426165443,lipglass-mini-m-a-c-c-thru,Lipglass / Mini M·A·C - C-Thru,Lips,unclassified,no §7 rule matched,True,False
MAC,high_end,14925345587395,two-glossy-lipglass-air-duo,Two Glossy Lipglass Air Duo,Lips,excluded,excluded by the set/kit/tool/non-makeup word list,False,False
MAC,high_end,14928520118467,doja-cat-lip-kit,Doja Cat Lip Kit,Lips,excluded,excluded by the set/kit/tool/non-makeup word list,False,False
MAC,high_end,14928520151235,doja-cat-lip-kit-scas01,Doja Cat Lip Kit - SCAS01,Lips,excluded,excluded by the set/kit/tool/non-makeup word list,False,False
MAC,high_end,14925288472771,glow-play-tendertalk-lip-balm-baby-doll,Glow Play Tendertalk Lip Balm - Baby Doll,Lips,lipstick,lipstick <- 'lip balm' in product_type|title,True,False
MAC,high_end,14925332873411,night-nude-look-in-a-box-sc3q01,Night Nude Look In A Box  - SC3Q01,Makeup,unclassified,no §7 rule matched,False,False
MAC,high_end,14925335003331,m-a-cximal-silky-matte-lipstick-trio-sepia-collection-scbg01,M·A·Cximal Silky Matte Lipstick Trio / Sepia Collection - SCBG01,Lips,excluded,excluded by the set/kit/tool/non-makeup word list,False,False
MAC,high_end,14925332316355,lipglazer-glossy-liner-chestnut,Lipglazer Glossy Liner - Chestnut,Lips,out_of_scope,out of scope <- 'liner' (not a §7 category),True,False
MAC,high_end,14925332185283,lipglazer-glossy-liner-acai,Lipglazer Glossy Liner - Acai,Lips,out_of_scope,out of scope <- 'liner' (not a §7 category),True,False
MAC,high_end,14925332283587,lipglazer-glossy-liner-syrup,Lipglazer Glossy Liner - Syrup,Lips,out_of_scope,out of scope <- 'liner' (not a §7 category),True,False
MAC,high_end,14925332250819,lipglazer-glossy-liner-macchiato,Lipglazer Glossy Liner - MACchiato,Lips,out_of_scope,out of scope <- 'liner' (not a §7 category),True,False
MAC,high_end,14925332152515,lipglazer-glossy-liner-cool-spice,Lipglazer Glossy Liner - Cool Spice,Lips,out_of_scope,out of scope <- 'liner' (not a §7 category),True,False
MAC,high_end,14925335855299,lustreglass-stainglass-lip-tint-cake-topper,Lustreglass Stainglass Lip Tint - Cake Topper,Lips,lipstick,lipstick <- 'lip tint' in product_type|title,True,False
MAC,high_end,14925335920835,lustreglass-stainglass-lip-tint-trinket,Lustreglass Stainglass Lip Tint - Trinket,Lips,lipstick,lipstick <- 'lip tint' in product_type|title,True,False
MAC,high_end,14925343228099,lustreglass-sheer-shine-lipstick-lil-squirt,Lustreglass Sheer-Shine Lipstick - Lil Squirt,Lips,lipstick,lipstick <- 'lipstick' in product_type|title,True,False
MAC,high_end,14925343097027,lustreglass-sheer-shine-lipstick-figgy,Lustreglass Sheer-Shine Lipstick - Figgy,Lips,lipstick,lipstick <- 'lipstick' in product_type|title,True,False
MAC,high_end,14925343031491,lustreglass-sheer-shine-lipstick-frienda,Lustreglass Sheer-Shine Lipstick - Frienda,Lips,lipstick,lipstick <- 'lipstick' in product_type|title,True,False
MAC,high_end,14925346373827,viva-glam-x-chappell-roan-lipglass-air-non-sticky-gloss-damnsel,VIVA GLAM x Chappell Roan Lipglass Air Non-Sticky Gloss - Damnsel,Lips,lip_gloss,lip_gloss <- 'gloss' in product_type|title,True,False
MAC,high_end,14925334413507,viva-glam-x-chappell-roan-lustreglass-sheer-shine-lipstick-roan-of-arc,VIVA GLAM x Chappell Roan Lustreglass Sheer-Shine Lipstick - Roan of Arc,Lips,lipstick,lipstick <- 'lipstick' in product_type|title,True,False
MAC,high_end,14925336182979,m-a-cximal-silky-matte-viva-glam-x-chappell-roan-lipstick-unnatural-red-head,M·A·Cximal Silky Matte VIVA GLAM x Chappell Roan Lipstick - UnNatural Red Head,Lips,lipstick,lipstick <- 'lipstick' in product_type|title,True,False
MAC,high_end,14925345980611,two-glossy-lipglass-air-duo-multi,Two Glossy Lipglass Air Duo - Multi,Lips,excluded,excluded by the set/kit/tool/non-makeup word list,False,False
MAC,high_end,14925360660675,finishing-touch-brush-kit-sb6wy6,Finishing Touch Brush Kit - SB6WY6,Makeup Brushes,excluded,excluded by the set/kit/tool/non-makeup word list,False,False
MAC,high_end,14925360398531,finishing-touch-brush-kit,Finishing Touch Brush Kit,Makeup Brushes,excluded,excluded by the set/kit/tool/non-makeup word list,False,False
MAC,high_end,14925361840323,eye-wear-mac-eye-shadow-palette-11-8-g,Eye Wear MAC Eye Shadow Palette - 11.8 g,Eyes,eyeshadow_palette,eyeshadow_palette <- 'eye shadow palette' in product_type|title,True,False
MAC,high_end,14920412561603,gift-wrap,Gift Wrap,,excluded,excluded by the set/kit/tool/non-makeup word list,False,False
MAC,high_end,14920406466755,mac-egift-card,MAC eGIFT CARD,,excluded,excluded by the set/kit/tool/non-makeup word list,False,False
MAC,high_end,14917631869123,retro-matte-lipstick,Retro Matte Lipstick,Lips,lipstick,lipstick <- 'lipstick' in product_type|title,False,False
MAC,high_end,14917631934659,skinfinish-sunstruck-bronzer,Skinfinish Sunstruck Bronzer,Face,bronzer,bronzer <- 'bronzer' in product_type|title,False,False
MAC,high_end,14917631901891,m-a-cximal-sleek-satin-lipstick-mini-m-a-c,M·A·Cximal Sleek Satin Lipstick / Mini M·A·C,Lips,lipstick,lipstick <- 'lipstick' in product_type|title,False,False
MAC,high_end,14917632000195,m-a-c-locked-kiss-ink™-24hr-lipcolour,M·A·C Locked Kiss Ink™ 24HR Lipcolour,Lips,unclassified,no §7 rule matched,False,False
MAC,high_end,14917631967427,retro-matte-liquid-lipcolour,Retro Matte Liquid Lipcolour,Lips,liquid_lipstick,liquid_lipstick <- 'liquid lip' in product_type|title,False,False
MAC,high_end,14917632065731,retro-matte-lipstick-ruby-woo,Retro Matte Lipstick - Ruby Woo,Lips,lipstick,lipstick <- 'lipstick' in product_type|title,True,False
MAC,high_end,14917632032963,retro-matte-lipstick-bronx,Retro Matte Lipstick - Bronx,Lips,lipstick,lipstick <- 'lipstick' in product_type|title,True,False
MAC,high_end,14917632131267,retro-matte-liquid-lipcolour-fashion-legacy,Retro Matte Liquid Lipcolour - Fashion Legacy,Lips,liquid_lipstick,liquid_lipstick <- 'liquid lip' in product_type|title,True,False
MAC,high_end,14917632098499,skinfinish-sunstruck-bronzer-radiant-rich-rosy,Skinfinish Sunstruck Bronzer - Radiant Rich Rosy,Face,bronzer,bronzer <- 'bronzer' in product_type|title,True,False
MAC,high_end,14917632196803,skinfinish-sunstruck-bronzer-radiant-light-rosy,Skinfinish Sunstruck Bronzer - Radiant Light Rosy,Face,bronzer,bronzer <- 'bronzer' in product_type|title,True,False
MAC,high_end,14917632164035,retro-matte-liquid-lipcolour-feels-so-grand,Retro Matte Liquid Lipcolour - Feels So Grand,Lips,liquid_lipstick,liquid_lipstick <- 'liquid lip' in product_type|title,True,False
MAC,high_end,14917632295107,m-a-c-locked-kiss-ink™-24hr-lipcolour-mischief,M·A·C Locked Kiss Ink™ 24HR Lipcolour - Mischief,Lips,unclassified,no §7 rule matched,True,False
MAC,high_end,14917632262339,m-a-cximal-sleek-satin-lipstick-mini-m-a-c-dubonnet,M·A·Cximal Sleek Satin Lipstick / Mini M·A·C - Dubonnet,Lips,lipstick,lipstick <- 'lipstick' in product_type|title,True,False
MAC,high_end,14917632229571,m-a-cximal-sleek-satin-lipstick-mini-m-a-c-centre-of-attention,M·A·Cximal Sleek Satin Lipstick / Mini M·A·C - Centre Of Attention,Lips,lipstick,lipstick <- 'lipstick' in product_type|title,True,False
MAC,high_end,14917632360643,retro-matte-lipstick-relentlessly-red,Retro Matte Lipstick - Relentlessly Red,Lips,lipstick,lipstick <- 'lipstick' in product_type|title,True,False
MAC,high_end,14917632327875,m-a-c-locked-kiss-ink™-24hr-lipcolour-bodacious,M·A·C Locked Kiss Ink™ 24HR Lipcolour - Bodacious,Lips,unclassified,no §7 rule matched,True,False
MAC,high_end,14917632426179,retro-matte-lipstick-all-fired-up,Retro Matte Lipstick - All Fired Up,Lips,lipstick,lipstick <- 'lipstick' in product_type|title,True,False
MAC,high_end,14917632393411,skinfinish-sunstruck-bronzer-matte-richer-rosy,Skinfinish Sunstruck Bronzer - Matte Richer Rosy,Face,bronzer,bronzer <- 'bronzer' in product_type|title,True,False
MAC,high_end,14917632491715,skinfinish-sunstruck-bronzer-matte-medium-rosy,Skinfinish Sunstruck Bronzer - Matte Medium Rosy,Face,bronzer,bronzer <- 'bronzer' in product_type|title,True,False
MAC,high_end,14917632458947,m-a-cximal-sleek-satin-lipstick-mini-m-a-c-creme-in-your-coffee,M·A·Cximal Sleek Satin Lipstick / Mini M·A·C - Creme In Your Coffee,Lips,lipstick,lipstick <- 'lipstick' in product_type|title,True,False
MAC,high_end,14917632557251,m-a-cximal-sleek-satin-lipstick-mini-m-a-c-brick-o-la,M·A·Cximal Sleek Satin Lipstick / Mini M·A·C - Brick-O-La,Lips,lipstick,lipstick <- 'lipstick' in product_type|title,True,False
MAC,high_end,14917632524483,retro-matte-liquid-lipcolour-high-drama,Retro Matte Liquid Lipcolour - High Drama,Lips,liquid_lipstick,liquid_lipstick <- 'liquid lip' in product_type|title,True,False
MAC,high_end,14917632655555,retro-matte-lipstick-flat-out-fabulous,Retro Matte Lipstick - Flat Out Fabulous,Lips,lipstick,lipstick <- 'lipstick' in product_type|title,True,False
MAC,high_end,14917632622787,m-a-c-locked-kiss-ink™-24hr-lipcolour-vicious,M·A·C Locked Kiss Ink™ 24HR Lipcolour - Vicious,Lips,unclassified,no §7 rule matched,True,False
MAC,high_end,14917632590019,retro-matte-liquid-lipcolour-dance-with-me,Retro Matte Liquid Lipcolour - Dance With Me,Lips,liquid_lipstick,liquid_lipstick <- 'liquid lip' in product_type|title,True,False
MAC,high_end,14917632721091,skinfinish-sunstruck-bronzer-matte-medium-golden,Skinfinish Sunstruck Bronzer - Matte Medium Golden,Face,bronzer,bronzer <- 'bronzer' in product_type|title,True,False
MAC,high_end,14917632688323,retro-matte-lipstick-runway-hit,Retro Matte Lipstick - Runway Hit,Lips,lipstick,lipstick <- 'lipstick' in product_type|title,True,False
MAC,high_end,14917632786627,m-a-c-locked-kiss-ink™-24hr-lipcolour-most-curious,M·A·C Locked Kiss Ink™ 24HR Lipcolour - Most Curious,Lips,unclassified,no §7 rule matched,True,False
MAC,high_end,14917632753859,m-a-cximal-sleek-satin-lipstick-mini-m-a-c-paramount,M·A·Cximal Sleek Satin Lipstick / Mini M·A·C - Paramount,Lips,lipstick,lipstick <- 'lipstick' in product_type|title,True,False
MAC,high_end,14917632852163,m-a-c-locked-kiss-ink™-24hr-lipcolour-ruby-true,M·A·C Locked Kiss Ink™ 24HR Lipcolour - Ruby True,Lips,unclassified,no §7 rule matched,True,False
MAC,high_end,14917632819395,retro-matte-liquid-lipcolour-lady-be-good,Retro Matte Liquid Lipcolour - Lady-Be-Good,Lips,liquid_lipstick,liquid_lipstick <- 'liquid lip' in product_type|title,True,False
MAC,high_end,14917632983235,retro-matte-liquid-lipcolour-quite-the-standout,Retro Matte Liquid Lipcolour - Quite The Standout,Lips,liquid_lipstick,liquid_lipstick <- 'liquid lip' in product_type|title,True,False
MAC,high_end,14917632950467,m-a-cximal-sleek-satin-lipstick-mini-m-a-c-rebel,M·A·Cximal Sleek Satin Lipstick / Mini M·A·C - Rebel,Lips,lipstick,lipstick <- 'lipstick' in product_type|title,True,False
MAC,high_end,14917632884931,skinfinish-sunstruck-bronzer-radiant-deep-golden,Skinfinish Sunstruck Bronzer - Radiant Deep Golden,Face,bronzer,bronzer <- 'bronzer' in product_type|title,True,False
MAC,high_end,14917633048771,retro-matte-lipstick-dangerous,Retro Matte Lipstick - Dangerous,Lips,lipstick,lipstick <- 'lipstick' in product_type|title,True,False
MAC,high_end,14917633016003,skinfinish-sunstruck-bronzer-matte-light-rosy,Skinfinish Sunstruck Bronzer - Matte Light Rosy,Face,bronzer,bronzer <- 'bronzer' in product_type|title,True,False
MAC,high_end,14917633114307,retro-matte-liquid-lipcolour-burnt-spice,Retro Matte Liquid Lipcolour - Burnt Spice,Lips,liquid_lipstick,liquid_lipstick <- 'liquid lip' in product_type|title,True,False
MAC,high_end,14917633081539,m-a-c-locked-kiss-ink™-24hr-lipcolour-extra-chili,M·A·C Locked Kiss Ink™ 24HR Lipcolour - Extra Chili,Lips,unclassified,no §7 rule matched,True,False
MAC,high_end,14917633179843,skinfinish-sunstruck-bronzer-matte-deep-rosy,Skinfinish Sunstruck Bronzer - Matte Deep Rosy,Face,bronzer,bronzer <- 'bronzer' in product_type|title,True,False
MAC,high_end,14917633245379,eye-kohl-eyeliner,Eye Kohl Eyeliner,Eyes,out_of_scope,out of scope <- 'kohl' (not a §7 category),False,False
MAC,high_end,14917633212611,skinfinish-sunstruck-bronzer-radiant-medium-golden,Skinfinish Sunstruck Bronzer - Radiant Medium Golden,Face,bronzer,bronzer <- 'bronzer' in product_type|title,True,False
MAC,high_end,14917633310915,m-a-c-locked-kiss-ink™-24hr-lipcolour-posh,M·A·C Locked Kiss Ink™ 24HR Lipcolour - Posh,Lips,unclassified,no §7 rule matched,True,False
MAC,high_end,14917633278147,retro-matte-liquid-lipcolour-topped-with-brandy,Retro Matte Liquid Lipcolour - Topped With Brandy,Lips,liquid_lipstick,liquid_lipstick <- 'liquid lip' in product_type|title,True,False
MAC,high_end,14917633343683,m-a-c-locked-kiss-24hr-lipstick,M·A·C Locked Kiss 24hr Lipstick,Lips,lipstick,lipstick <- 'lipstick' in product_type|title,False,False
MAC,high_end,14917633474755,eye-kohl-eyeliner-smolder,Eye Kohl Eyeliner - Smolder,Eyes,out_of_scope,out of scope <- 'kohl' (not a §7 category),True,False
MAC,high_end,14917633441987,skinfinish-sunstruck-bronzer-matte-rich-golden,Skinfinish Sunstruck Bronzer - Matte Rich Golden,Face,bronzer,bronzer <- 'bronzer' in product_type|title,True,False
MAC,high_end,14917633409219,retro-matte-liquid-lipcolour-caviar,Retro Matte Liquid Lipcolour - Caviar,Lips,liquid_lipstick,liquid_lipstick <- 'liquid lip' in product_type|title,True,False
MAC,high_end,14917633540291,skinfinish-sunstruck-bronzer-matte-richer-golden,Skinfinish Sunstruck Bronzer - Matte Richer Golden,Face,bronzer,bronzer <- 'bronzer' in product_type|title,True,False
MAC,high_end,14917633507523,eye-kohl-eyeliner-teddy,Eye Kohl Eyeliner - Teddy,Eyes,out_of_scope,out of scope <- 'kohl' (not a §7 category),True,False
MAC,high_end,14917633573059,m-a-c-locked-kiss-24hr-lipstick-opulence,M·A·C Locked Kiss 24hr Lipstick - Opulence,Lips,lipstick,lipstick <- 'lipstick' in product_type|title,True,False
MAC,high_end,14917633638595,retro-matte-liquid-lipcolour-ruby-phew,Retro Matte Liquid Lipcolour - Ruby Phew!,Lips,liquid_lipstick,liquid_lipstick <- 'liquid lip' in product_type|title,True,False
MAC,high_end,14917633605827,m-a-c-locked-kiss-24hr-lipstick-posh,M·A·C Locked Kiss 24hr Lipstick - Posh,Lips,lipstick,lipstick <- 'lipstick' in product_type|title,True,False
MAC,high_end,14917633736899,skinfinish-sunstruck-bronzer-matte-light-golden,Skinfinish Sunstruck Bronzer - Matte Light Golden,Face,bronzer,bronzer <- 'bronzer' in product_type|title,True,False
MAC,high_end,14917633671363,m-a-c-locked-kiss-ink™-24hr-lipcolour-teaser,M·A·C Locked Kiss Ink™ 24HR Lipcolour - Teaser,Lips,unclassified,no §7 rule matched,True,False
MAC,high_end,14917633802435,eye-kohl-eyeliner-prunella,Eye Kohl Eyeliner - Prunella,Eyes,out_of_scope,out of scope <- 'kohl' (not a §7 category),True,False
MAC,high_end,14917633900739,skinfinish-sunstruck-bronzer-radiant-richer-rosy,Skinfinish Sunstruck Bronzer - Radiant Richer Rosy,Face,bronzer,bronzer <- 'bronzer' in product_type|title,True,False
MAC,high_end,14917633867971,retro-matte-liquid-lipcolour-chili-addict,Retro Matte Liquid Lipcolour - Chili Addict,Lips,liquid_lipstick,liquid_lipstick <- 'liquid lip' in product_type|title,True,False
MAC,high_end,14917633835203,eye-kohl-eyeliner-phone-number,Eye Kohl Eyeliner - Phone Number,Eyes,out_of_scope,out of scope <- 'kohl' (not a §7 category),True,False
MAC,high_end,14917633966275,m-a-c-locked-kiss-ink™-24hr-lipcolour-brazen,M·A·C Locked Kiss Ink™ 24HR Lipcolour - Brazen,Lips,unclassified,no §7 rule matched,True,False
MAC,high_end,14917633933507,m-a-c-locked-kiss-24hr-lipstick-meticulous,M·A·C Locked Kiss 24hr Lipstick - Meticulous,Lips,lipstick,lipstick <- 'lipstick' in product_type|title,True,False
MAC,high_end,14917634064579,skinfinish-sunstruck-bronzer-matte-rich-rosy,Skinfinish Sunstruck Bronzer - Matte Rich Rosy,Face,bronzer,bronzer <- 'bronzer' in product_type|title,True,False
MAC,high_end,14917633999043,m-a-c-locked-kiss-24hr-lipstick-teaser,M·A·C Locked Kiss 24hr Lipstick - Teaser,Lips,lipstick,lipstick <- 'lipstick' in product_type|title,True,False
MAC,high_end,14917634130115,eye-kohl-eyeliner-fascinating,Eye Kohl Eyeliner - Fascinating,Eyes,out_of_scope,out of scope <- 'kohl' (not a §7 category),True,False
MAC,high_end,14917634097347,eye-kohl-eyeliner-minted,Eye Kohl Eyeliner - Minted,Eyes,out_of_scope,out of scope <- 'kohl' (not a §7 category),True,False
MAC,high_end,14917634228419,m-a-c-locked-kiss-24hr-lipstick-sophistry,M·A·C Locked Kiss 24hr Lipstick - Sophistry,Lips,lipstick,lipstick <- 'lipstick' in product_type|title,True,False
MAC,high_end,14917634195651,skinfinish-sunstruck-bronzer-matte-deep-golden,Skinfinish Sunstruck Bronzer - Matte Deep Golden,Face,bronzer,bronzer <- 'bronzer' in product_type|title,True,False
MAC,high_end,14917634293955,m-a-c-locked-kiss-24hr-lipstick-vicious,M·A·C Locked Kiss 24hr Lipstick - Vicious,Lips,lipstick,lipstick <- 'lipstick' in product_type|title,True,False
MAC,high_end,14917634261187,pro-palette-pan,Pro Palette Pan,Eyes,unclassified,no §7 rule matched,False,False
MAC,high_end,14917634359491,eye-kohl-eyeliner-feline,Eye Kohl Eyeliner - Feline,Eyes,out_of_scope,out of scope <- 'kohl' (not a §7 category),True,False
MAC,high_end,14917634326723,eye-kohl-eyeliner-costa-riche,Eye Kohl Eyeliner - Costa Riche,Eyes,out_of_scope,out of scope <- 'kohl' (not a §7 category),True,False
MAC,high_end,14917634392259,m-a-c-locked-kiss-ink™-24hr-lipcolour-gossip,M·A·C Locked Kiss Ink™ 24HR Lipcolour - Gossip,Lips,unclassified,no §7 rule matched,True,False
MAC,high_end,14917634523331,mac-pro-lip-erase,MAC Pro Lip Erase,Lips,unclassified,no §7 rule matched,False,False
MAC,high_end,14917634490563,pro-palette-pan-white-frost,Pro Palette Pan - White Frost,Eyes,unclassified,no §7 rule matched,True,False
MAC,high_end,14917634457795,pro-palette-pan-vex,Pro Palette Pan - Vex,Eyes,unclassified,no §7 rule matched,True,False
MAC,high_end,14917634588867,m-a-c-locked-kiss-24hr-lipstick-rein,M·A·C Locked Kiss 24hr Lipstick - Rein,Lips,lipstick,lipstick <- 'lipstick' in product_type|title,True,False
MAC,high_end,14917634556099,m-a-c-locked-kiss-24hr-lipstick-mischief,M·A·C Locked Kiss 24hr Lipstick - Mischief,Lips,lipstick,lipstick <- 'lipstick' in product_type|title,True,False
MAC,high_end,14917634654403,m-a-c-locked-kiss-ink™-24hr-lipcolour-vixen,M·A·C Locked Kiss Ink™ 24HR Lipcolour - Vixen,Lips,unclassified,no §7 rule matched,True,False
MAC,high_end,14917634621635,m-a-c-locked-kiss-ink™-24hr-lipcolour-decadence,M·A·C Locked Kiss Ink™ 24HR Lipcolour - Decadence,Lips,unclassified,no §7 rule matched,True,False
MAC,high_end,14917634687171,pro-palette-pan-shroom,Pro Palette Pan - Shroom,Eyes,unclassified,no §7 rule matched,True,False
MAC,high_end,14917634785475,pro-palette-pan-brule,Pro Palette Pan - Brulé,Eyes,unclassified,no §7 rule matched,True,False
MAC,high_end,14917634752707,squirt-plumping-gloss-stick,Squirt Plumping Gloss Stick,Lips,lip_gloss,lip_gloss <- 'plumping' in product_type|title,False,False
MAC,high_end,14917634883779,m-a-c-locked-kiss-24hr-lipstick-mull-it-over-over,M·A·C Locked Kiss 24hr Lipstick - Mull It Over & Over,Lips,lipstick,lipstick <- 'lipstick' in product_type|title,True,False
MAC,high_end,14917634851011,m-a-c-locked-kiss-24hr-lipstick-connoisseur,M·A·C Locked Kiss 24hr Lipstick - Connoisseur,Lips,lipstick,lipstick <- 'lipstick' in product_type|title,True,False
MAC,high_end,14917634916547,pro-palette-pan-nylon,Pro Palette Pan - Nylon,Eyes,unclassified,no §7 rule matched,True,False
MAC,high_end,14917635014851,squirt-plumping-gloss-stick-clear,Squirt Plumping Gloss Stick - Clear,Lips,lip_gloss,lip_gloss <- 'plumping' in product_type|title,True,False
MAC,high_end,14917635080387,m-a-c-locked-kiss-ink™-24hr-lipcolour-gutsy,M·A·C Locked Kiss Ink™ 24HR Lipcolour - Gutsy,Lips,unclassified,no §7 rule matched,True,False
MAC,high_end,14917635047619,squirt-plumping-gloss-stick-like-squirt,Squirt Plumping Gloss Stick - Like Squirt,Lips,lip_gloss,lip_gloss <- 'plumping' in product_type|title,True,False
MAC,high_end,14917635178691,m-a-c-locked-kiss-24hr-lipstick-vixen,M·A·C Locked Kiss 24hr Lipstick - Vixen,Lips,lipstick,lipstick <- 'lipstick' in product_type|title,True,False
MAC,high_end,14917635113155,pro-palette-pan-malt,Pro Palette Pan - Malt,Eyes,unclassified,no §7 rule matched,True,False
MAC,high_end,14917635244227,pro-palette-pan-orb,Pro Palette Pan - Orb,Eyes,unclassified,no §7 rule matched,True,False
MAC,high_end,14917635211459,m-a-c-locked-kiss-24hr-lipstick-ruby-true,M·A·C Locked Kiss 24hr Lipstick - Ruby True,Lips,lipstick,lipstick <- 'lipstick' in product_type|title,True,False
MAC,high_end,14917635309763,squirt-plumping-gloss-stick-hazard,Squirt Plumping Gloss Stick - Hazard,Lips,lip_gloss,lip_gloss <- 'plumping' in product_type|title,True,False
MAC,high_end,14917635375299,m-a-c-locked-kiss-ink™-24hr-lipcolour-upgraded,M·A·C Locked Kiss Ink™ 24HR Lipcolour - Upgraded,Lips,unclassified,no §7 rule matched,True,False
MAC,high_end,14917635342531,squirt-plumping-gloss-stick-heat-sensor,Squirt Plumping Gloss Stick - Heat Sensor,Lips,lip_gloss,lip_gloss <- 'plumping' in product_type|title,True,False
MAC,high_end,14917635440835,pro-palette-pan-l-e-s-artiste,Pro Palette Pan - L.E.S. Artiste,Eyes,unclassified,no §7 rule matched,True,False
MAC,high_end,14917635506371,m-a-c-locked-kiss-24hr-lipstick-poncy,M·A·C Locked Kiss 24hr Lipstick - Poncy,Lips,lipstick,lipstick <- 'lipstick' in product_type|title,True,False
MAC,high_end,14917635571907,pro-palette-pan-omega,Pro Palette Pan - Omega,Eyes,unclassified,no §7 rule matched,True,False
MAC,high_end,14917635539139,m-a-c-locked-kiss-24hr-lipstick-gutsy,M·A·C Locked Kiss 24hr Lipstick - Gutsy,Lips,lipstick,lipstick <- 'lipstick' in product_type|title,True,False
MAC,high_end,14917635637443,squirt-plumping-gloss-stick-amped,Squirt Plumping Gloss Stick - Amped,Lips,lip_gloss,lip_gloss <- 'plumping' in product_type|title,True,False
MAC,high_end,14917635735747,squirt-plumping-gloss-stick-jet,Squirt Plumping Gloss Stick - Jet,Lips,lip_gloss,lip_gloss <- 'plumping' in product_type|title,True,False
MAC,high_end,14917635702979,m-a-c-locked-kiss-ink™-24hr-lipcolour-mull-it-over-over,M·A·C Locked Kiss Ink™ 24HR Lipcolour - Mull It Over & Over,Lips,unclassified,no §7 rule matched,True,False
MAC,high_end,14917635768515,pro-palette-pan-jest,Pro Palette Pan - Jest,Eyes,unclassified,no §7 rule matched,True,False
MAC,high_end,14917635899587,pro-palette-pan-ricepaper,Pro Palette Pan - Ricepaper,Eyes,unclassified,no §7 rule matched,True,False
MAC,high_end,14917635866819,m-a-c-locked-kiss-24hr-lipstick-taboo,M·A·C Locked Kiss 24hr Lipstick - Taboo,Lips,lipstick,lipstick <- 'lipstick' in product_type|title,True,False
MAC,high_end,14917635834051,m-a-c-locked-kiss-24hr-lipstick-renegade,M·A·C Locked Kiss 24hr Lipstick - Renegade,Lips,lipstick,lipstick <- 'lipstick' in product_type|title,True,False
MAC,high_end,14917635965123,pro-palette-pan-all-that-glitters,Pro Palette Pan - All That Glitters,Eyes,unclassified,no §7 rule matched,True,False
MAC,high_end,14917636030659,squirt-plumping-gloss-stick-violet-beta,Squirt Plumping Gloss Stick - Violet Beta,Lips,lip_gloss,lip_gloss <- 'plumping' in product_type|title,True,False
MAC,high_end,14917635997891,squirt-plumping-gloss-stick-lower-cut,Squirt Plumping Gloss Stick - Lower Cut,Lips,lip_gloss,lip_gloss <- 'plumping' in product_type|title,True,False
MAC,high_end,14917636128963,m-a-c-locked-kiss-24hr-lipstick-extra-chili,M·A·C Locked Kiss 24hr Lipstick - Extra Chili,Lips,lipstick,lipstick <- 'lipstick' in product_type|title,True,False
MAC,high_end,14917636063427,m-a-c-locked-kiss-24hr-lipstick-coy,M·A·C Locked Kiss 24hr Lipstick - Coy,Lips,lipstick,lipstick <- 'lipstick' in product_type|title,True,False
MAC,high_end,14917636194499,pro-palette-pan-grain,Pro Palette Pan - Grain,Eyes,unclassified,no §7 rule matched,True,False
MAC,high_end,14917636161731,small-eye-shadow,Small Eye Shadow,Eyes,eyeshadow_single,eyeshadow_single <- 'eye shadow' in product_type|title,False,False
MAC,high_end,14917636260035,squirt-plumping-gloss-stick-nova,Squirt Plumping Gloss Stick - Nova,Lips,lip_gloss,lip_gloss <- 'plumping' in product_type|title,True,False
MAC,high_end,14917636227267,mac-pro-lip-erase-light-neutral,MAC Pro Lip Erase - Light Neutral,Lips,unclassified,no §7 rule matched,True,False
MAC,high_end,14917636292803,pro-palette-pan-motif,Pro Palette Pan - Motif!,Eyes,unclassified,no §7 rule matched,True,False
MAC,high_end,14917636391107,small-eye-shadow-vex,Small Eye Shadow - Vex,Eyes,eyeshadow_single,eyeshadow_single <- 'eye shadow' in product_type|title,True,False
MAC,high_end,14917636358339,small-eye-shadow-shroom,Small Eye Shadow - Shroom,Eyes,eyeshadow_single,eyeshadow_single <- 'eye shadow' in product_type|title,True,False
MAC,high_end,14917636489411,squirt-plumping-gloss-stick-simulation,Squirt Plumping Gloss Stick - Simulation,Lips,lip_gloss,lip_gloss <- 'plumping' in product_type|title,True,False
MAC,high_end,14917636456643,pro-palette-pan-naked-lunch,Pro Palette Pan - Naked Lunch,Eyes,unclassified,no §7 rule matched,True,False
MAC,high_end,14917636423875,mac-pro-lip-erase-light-medium-neutral,MAC Pro Lip Erase - Light Medium Neutral,Lips,unclassified,no §7 rule matched,True,False
MAC,high_end,14917636587715,squirt-plumping-gloss-stick-lava-sparks,Squirt Plumping Gloss Stick - Lava Sparks,Lips,lip_gloss,lip_gloss <- 'plumping' in product_type|title,True,False
MAC,high_end,14917636554947,mac-pro-lip-erase-deep-neutral,MAC Pro Lip Erase - Deep Neutral,Lips,unclassified,no §7 rule matched,True,False
MAC,high_end,14917636653251,small-eye-shadow-blanc-type,Small Eye Shadow - Blanc Type,Eyes,eyeshadow_single,eyeshadow_single <- 'eye shadow' in product_type|title,True,False
MAC,high_end,14917636620483,pro-palette-pan-honey-lust,Pro Palette Pan - Honey Lust,Eyes,unclassified,no §7 rule matched,True,False
MAC,high_end,14917636751555,mac-pro-lip-erase-rich-neutral,MAC Pro Lip Erase - Rich Neutral,Lips,unclassified,no §7 rule matched,True,False
MAC,high_end,14917636718787,pro-palette-pan-natural-wilderness,Pro Palette Pan - Natural Wilderness,Eyes,unclassified,no §7 rule matched,True,False
MAC,high_end,14917636686019,small-eye-shadow-brown-script,Small Eye Shadow - Brown Script,Eyes,brow,brow <- 'brow' in product_type|title,True,False
MAC,high_end,14917636817091,squirt-plumping-gloss-stick-nova-sparks,Squirt Plumping Gloss Stick - Nova Sparks,Lips,lip_gloss,lip_gloss <- 'plumping' in product_type|title,True,False
MAC,high_end,14917636784323,mac-pro-lip-erase-deep-cool,MAC Pro Lip Erase - Deep Cool,Lips,unclassified,no §7 rule matched,True,False
MAC,high_end,14917636882627,squirt-plumping-gloss-stick-ruby-sparks,Squirt Plumping Gloss Stick - Ruby Sparks,Lips,lip_gloss,lip_gloss <- 'plumping' in product_type|title,True,False
MAC,high_end,14917636849859,eyebrows-big-boost-fibre-gel,Eyebrows Big Boost Fibre Gel,Eyes,brow,brow <- 'eyebrow' in product_type|title,False,False
MAC,high_end,14917636980931,pro-palette-pan-sandstone,Pro Palette Pan - Sandstone,Eyes,unclassified,no §7 rule matched,True,False
MAC,high_end,14917636948163,small-eye-shadow-brule,Small Eye Shadow - Brulé,Eyes,eyeshadow_single,eyeshadow_single <- 'eye shadow' in product_type|title,True,False
MAC,high_end,14917636915395,pro-palette-pan-tete-a-tint,Pro Palette Pan - Tete-A-Tint,Eyes,unclassified,no §7 rule matched,True,False
MAC,high_end,14917637046467,eyebrows-big-boost-fibre-gel-fling,Eyebrows Big Boost Fibre Gel - Fling,Eyes,brow,brow <- 'eyebrow' in product_type|title,True,False
MAC,high_end,14917637013699,small-eye-shadow-nylon,Small Eye Shadow - Nylon,Eyes,eyeshadow_single,eyeshadow_single <- 'eye shadow' in product_type|title,True,False
MAC,high_end,14917637112003,squirt-plumping-gloss-stick-solar-sparks,Squirt Plumping Gloss Stick - Solar Sparks,Lips,lip_gloss,lip_gloss <- 'plumping' in product_type|title,True,False
MAC,high_end,14917637079235,mac-pro-lip-erase-medium-cool,MAC Pro Lip Erase - Medium Cool,Lips,unclassified,no §7 rule matched,True,False
MAC,high_end,14917637177539,pro-palette-pan-charcoal-brown,Pro Palette Pan - Charcoal Brown,Eyes,brow,brow <- 'brow' in product_type|title,True,False
MAC,high_end,14917637144771,mac-pro-lip-erase-rich-cool,MAC Pro Lip Erase - Rich Cool,Lips,unclassified,no §7 rule matched,True,False
MAC,high_end,14917637308611,small-eye-shadow-malt,Small Eye Shadow - Malt,Eyes,eyeshadow_single,eyeshadow_single <- 'eye shadow' in product_type|title,True,False
MAC,high_end,14917637243075,squirt-plumping-gloss-stick-violet-sparks,Squirt Plumping Gloss Stick - Violet Sparks,Lips,lip_gloss,lip_gloss <- 'plumping' in product_type|title,True,False
MAC,high_end,14917637210307,eyebrows-big-boost-fibre-gel-stylized,Eyebrows Big Boost Fibre Gel - Stylized,Eyes,brow,brow <- 'eyebrow' in product_type|title,True,False
MAC,high_end,14917637374147,eyebrows-big-boost-fibre-gel-lingering,Eyebrows Big Boost Fibre Gel - Lingering,Eyes,brow,brow <- 'eyebrow' in product_type|title,True,False
MAC,high_end,14917637341379,pro-palette-pan-uninterrupted,Pro Palette Pan - Uninterrupted,Eyes,unclassified,no §7 rule matched,True,False
MAC,high_end,14917637439683,pro-palette-pan-soft-brown,Pro Palette Pan - Soft Brown,Eyes,brow,brow <- 'brow' in product_type|title,True,False
MAC,high_end,14917637406915,squirt-plumping-gloss-stick-squirt-sparks,Squirt Plumping Gloss Stick - Squirt Sparks,Lips,lip_gloss,lip_gloss <- 'plumping' in product_type|title,True,False
MAC,high_end,14917637505219,mac-pro-lip-erase-medium-neutral,MAC Pro Lip Erase - Medium Neutral,Lips,unclassified,no §7 rule matched,True,False
MAC,high_end,14917637472451,mac-pro-lip-erase-light-cool,MAC Pro Lip Erase - Light Cool,Lips,unclassified,no §7 rule matched,True,False
MAC,high_end,14917637603523,small-eye-shadow-l-e-s-artiste,Small Eye Shadow - L.E.S. Artiste,Eyes,eyeshadow_single,eyeshadow_single <- 'eye shadow' in product_type|title,True,False
MAC,high_end,14917637537987,eyebrows-big-boost-fibre-gel-brunette,Eyebrows Big Boost Fibre Gel - Brunette,Eyes,brow,brow <- 'eyebrow' in product_type|title,True,False
MAC,high_end,14917637701827,eyebrows-big-boost-fibre-gel-spiked,Eyebrows Big Boost Fibre Gel - Spiked,Eyes,brow,brow <- 'eyebrow' in product_type|title,True,False
MAC,high_end,14917637669059,pro-palette-pan-wedge,Pro Palette Pan - Wedge,Eyes,unclassified,no §7 rule matched,True,False
MAC,high_end,14917637636291,small-eye-shadow-orb,Small Eye Shadow - Orb,Eyes,eyeshadow_single,eyeshadow_single <- 'eye shadow' in product_type|title,True,False
MAC,high_end,14917637767363,eyebrows-big-boost-fibre-gel-stud,Eyebrows Big Boost Fibre Gel - Stud,Eyes,brow,brow <- 'eyebrow' in product_type|title,True,False
MAC,high_end,14917637734595,pro-palette-pan-cork,Pro Palette Pan - Cork,Eyes,unclassified,no §7 rule matched,True,False
MAC,high_end,14917637832899,dazzleshadow-eye-shadow-sticks,Dazzleshadow Eye Shadow Sticks,Eyes,eyeshadow_single,eyeshadow_single <- 'shadow' in product_type|title,False,False
MAC,high_end,14917637800131,mac-pro-lip-erase-light-medium-cool,MAC Pro Lip Erase - Light Medium Cool,Lips,unclassified,no §7 rule matched,True,False
MAC,high_end,14917637898435,pro-palette-pan-saddle,Pro Palette Pan - Saddle,Eyes,unclassified,no §7 rule matched,True,False
MAC,high_end,14917637865667,small-eye-shadow-omega,Small Eye Shadow - Omega,Eyes,eyeshadow_single,eyeshadow_single <- 'eye shadow' in product_type|title,True,False
MAC,high_end,14917637996739,eyebrows-big-boost-fibre-gel-strut,Eyebrows Big Boost Fibre Gel - Strut,Eyes,brow,brow <- 'eyebrow' in product_type|title,True,False
MAC,high_end,14917637963971,pro-palette-pan-embark,Pro Palette Pan - Embark,Eyes,unclassified,no §7 rule matched,True,False
MAC,high_end,14917637931203,small-eye-shadow-ricepaper,Small Eye Shadow - Ricepaper,Eyes,eyeshadow_single,eyeshadow_single <- 'eye shadow' in product_type|title,True,False
MAC,high_end,14917638062275,dazzleshadow-eye-shadow-sticks-gold-stud,Dazzleshadow Eye Shadow Sticks - Gold Stud,Eyes,eyeshadow_single,eyeshadow_single <- 'shadow' in product_type|title,True,False
MAC,high_end,14917638029507,dazzleshadow-eye-shadow-sticks-black-ice,Dazzleshadow Eye Shadow Sticks - Black Ice,Eyes,eyeshadow_single,eyeshadow_single <- 'shadow' in product_type|title,True,False
MAC,high_end,14917638127811,lip-conditioner-hydrating-lip-balm,Lip Conditioner | Hydrating Lip Balm,Lips,lipstick,lipstick <- 'lip balm' in product_type|title,False,False
MAC,high_end,14917638095043,eyebrows-big-boost-fibre-gel-thunder,Eyebrows Big Boost Fibre Gel - Thunder,Eyes,brow,brow <- 'eyebrow' in product_type|title,True,False
MAC,high_end,14917638193347,small-eye-shadow-all-that-glitters,Small Eye Shadow - All That Glitters,Eyes,eyeshadow_single,eyeshadow_single <- 'eye shadow' in product_type|title,True,False
MAC,high_end,14917638160579,pro-palette-pan-satin-taupe,Pro Palette Pan - Satin Taupe,Eyes,unclassified,no §7 rule matched,True,False
MAC,high_end,14917638258883,pro-palette-pan-espresso,Pro Palette Pan - Espresso,Eyes,unclassified,no §7 rule matched,True,False
MAC,high_end,14917638226115,small-eye-shadow-grain,Small Eye Shadow - Grain,Eyes,eyeshadow_single,eyeshadow_single <- 'eye shadow' in product_type|title,True,False
MAC,high_end,14917638357187,eyebrows-big-boost-fibre-gel-taupe,Eyebrows Big Boost Fibre Gel - Taupe,Eyes,brow,brow <- 'eyebrow' in product_type|title,True,False
MAC,high_end,14917638324419,dazzleshadow-eye-shadow-sticks-haku-haze,Dazzleshadow Eye Shadow Sticks - Haku Haze,Eyes,eyeshadow_single,eyeshadow_single <- 'shadow' in product_type|title,True,False
MAC,high_end,14917638291651,dazzleshadow-eye-shadow-sticks-demure-diamonds,Dazzleshadow Eye Shadow Sticks - Demure Diamonds,Eyes,eyeshadow_single,eyeshadow_single <- 'shadow' in product_type|title,True,False
MAC,high_end,14917638422723,lip-conditioner-hydrating-lip-balm-15-0-ml,Lip Conditioner | Hydrating Lip Balm - 15.0 ml,Lips,lipstick,lipstick <- 'lip balm' in product_type|title,True,False
MAC,high_end,14917638488259,small-eye-shadow-motif,Small Eye Shadow - Motif!,Eyes,eyeshadow_single,eyeshadow_single <- 'eye shadow' in product_type|title,True,False
MAC,high_end,14917638455491,pro-palette-pan-brun,Pro Palette Pan - Brun,Eyes,unclassified,no §7 rule matched,True,False
MAC,high_end,14917638553795,dazzleshadow-eye-shadow-sticks-bedazzled-denim,Dazzleshadow Eye Shadow Sticks - Bedazzled Denim,Eyes,eyeshadow_single,eyeshadow_single <- 'shadow' in product_type|title,True,False
MAC,high_end,14917638521027,pro-palette-pan-swiss-chocolate,Pro Palette Pan - Swiss Chocolate,Eyes,unclassified,no §7 rule matched,True,False
MAC,high_end,14917638652099,small-eye-shadow-naked-lunch,Small Eye Shadow - Naked Lunch,Eyes,eyeshadow_single,eyeshadow_single <- 'eye shadow' in product_type|title,True,False
MAC,high_end,14917638619331,eyebrows-big-boost-fibre-gel-hickory,Eyebrows Big Boost Fibre Gel - Hickory,Eyes,brow,brow <- 'eyebrow' in product_type|title,True,False
MAC,high_end,14917638586563,dazzleshadow-eye-shadow-sticks-filthy-martini,Dazzleshadow Eye Shadow Sticks - Filthy Martini,Eyes,eyeshadow_single,eyeshadow_single <- 'shadow' in product_type|title,True,False
MAC,high_end,14917638750403,pro-palette-pan-royal-rendezvous,Pro Palette Pan - Royal Rendezvous,Eyes,unclassified,no §7 rule matched,True,False
MAC,high_end,14917638815939,pro-palette-pan-finjan,Pro Palette Pan - Finjan,Eyes,unclassified,no §7 rule matched,True,False
MAC,high_end,14917638783171,extended-play-gigablack-lash-mascara,Extended Play Gigablack Lash Mascara,Mascara,excluded,excluded by the set/kit/tool/non-makeup word list,False,False
MAC,high_end,14917638881475,small-eye-shadow-honey-lust,Small Eye Shadow - Honey Lust,Eyes,eyeshadow_single,eyeshadow_single <- 'eye shadow' in product_type|title,True,False
MAC,high_end,14917638848707,dazzleshadow-eye-shadow-sticks-taupe-it-off,Dazzleshadow Eye Shadow Sticks - Taupe It Off,Eyes,eyeshadow_single,eyeshadow_single <- 'shadow' in product_type|title,True,False
MAC,high_end,14917638947011,small-eye-shadow-natural-wilderness,Small Eye Shadow - Natural Wilderness,Eyes,eyeshadow_single,eyeshadow_single <- 'eye shadow' in product_type|title,True,False
MAC,high_end,14917638914243,dazzleshadow-eye-shadow-sticks-subliminal-spark,Dazzleshadow Eye Shadow Sticks - Subliminal Spark,Eyes,eyeshadow_single,eyeshadow_single <- 'shadow' in product_type|title,True,False
MAC,high_end,14917639012547,extended-play-gigablack-lash-mascara-intense-black,Extended Play Gigablack Lash Mascara - Intense Black,Mascara,excluded,excluded by the set/kit/tool/non-makeup word list,True,False
MAC,high_end,14917638979779,eyebrows-big-boost-fibre-gel-onyx,Eyebrows Big Boost Fibre Gel - Onyx,Eyes,brow,brow <- 'eyebrow' in product_type|title,True,False
MAC,high_end,14917639110851,small-eye-shadow-tete-a-tint,Small Eye Shadow - Tete-A-Tint,Eyes,eyeshadow_single,eyeshadow_single <- 'eye shadow' in product_type|title,True,False
MAC,high_end,14917639078083,pro-palette-pan-cozy-grey,Pro Palette Pan - Cozy Grey,Eyes,unclassified,no §7 rule matched,True,False
MAC,high_end,14917639045315,pro-palette-pan-haux,Pro Palette Pan - Haux,Eyes,unclassified,no §7 rule matched,True,False
MAC,high_end,14917639176387,full-coverage-foundation,Full Coverage Foundation,Face,foundation,foundation <- 'foundation' in product_type|title,False,False
MAC,high_end,14917639143619,small-eye-shadow-sandstone,Small Eye Shadow - Sandstone,Eyes,eyeshadow_single,eyeshadow_single <- 'eye shadow' in product_type|title,True,False
MAC,high_end,14917639241923,brush-cleanser,Brush Cleanser,Makeup Brushes,excluded,excluded by the set/kit/tool/non-makeup word list,False,False
MAC,high_end,14917639209155,pro-palette-pan-print,Pro Palette Pan - Print,Eyes,unclassified,no §7 rule matched,True,False
MAC,high_end,14917639307459,pro-palette-pan-scene,Pro Palette Pan - Scene,Eyes,unclassified,no §7 rule matched,True,False
MAC,high_end,14917639274691,frost-lipstick,Frost Lipstick,Lips,lipstick,lipstick <- 'lipstick' in product_type|title,False,False
MAC,high_end,14917639372995,full-coverage-foundation-white,Full Coverage Foundation - White,Face,foundation,foundation <- 'foundation' in product_type|title,True,False
MAC,high_end,14917639340227,full-coverage-foundation-w10,Full Coverage Foundation - W10,Face,foundation,foundation <- 'foundation' in product_type|title,True,False
MAC,high_end,14917639471299,brush-cleanser-235-0-ml,Brush Cleanser - 235.0 ml,Makeup Brushes,excluded,excluded by the set/kit/tool/non-makeup word list,True,False
MAC,high_end,14917639438531,frost-lipstick-angel,Frost Lipstick - Angel,Lips,lipstick,lipstick <- 'lipstick' in product_type|title,True,False
MAC,high_end,14917639405763,small-eye-shadow-charcoal-brown,Small Eye Shadow - Charcoal Brown,Eyes,brow,brow <- 'brow' in product_type|title,True,False
MAC,high_end,14917639536835,small-eye-shadow-soft-brown,Small Eye Shadow - Soft Brown,Eyes,brow,brow <- 'brow' in product_type|title,True,False
MAC,high_end,14917639504067,frost-lipstick-o,Frost Lipstick - “O”,Lips,lipstick,lipstick <- 'lipstick' in product_type|title,True,False
MAC,high_end,14917639602371,pro-palette-pan-glitch-in-the-matrix,Pro Palette Pan - Glitch In The Matrix,Eyes,unclassified,no §7 rule matched,True,False
MAC,high_end,14917639569603,pro-palette-pan-greystone,Pro Palette Pan - Greystone,Eyes,unclassified,no §7 rule matched,True,False
MAC,high_end,14917639667907,full-coverage-foundation-nc15,Full Coverage Foundation - NC15,Face,foundation,foundation <- 'foundation' in product_type|title,True,False
MAC,high_end,14917639635139,full-coverage-foundation-nw50,Full Coverage Foundation - NW50,Face,foundation,foundation <- 'foundation' in product_type|title,True,False
MAC,high_end,14917639733443,frost-lipstick-bronze-shimmer,Frost Lipstick - Bronze Shimmer,Lips,lipstick,lipstick <- 'lipstick' in product_type|title,True,False
MAC,high_end,14917639700675,small-eye-shadow-wedge,Small Eye Shadow - Wedge,Eyes,eyeshadow_single,eyeshadow_single <- 'eye shadow' in product_type|title,True,False
MAC,high_end,14917639831747,pro-palette-pan-carbon,Pro Palette Pan - Carbon,Eyes,unclassified,no §7 rule matched,True,False
Makeup by Mario,high_end,7978338189377,soft-shimmer-long-wear-cream-eyeshadow,Soft Shimmer™ Long-Wear Cream Eyeshadow,Eyes,excluded,excluded by the set/kit/tool/non-makeup word list,False,False
Makeup by Mario,high_end,7775771263041,ethereal-eyes-eyeshadow-palette-the-original,Ethereal Eyes™ Eyeshadow Palette: The Original,Eyes,eyeshadow_palette,eyeshadow_palette <- 'eyeshadow palette' in product_type|title,False,False
Makeup by Mario,high_end,7706247397441,jelly-jar-lip-cheek-balm,Jelly Jar™ Lip & Cheek Balm,Lips,unclassified,no §7 rule matched,False,False
Makeup by Mario,high_end,7648621035585,supershine-lip-gloss-duo,SuperShine™ Lip Gloss Duo,Lips,excluded,excluded by the set/kit/tool/non-makeup word list,False,False
Makeup by Mario,high_end,7648541016129,marios-essential-brush-kit,Mario's Essential Brush Kit,Tools,excluded,excluded by the set/kit/tool/non-makeup word list,False,False
Makeup by Mario,high_end,7660329107521,makeup-by-mario-custom-travel-case,Mario's Essential Travel Case,Tools,excluded,excluded by the set/kit/tool/non-makeup word list,False,False
Makeup by Mario,high_end,7644454027329,ethereal-eyes-eyeshadow-palette-nature,Ethereal Eyes™ Eyeshadow Palette: Nature,Eyes,eyeshadow_palette,eyeshadow_palette <- 'eyeshadow palette' in product_type|title,False,False
Makeup by Mario,high_end,7628158173249,surrealskin-natural-finish-foundation,SurrealSkin® Natural Finish Foundation,Face,foundation,foundation <- 'foundation' in product_type|title,False,False
Makeup by Mario,high_end,7633675321409,exclusive-mirror,Makeup By Mario Exclusive Mirror,Tools,excluded,excluded by the set/kit/tool/non-makeup word list,False,False
Makeup by Mario,high_end,7569724276801,soft-pop-blushstick,Soft Pop Blush Stick,Blush,cream_blush,cream_blush <- 'blush stick' in product_type|title,False,False
Makeup by Mario,high_end,7568266985537,softsculpt-shaping-stick,SoftSculpt® Shaping Stick,Face,unclassified,no §7 rule matched,False,False
Makeup by Mario,high_end,7594489839681,master-pigment-pro-eye-pencil,Master Pigment Pro® Pencil,Eyes,unclassified,no §7 rule matched,False,False
Makeup by Mario,high_end,7584340017217,master-mattes-long-wear-cream-eyeshadow,Master Mattes® Long-Wear Cream Eyeshadow,Eyes,excluded,excluded by the set/kit/tool/non-makeup word list,False,False
Makeup by Mario,high_end,7561260367937,softsculpt-blurring-bronzer,SoftSculpt® Blurring Bronzer,Face,bronzer,bronzer <- 'bronzer' in product_type|title,False,False
Makeup by Mario,high_end,7543479435329,mini-softsculpt-shaping-stick,Mini SoftSculpt® Shaping Stick,Face,unclassified,no §7 rule matched,False,False
Makeup by Mario,high_end,7524427890753,master-mascara,Master Mascara®,Eyes,mascara,mascara <- 'mascara' in product_type|title,False,False
Makeup by Mario,high_end,7462086115393,supershine-lip-gloss,SuperShine™ Lip Gloss,Lips,lip_gloss,lip_gloss <- 'lip gloss' in product_type|title,False,False
Makeup by Mario,high_end,7450046234689,sculpt-pop-on-the-go,Sculpt & Pop On-The-Go,Kits,excluded,excluded by the set/kit/tool/non-makeup word list,False,False
Makeup by Mario,high_end,7454820532289,ethereal-eyes-eyeshadow-palette-moonlight-copy,Ethereal Eyes™ Eyeshadow Palette: Moonlight,Eyes,eyeshadow_palette,eyeshadow_palette <- 'eyeshadow palette' in product_type|title,False,False
Makeup by Mario,high_end,7398762086465,surrealskin-soft-blur-setting-powder,SurrealSkin® Soft Blur Setting Powder,Face,setting_powder,setting_powder <- 'setting powder' in product_type|title,False,False
Makeup by Mario,high_end,7398815989825,surrealskin-soft-setting-spray,SurrealSkin® Soft Setting Spray,Face,setting_spray,setting_spray <- 'setting spray' in product_type|title,True,False
Makeup by Mario,high_end,7398823198785,master-pro-puff,Master Pro Puff,Tools,excluded,excluded by the set/kit/tool/non-makeup word list,False,False
Makeup by Mario,high_end,7112056406081,softsculpt-bronzing-shaping-serum,SoftSculpt® Bronzing & Shaping Serum,Face,excluded,excluded by the set/kit/tool/non-makeup word list,False,False
Makeup by Mario,high_end,7060153368641,master-mattes-eyeshadow-palette-the-neutrals,Master Mattes® Eyeshadow Palette: The Neutrals,Eyes,eyeshadow_palette,eyeshadow_palette <- 'eyeshadow palette' in product_type|title,False,False
Makeup by Mario,high_end,7049210822721,e7-brush,E7 Dual-Ended Eyebrow Brush,Tools,excluded,excluded by the set/kit/tool/non-makeup word list,False,False
Makeup by Mario,high_end,7049210757185,e6-brush,E6 Dual-Ended Eyeshadow Brush,Tools,excluded,excluded by the set/kit/tool/non-makeup word list,False,False
Makeup by Mario,high_end,7001290145857,supersatin-lipstick,SuperSatin® Lipstick,Lips,lipstick,lipstick <- 'lipstick' in product_type|title,False,False
Makeup by Mario,high_end,6986885922881,moistureglow-on-the-go,MoistureGlow™ On The Go,Lips,unclassified,no §7 rule matched,False,False
Makeup by Mario,high_end,6969702088769,f5-brush,F5 Concealer Brush,Tools,excluded,excluded by the set/kit/tool/non-makeup word list,False,False
Makeup by Mario,high_end,6970778157121,surrealskin-awakening-concealer,SurrealSkin® Awakening Concealer,Face,concealer,concealer <- 'concealer' in product_type|title,False,False
Makeup by Mario,high_end,6952304115777,soft-pop-plumping-blush-veil,Soft Pop Plumping Blush Veil,Blush,lip_gloss,lip_gloss <- 'plumping' in product_type|title,False,False
Makeup by Mario,high_end,6930598887489,f-4-brush,F4 Dual-Ended Foundation and Face Brush,Tools,excluded,excluded by the set/kit/tool/non-makeup word list,False,False
Makeup by Mario,high_end,6920142651457,surrealskin-foundation,SurrealSkin® Foundation,Face,foundation,foundation <- 'foundation' in product_type|title,False,False
Makeup by Mario,high_end,6906845921345,marios-lip-lift-kit,Mario's Lip Lift™ Kit,Lips,excluded,excluded by the set/kit/tool/non-makeup word list,False,False
Makeup by Mario,high_end,6810969702465,fb-1-brush,FB1 Brush,Tools,excluded,excluded by the set/kit/tool/non-makeup word list,False,False
Makeup by Mario,high_end,6795293130817,softsculpt-transforming-skin-perfector,SoftSculpt® Transforming Skin Perfector,Face,unclassified,no §7 rule matched,False,False
Makeup by Mario,high_end,6778647085121,soft-sculpt-transforming-skin-enhancer,SoftSculpt Transforming Skin Enhancer®,Face,unclassified,no §7 rule matched,False,False
Makeup by Mario,high_end,6656423526465,moisture-glow-plumping-lip-serum,MoistureGlow™ Plumping Lip Serum,Lips,excluded,excluded by the set/kit/tool/non-makeup word list,False,False
Makeup by Mario,high_end,4607681986625,makeup-by-mario-giftcard,MAKEUP BY MARIO Virtual Gift Card,Gift Card,excluded,excluded by the set/kit/tool/non-makeup word list,False,False
Makeup by Mario,high_end,6637864812609,ultra-suede-sculpting-lip-pencil-1,Ultra Suede® Sculpting Lip Pencil,Lips,lip_liner,lip_liner <- 'lip pencil' in product_type|title,False,False
Makeup by Mario,high_end,6616618401857,perfecting-lip-scrub,Perfecting Lip Scrub,Lips,unclassified,no §7 rule matched,False,False
Makeup by Mario,high_end,6616623218753,ultra-suede-lipstick,Ultra Suede® Lipstick,Lips,lipstick,lipstick <- 'lipstick' in product_type|title,False,False
Makeup by Mario,high_end,6589672980545,master-blade-brow-pencil,Master Blade® Brow Pencil,Brow,brow,brow <- 'brow' in product_type|title,False,False
Makeup by Mario,high_end,6562744696897,soft-pop-powder-blush,Soft Pop Powder Blush,Blush,powder_blush,powder_blush <- 'blush' in product_type|title,False,False
Makeup by Mario,high_end,6562745024577,softglow-highlighter,Soft Glow Highlighter,Face,highlighter,highlighter <- 'highlight' in product_type|title,False,False
Makeup by Mario,high_end,4485950603329,master-mattes-palette,Master Mattes® Eyeshadow Palette: The Original,Eyes,eyeshadow_palette,eyeshadow_palette <- 'eyeshadow palette' in product_type|title,False,False
Makeup by Mario,high_end,4486706036801,master-crystal-reflector,Master Crystal Reflector®,Eyes,unclassified,no §7 rule matched,False,False
Makeup by Mario,high_end,4488962211905,master-metallics-eye-palette,Master Metallics® Eyeshadow Palette,Eyes,eyeshadow_palette,eyeshadow_palette <- 'eyeshadow palette' in product_type|title,False,False
Makeup by Mario,high_end,4488975646785,master-metals-eye-palette,Master Metals® Eyeshadow Palette,Eyes,eyeshadow_palette,eyeshadow_palette <- 'eyeshadow palette' in product_type|title,False,False
Makeup by Mario,high_end,6592908591169,master-hold-brow-gel,Master Hold® Brow Gel,Brow,brow,brow <- 'brow' in product_type|title,False,False
Makeup by Mario,high_end,4488988065857,master-secret-glow,Master Secret Glow®,Face,unclassified,no §7 rule matched,False,False
Makeup by Mario,high_end,6562744729665,f-1-brush,F1 Dual-Ended Contour and Blush Brush,Tools,excluded,excluded by the set/kit/tool/non-makeup word list,False,False
Makeup by Mario,high_end,4488984133697,e-2-makeup-brush,EF2 Blending Eye and Face Brush,Tools,excluded,excluded by the set/kit/tool/non-makeup word list,False,False
Makeup by Mario,high_end,6562744762433,f-2-brush,F2 Dual-Ended Powder Brush,Tools,excluded,excluded by the set/kit/tool/non-makeup word list,False,False
Makeup by Mario,high_end,6562744827969,f-3-brush,F3 Dual-Ended Precision Powder Brush,Tools,excluded,excluded by the set/kit/tool/non-makeup word list,False,False
Makeup by Mario,high_end,4488943763521,master-mattes-liquid-liner,Master Mattes® Liquid Liner,Eyes,out_of_scope,out of scope <- 'liner' (not a §7 category),False,False
Makeup by Mario,high_end,4488985149505,ef-1-makeup-brush,EF1 Dual-Ended Cream & Powder Brush,Tools,excluded,excluded by the set/kit/tool/non-makeup word list,False,False
Makeup by Mario,high_end,4488979251265,e-5-makeup-brush,E5 Precision Eyeshadow Brush,Tools,excluded,excluded by the set/kit/tool/non-makeup word list,False,False
Makeup by Mario,high_end,4488983576641,e-3-makeup-brush,E3 All-Over Tapered Eyeshadow Brush,Tools,excluded,excluded by the set/kit/tool/non-makeup word list,False,False
Makeup by Mario,high_end,4488983117889,e-4-makeup-brush,E4 Eyeshadow Shader Brush,Tools,excluded,excluded by the set/kit/tool/non-makeup word list,False,False
Milani,drugstore,8092451635376,new-combo,New Combo,,excluded,excluded by the set/kit/tool/non-makeup word list,False,False
Milani,drugstore,8091229552816,highly-rated-diamond-lip-gloss-sca_clone_freegift,🎁 Highly Rated Diamond Lip Gloss (100% off),,lip_gloss,lip_gloss <- 'lip gloss' in product_type|title,False,False
Milani,drugstore,8053492580528,make-it-last-bundle,Make it last bundle,,excluded,excluded by the set/kit/tool/non-makeup word list,False,False
Milani,drugstore,8036518592688,baked-blurring-finishing-powder,Baked Blurring Finishing Powder,,setting_powder,setting_powder <- 'blurring' in product_type|title,False,False
Milani,drugstore,8036507222192,make-it-last-microfine-mist-setting-spray,Make It Last Microfine Mist Setting Spray,,setting_spray,setting_spray <- 'setting spray' in product_type|title,False,False
Milani,drugstore,8044040323248,make-it-last-setting-spray-bundle,Make It Last Setting Spray Bundle,,excluded,excluded by the set/kit/tool/non-makeup word list,False,False
Milani,drugstore,8040630911152,most-loved-kit-ufl1k,Most Loved Kit,,excluded,excluded by the set/kit/tool/non-makeup word list,False,False
Milani,drugstore,8014368800944,milani-makeup-bag-cranberry,Milani Makeup Bag - Cranberry,,excluded,excluded by the set/kit/tool/non-makeup word list,False,False
Milani,drugstore,8014371193008,milani-mirror-set-cranberry,Milani Mirror Set - Cranberry,,excluded,excluded by the set/kit/tool/non-makeup word list,False,False
Milani,drugstore,8014353596592,highly-rated-lash-extensions-xl-volumizing-tubing-mascara,Highly Rated Lash Extensions XL Volumizing Tubing Mascara,,excluded,excluded by the set/kit/tool/non-makeup word list,False,False
Milani,drugstore,8025993576624,baked-trio-set,Baked Trio Set,,excluded,excluded by the set/kit/tool/non-makeup word list,False,False
Milani,drugstore,8010667851952,angled-cheek-brush,Tapered Blush Brush,,excluded,excluded by the set/kit/tool/non-makeup word list,False,False
Milani,drugstore,8009829286064,make-it-last-setting-spray-prime-correct-set-sca_clone_freegift_698fe3b35c57d,🎁 Make It Last Original - Natural Finish Setting Spray (100% off),,excluded,excluded by the set/kit/tool/non-makeup word list,False,False
Milani,drugstore,8006166479024,the-fan-club-set,The Fan Club Set,,excluded,excluded by the set/kit/tool/non-makeup word list,False,False
Milani,drugstore,7965726408880,baked-highlighter-1,Baked Highlighter,,highlighter,highlighter <- 'highlight' in product_type|title,False,False
Milani,drugstore,7965723263152,baked-bronzer-1,Baked Bronzer,,bronzer,bronzer <- 'bronzer' in product_type|title,False,False
Milani,drugstore,7965708910768,baked-blush-1,Baked Blush,,powder_blush,powder_blush <- 'blush' in product_type|title,False,False
Milani,drugstore,7964764668080,make-it-last-moisture-boost-alcohol-free-setting-spray,Make It Last Moisture Boost Alcohol-Free Setting Spray,,setting_spray,setting_spray <- 'setting spray' in product_type|title,False,False
Milani,drugstore,7965432545456,highly-rated-fan-club-fanning-mascara-1,Highly Rated Fan Club Fanning Mascara,,mascara,mascara <- 'mascara' in product_type|title,False,False
Milani,drugstore,6984067121328,fruit-fetish-lip-oils,Fruit Fetish Lip Oils,,lip_gloss,lip_gloss <- 'lip oil' in product_type|title,False,False
Milani,drugstore,7892736868528,keep-it-full-balmshell-trio,Keep It Full Balmshell Trio,,excluded,excluded by the set/kit/tool/non-makeup word list,False,False
Milani,drugstore,7241258991792,highly-rated-lash-extensions-mascara,Highly Rated Lash Extensions Lengthening Tubing Mascara,,excluded,excluded by the set/kit/tool/non-makeup word list,False,False
Milani,drugstore,7838509367472,keep-it-full-plumping-lip-liner,Keep It Full Plumping Lip Liner,,lip_liner,lip_liner <- 'lip liner' in product_type|title,False,False
Milani,drugstore,7822528905392,clean-start-prep-step-facial-mist,Clean Start Prep Step Facial Mist,,unclassified,no §7 rule matched,False,False
Milani,drugstore,7851392172208,summer-ready-duo,Summer Ready Duo,,excluded,excluded by the set/kit/tool/non-makeup word list,False,False
Milani,drugstore,4342362112094,conceal-perfect-cream-to-powder,Conceal + Perfect Smooth Finish Cream To Powder,,excluded,excluded by the set/kit/tool/non-makeup word list,False,False
Milani,drugstore,4343175708766,cheek-kiss-liquid-blush,Cheek Kiss Liquid Blush,,liquid_blush,liquid_blush <- 'liquid blush' in product_type|title,False,False
Milani,drugstore,7809508540592,blur-out-trio,Blur Out Trio,,excluded,excluded by the set/kit/tool/non-makeup word list,False,False
Milani,drugstore,7694580220080,conceal-perfect-blur-out-smoothing-primer,Conceal + Perfect Blur Out Smoothing Primer,,primer,primer <- 'primer' in product_type|title,False,False
Milani,drugstore,164238131215,conceal-perfect-shine-proof-powder,Conceal + Perfect Shine-Proof Powder,,pressed_powder,pressed_powder <- 'powder' in product_type|title,False,False
Milani,drugstore,7778203992240,the-gleam-team-lip-trio,The Gleam Team Lip Trio,,excluded,excluded by the set/kit/tool/non-makeup word list,False,False
Milani,drugstore,7763945259184,perfectly-blurred-kit-eo19i,Perfectly Blurred Kit,,excluded,excluded by the set/kit/tool/non-makeup word list,False,False
Milani,drugstore,7763942080688,bronze-essentials-duo,Bronze Essentials Duo,,excluded,excluded by the set/kit/tool/non-makeup word list,False,False
Milani,drugstore,7749259493552,conceal-perfect-blur-out-skin-tint,Conceal + Perfect Blur Out Skin Tint,,foundation,foundation <- 'skin tint' in product_type|title,False,False
Milani,drugstore,7762688639152,brow-power-duo,Brow Power Duo,,excluded,excluded by the set/kit/tool/non-makeup word list,False,False
Milani,drugstore,7762688311472,eyes-have-it-duo,Eyes Have It Duo,,excluded,excluded by the set/kit/tool/non-makeup word list,False,False
Milani,drugstore,7762685198512,fluff-flutter-duo,Fluff & Flutter Duo,,excluded,excluded by the set/kit/tool/non-makeup word list,False,False
Milani,drugstore,7745192362160,stay-put-tinted-brow-mousse,Stay Put Tinted Brow Mousse,,brow,brow <- 'brow' in product_type|title,False,False
Milani,drugstore,7755520147632,gloss-go-duo,Gloss & Go Duo,,excluded,excluded by the set/kit/tool/non-makeup word list,False,False
Milani,drugstore,7744601391280,sweet-spicy-kit,Sweet & Spicy Kit,,excluded,excluded by the set/kit/tool/non-makeup word list,False,False
Milani,drugstore,7744600768688,perfect-pout-kit,Perfect Pout Kit,,excluded,excluded by the set/kit/tool/non-makeup word list,False,False
Milani,drugstore,7744598737072,all-about-the-lip-kit-x3hn7,All About The Lip Kit,,excluded,excluded by the set/kit/tool/non-makeup word list,False,False
Milani,drugstore,7726285947056,keep-it-full-glossy-plumping-balm,Keep It Full Glossy Plumping Balm,,lip_gloss,lip_gloss <- 'plumping' in product_type|title,False,False
Milani,drugstore,7720574976176,cheek-kiss-blush-duo,Cheek Kiss Blush Duo,,excluded,excluded by the set/kit/tool/non-makeup word list,False,False
Milani,drugstore,7715010543792,glow-go-kit,Glow & Go Kit,,excluded,excluded by the set/kit/tool/non-makeup word list,False,False
Milani,drugstore,7715007594672,blush-crush-trio,Blush Crush Trio,,excluded,excluded by the set/kit/tool/non-makeup word list,False,False
Milani,drugstore,7714989867184,triple-threat-essentials,Triple Threat Essentials,,unclassified,no §7 rule matched,False,False
Milani,drugstore,7691328553136,cheek-kiss-blush-glow,Cheek Kiss Blush + Glow,,powder_blush,powder_blush <- 'blush' in product_type|title,False,False
Milani,drugstore,7707694923952,the-ultimate-base-sets,The Ultimate Base Set,,excluded,excluded by the set/kit/tool/non-makeup word list,False,False
Milani,drugstore,7707694497968,the-best-of-blur-out-duo,The Best of Blur Out Duo,,excluded,excluded by the set/kit/tool/non-makeup word list,False,False
Milani,drugstore,7707680964784,smoothing-base-essentials,Smoothing Base Essentials,,unclassified,no §7 rule matched,False,False
Milani,drugstore,7701660074160,make-it-last-matte-matte-finish-charcoal-setting-spray-jumbo-size,Make It Last Matte - Matte Finish Charcoal Setting Spray Jumbo Size,,setting_spray,setting_spray <- 'setting spray' in product_type|title,False,False
Milani,drugstore,7665578967216,madison-s-kit,Madison's Kit,,excluded,excluded by the set/kit/tool/non-makeup word list,False,False
Milani,drugstore,7665577623728,genevieve-s-kit,Genevieve's Kit,,excluded,excluded by the set/kit/tool/non-makeup word list,False,False
Milani,drugstore,7601847763120,conceal-perfect-sun-kissed-liquid-bronzing-drops,Conceal + Perfect Sun Kissed Liquid Bronzing Drops,,bronzer,bronzer <- 'bronzing' in product_type|title,False,False
Milani,drugstore,7654724599984,dew-you-bronze-duo,Dew You Bronze Duo,,excluded,excluded by the set/kit/tool/non-makeup word list,False,False
Milani,drugstore,7654723682480,prime-time-glow-duo,Prime Time + Glow Duo,,excluded,excluded by the set/kit/tool/non-makeup word list,False,False
Milani,drugstore,7654720340144,bronze-faced-duo,Bronze Faced Duo,,excluded,excluded by the set/kit/tool/non-makeup word list,False,False
Milani,drugstore,7614102405296,supercharged-bronzer-multistick,Supercharged Bronzer Multistick,,bronzer,bronzer <- 'bronzer' in product_type|title,False,False
Milani,drugstore,7614107189424,supercharged-highlighter-multistick,Supercharged Highlighter Multistick,,highlighter,highlighter <- 'highlight' in product_type|title,False,False
Milani,drugstore,7599842197680,cheek-kiss-blush-stick-in-luminoso,Cheek Kiss Blush Stick in Luminoso,,cream_blush,cream_blush <- 'blush stick' in product_type|title,False,False
Milani,drugstore,7551245942960,all-eyes-on-me-kit,All Eyes On Me Kit,,excluded,excluded by the set/kit/tool/non-makeup word list,False,False
Milani,drugstore,7551250923696,color-fetish-matte-lip-kit,Color Fetish Matte Lip Kit,,excluded,excluded by the set/kit/tool/non-makeup word list,False,False
Milani,drugstore,7552521732272,fruit-fetish-lip-oil-set,Fruit Fetish Lip Oil Set,,excluded,excluded by the set/kit/tool/non-makeup word list,False,False
Milani,drugstore,7552530907312,flawless-base-and-finish-kit,Flawless Base & Finish Kit,,excluded,excluded by the set/kit/tool/non-makeup word list,False,False
Milani,drugstore,7552531693744,conceal-perfect-facelift-kit,Conceal + Perfect Facelift Kit,,excluded,excluded by the set/kit/tool/non-makeup word list,False,False
Milani,drugstore,7552540344496,plump-shine-lip-duo-lw36s,Plump & Shine Lip Duo,,excluded,excluded by the set/kit/tool/non-makeup word list,False,False
Milani,drugstore,7552540475568,longwear-lips-eyes-kit,Longwear Lips & Eyes Kit,,excluded,excluded by the set/kit/tool/non-makeup word list,False,False
Milani,drugstore,7552540573872,lip-check-1-2-3-kit,"Lip Check 1, 2, 3 Kit",,excluded,excluded by the set/kit/tool/non-makeup word list,False,False
Milani,drugstore,7552540770480,holiday-brush-kit,Brush Up Kit,,excluded,excluded by the set/kit/tool/non-makeup word list,False,False
Milani,drugstore,7552540868784,the-mattes-kit,The Mattes Kit,,excluded,excluded by the set/kit/tool/non-makeup word list,False,False
Milani,drugstore,7552541032624,mascara-eyeliner-duo,Mascara + Eyeliner Duo,,excluded,excluded by the set/kit/tool/non-makeup word list,False,False
Milani,drugstore,7552541065392,double-up-kit,Double-up Kit,,excluded,excluded by the set/kit/tool/non-makeup word list,False,False
Milani,drugstore,7552541229232,gilded-mini-shadow-primer-kit,Gilded Mini + Shadow Primer Kit,,excluded,excluded by the set/kit/tool/non-makeup word list,False,False
Milani,drugstore,7551231361200,lip-stain-squad-kit,Lip Stain Squad Kit,,excluded,excluded by the set/kit/tool/non-makeup word list,False,False
Milani,drugstore,7390394417328,highly-rated-anti-gravity-mascara-waterproof,Highly Rated Anti-Gravity Waterproof Mascara,,mascara,mascara <- 'mascara' in product_type|title,False,False
Milani,drugstore,7387934130352,cheek-kiss-cream-bronzer,Cheek Kiss Cream Bronzer,,excluded,excluded by the set/kit/tool/non-makeup word list,False,False
Milani,drugstore,7387939766448,color-fetish-hydrating-lip-stain,Color Fetish Hydrating Lip Stain,,lipstick,lipstick <- 'lip stain' in product_type|title,False,False
Milani,drugstore,7390351917232,copy-of-understatement-lipliner,Understatement Lipliner Desert Rose,,lip_liner,lip_liner <- 'lipliner' in product_type|title,False,False
Milani,drugstore,7382043132080,fruit-fetish-lip-oil-cranberry,Fruit Fetish Lip Oil Cranberry Currant,,excluded,excluded by the set/kit/tool/non-makeup word list,False,False
Milani,drugstore,7333430395056,f210,Tapered Powder Brush,,excluded,excluded by the set/kit/tool/non-makeup word list,False,False
Milani,drugstore,7333431115952,e120,Full-Coverage Eyeshadow Brush,,excluded,excluded by the set/kit/tool/non-makeup word list,False,False
Milani,drugstore,7333431378096,e110,Angled Buffing Eyeshadow Brush,,excluded,excluded by the set/kit/tool/non-makeup word list,False,False
Milani,drugstore,7333431640240,e100,Eyeshadow Smudge Brush,,excluded,excluded by the set/kit/tool/non-makeup word list,False,False
Milani,drugstore,7333430558896,f200,Dual-Ended Concealer Brush,,excluded,excluded by the set/kit/tool/non-makeup word list,False,False
Milani,drugstore,7333428527280,f220,Buffing Face Brush,,excluded,excluded by the set/kit/tool/non-makeup word list,False,False
Milani,drugstore,7241261678768,gilded-eyeshadow-sticks,Gilded Eyeshadow Sticks,,eyeshadow_single,eyeshadow_single <- 'eyeshadow' in product_type|title,False,False
Milani,drugstore,7219891273904,stay-put-liquid-lip,Stay Put Liquid Lip Longwear Lipstick,,liquid_lipstick,liquid_lipstick <- 'liquid lip' in product_type|title,False,False
Milani,drugstore,7275506499760,keep-it-full-nourishing-lip-plumper-luminoso,Keep It Full Nourishing Lip Plumper - Luminoso,,unclassified,no §7 rule matched,False,False
Milani,drugstore,7266763931824,copy-of-fruit-fetish-lip-oils-3,Fruit Fetish Lip Oils - Cherry Lime,,lip_gloss,lip_gloss <- 'lip oil' in product_type|title,False,False
Milani,drugstore,7266761408688,copy-of-fruit-fetish-lip-oils,Fruit Fetish Lip Oils - Passionfruit Coconut,,lip_gloss,lip_gloss <- 'lip oil' in product_type|title,False,False
Milani,drugstore,7266762981552,copy-of-fruit-fetish-lip-oils-2,Fruit Fetish Lip Oils - Raspberry Peach,,lip_gloss,lip_gloss <- 'lip oil' in product_type|title,False,False
Milani,drugstore,7266762162352,copy-of-fruit-fetish-lip-oils-1,Fruit Fetish Lip Oils - Strawberry Melon,,lip_gloss,lip_gloss <- 'lip oil' in product_type|title,False,False
Milani,drugstore,4515831513182,the-tank-eyeliner,Stay Put Tank Liquid Eyeliner,,out_of_scope,out of scope <- 'eyeliner' (not a §7 category),False,False
Milani,drugstore,7241259778224,stay-put-liquid-brow-wax,Stay Put Liquid Brow Wax,,brow,brow <- 'brow' in product_type|title,False,False
Milani,drugstore,7241259385008,gilded-mini-eyeshadow-palettes,Gilded Mini Eyeshadow Palettes,,eyeshadow_palette,eyeshadow_palette <- 'eyeshadow palette' in product_type|title,False,False
Milani,drugstore,7241261908144,conceal-perfect-blur-out-powder,Conceal + Perfect Blur Out Powder,,pressed_powder,pressed_powder <- 'powder' in product_type|title,False,False
Milani,drugstore,7236193157296,understatement-lipliner-sassy-cherry,Understatement Lipliner - Sassy Cherry,,lip_liner,lip_liner <- 'lipliner' in product_type|title,False,False
Milani,drugstore,7236193484976,understatement-lipliner-nude-entrance,Understatement Lipliner - Nude Entrance,,lip_liner,lip_liner <- 'lipliner' in product_type|title,False,False
Milani,drugstore,7236193714352,color-fetish-matte-lipstick-pleasure,Color Fetish Matte Lipstick - Pleasure,,lipstick,lipstick <- 'lipstick' in product_type|title,False,False
Milani,drugstore,7236182900912,stay-put-eyeliner-after-dark,Stay Put® Eyeliner - After Dark,,out_of_scope,out of scope <- 'eyeliner' (not a §7 category),False,False
Milani,drugstore,7236183818416,stay-put-eyeliner-semi-sweet,Stay Put® Eyeliner - Semi-Sweet,,out_of_scope,out of scope <- 'eyeliner' (not a §7 category),False,False
Milani,drugstore,7233552810160,highly-rated-mascara,Highly Rated Mascara,,mascara,mascara <- 'mascara' in product_type|title,False,False
Milani,drugstore,7186575229104,stay-put-infinite-eyeliner,Stay Put Infinite Liner,,out_of_scope,out of scope <- 'liner' (not a §7 category),False,False
Milani,drugstore,7155256623280,conceal-perfect-liquid-highlighter,Conceal + Perfect Liquid Highlighter,,highlighter,highlighter <- 'highlight' in product_type|title,False,False
Milani,drugstore,7155189350576,conceal-perfect-liquid-contour,Conceal + Perfect Liquid Contour,,unclassified,no §7 rule matched,False,False
Milani,drugstore,7155230507184,conceal-perfect-facelift-undereye-brightener,Conceal + Perfect Undereye Brightener,,unclassified,no §7 rule matched,False,False
Milani,drugstore,7129766658224,easy-brow-pencil,Easy Brow Pencil,,brow,brow <- 'brow' in product_type|title,False,False
Milani,drugstore,7088605921456,erase-base-blemish-control-primer,Erase Base Blemish Control Primer,,primer,primer <- 'primer' in product_type|title,False,False
Milani,drugstore,7088603300016,keep-it-full-maxxx-balmshell-lip-plumping-balm,Keep It Full Maxxx Balmshell Lip Plumping Balm,,lip_gloss,lip_gloss <- 'plumping' in product_type|title,False,False
Milani,drugstore,7057313497264,color-fetish-balm-lipstick-voyeur,Color Fetish Balm Lipstick - Voyeur,,lipstick,lipstick <- 'lipstick' in product_type|title,False,False
Milani,drugstore,6970778452144,test-5,test 5,,unclassified,no §7 rule matched,False,False
Milani,drugstore,6965826093232,gilded-eyeshadow-palettes,Gilded Eyeshadow Palettes,,eyeshadow_palette,eyeshadow_palette <- 'eyeshadow palette' in product_type|title,False,False
Milani,drugstore,6984015708336,highly-rated-lash-brow-boosting-serum,Highly Rated Lash & Brow Serum,,excluded,excluded by the set/kit/tool/non-makeup word list,False,False
Milani,drugstore,6984151859376,all-inclusive-eye-cheek-face-palette,"All-Inclusive Eye, Cheek & Face Palette",,unclassified,no §7 rule matched,False,False
Milani,drugstore,11809813007,easyliner-mechanical-lipliner-pencil,Easyliner Mechanical Lipliner Pencil,,lip_liner,lip_liner <- 'lipliner' in product_type|title,False,False
Milani,drugstore,4294219956318,make-it-last-setting-spray-jumbo-size,Make It Last Original - Natural Finish Setting Spray Jumbo Size,,setting_spray,setting_spray <- 'setting spray' in product_type|title,False,False
Milani,drugstore,6822005604528,highly-rated-anti-gravity-mascara,Highly Rated Anti-Gravity Mascara,,mascara,mascara <- 'mascara' in product_type|title,False,False
Milani,drugstore,6030884765872,supercharged-brightening-undereye-tint,Supercharged Brightening Undereye Tint,,unclassified,no §7 rule matched,False,False
Milani,drugstore,6733374816432,color-fetish-nude-lipstick,Color Fetish Matte Lipstick,,lipstick,lipstick <- 'lipstick' in product_type|title,False,False
Milani,drugstore,11809815567,make-it-last-setting-spray-prime-correct-set,Make It Last Original - Natural Finish Setting Spray,,excluded,excluded by the set/kit/tool/non-makeup word list,False,False
Milani,drugstore,6675539722416,make-it-last-mattifying-setting-powder,Make It Last Mattifying Setting Powder,,setting_powder,setting_powder <- 'setting powder' in product_type|title,False,False
Milani,drugstore,6662799032496,highly-rated-diamond-lip-gloss,Highly Rated Diamond Lip Gloss,,lip_gloss,lip_gloss <- 'lip gloss' in product_type|title,False,False
Milani,drugstore,6662847299760,supercharged-lip-balm,Supercharged Lip Balm,,lipstick,lipstick <- 'lip balm' in product_type|title,False,False
Milani,drugstore,6158248607920,keep-it-full-maxxx-lip-plumper,Keep It Full Maxxx Lip Plumper,,unclassified,no §7 rule matched,False,False
Milani,drugstore,6030884536496,spf-bff-spf-30-primer,SPF BFF SPF 30 Primer,,primer,primer <- 'primer' in product_type|title,False,False
Milani,drugstore,6030884503728,skin-quench-hydrating-primer,Skin Quench Hydrating Primer,,primer,primer <- 'primer' in product_type|title,False,False
Milani,drugstore,6030884470960,no-pore-zone-mattifying-primer,No Pore Zone Mattifying Primer,,primer,primer <- 'primer' in product_type|title,False,False
Milani,drugstore,6030884634800,bright-side-illuminating-primer,Bright Side Illuminating Primer,,primer,primer <- 'primer' in product_type|title,False,False
Milani,drugstore,6030885355696,supercharged-dewy-primer,Supercharged Dewy Primer,,primer,primer <- 'primer' in product_type|title,False,False
Milani,drugstore,6030884700336,supercharged-cheek-lip-multistick,Supercharged Cheek + Lip Multistick,,unclassified,no §7 rule matched,False,False
Milani,drugstore,6030885191856,supercharged-brightening-prep-mask,Supercharged Brightening Prep Mask,,unclassified,no §7 rule matched,False,False
Milani,drugstore,6030884274352,color-fetish-lipstick,Color Fetish Balm Lipstick,,lipstick,lipstick <- 'lipstick' in product_type|title,False,False
Milani,drugstore,4773971460190,cheek-kiss-cream-blush,Cheek Kiss Cream Blush,,excluded,excluded by the set/kit/tool/non-makeup word list,False,False
Milani,drugstore,4545706983518,fruit-fetish-lip-balm,Fruit Fetish Lip Balm,,lipstick,lipstick <- 'lip balm' in product_type|title,False,False
Milani,drugstore,4545713766494,weekend-brow-eyebrow-tint,Weekend Brow Eyebrow Tint,,brow,brow <- 'brow' in product_type|title,False,False
Milani,drugstore,4545705771102,make-it-last-sunscreen-setting-spray-spf-30,Make It Last Sunscreen - Sunscreen Setting Spray SPF 30,,setting_spray,setting_spray <- 'setting spray' in product_type|title,False,False
Milani,drugstore,4515904258142,stay-put-matte-liquid-liner,Stay Put® Matte Eyeliner,,out_of_scope,out of scope <- 'eyeliner' (not a §7 category),False,False
Milani,drugstore,4342164193374,ludicrous-matte-lip-crayon,Stay Put Matte Lip Crayon,,unclassified,no §7 rule matched,False,False
Milani,drugstore,4343252320350,understatment-lipliners,Understatement Lipliner,,lip_liner,lip_liner <- 'lipliner' in product_type|title,False,False
Milani,drugstore,4343275257950,the-clear-brow,The Clear Brow,,brow,brow <- 'brow' in product_type|title,False,False
Milani,drugstore,3853234045022,stay-put-eyeliner,Stay Put® Eyeliner,,out_of_scope,out of scope <- 'eyeliner' (not a §7 category),False,False
Milani,drugstore,1623311188062,conceal-perfect-longwear-concealer,Conceal + Perfect Longwear Concealer,,concealer,concealer <- 'concealer' in product_type|title,False,False
Milani,drugstore,1594921451614,silky-matte-bronzing-powder,Silky Matte Bronzing Powder,,bronzer,bronzer <- 'bronzing' in product_type|title,False,False
Milani,drugstore,1594921189470,stay-put-brow-sculpting-mechanical-pencil,Stay Put® Brow Sculpting Mechanical Pencil,,brow,brow <- 'brow' in product_type|title,False,False
Milani,drugstore,1594921255006,amore-satin-matte-lip-creme,Amore Satin Matte Lip Crème,,liquid_lipstick,liquid_lipstick <- 'lip crème' in product_type|title,False,False
Milani,drugstore,1562744651870,make-it-last-charcoal-matte-setting-spray,Make It Last Matte - Matte Finish Charcoal Setting Spray,,setting_spray,setting_spray <- 'setting spray' in product_type|title,False,False
Milani,drugstore,11809813135,conceal-perfect-2-in-1-foundation-concealer,Conceal + Perfect 2-In-1 Foundation + Concealer,,concealer,concealer <- 'concealer' in product_type|title,False,False
Milani,drugstore,71692255247,stellar-lights-holographic-face-palette,Stellar Lights Highlighter Palette - Rose Glow,,highlighter,highlighter <- 'highlight' in product_type|title,False,False
Milani,drugstore,164506697743,keep-it-full-nourishing-lip-plumper,Keep It Full Nourishing Lip Plumper,,unclassified,no §7 rule matched,False,False
Milani,drugstore,11809815631,make-it-dewy-3-in-1-setting-spray-hydrate-illuminate-set,Make It Last Dewy - Dewy Finish Setting Spray,,excluded,excluded by the set/kit/tool/non-makeup word list,False,False
Milani,drugstore,11809814159,color-statement-lipliner,Color Statement Lipliner,,lip_liner,lip_liner <- 'lipliner' in product_type|title,False,False
Milani,drugstore,11809813711,rose-powder-blush,Rose Powder Blush,,powder_blush,powder_blush <- 'blush' in product_type|title,False,False
Milani,drugstore,11809813647,duo-sharpener,Duo Sharpener,,excluded,excluded by the set/kit/tool/non-makeup word list,False,False
Milani,drugstore,55849058319,color-statement-matte-lipstick,Color Statement Matte Lipstick,,lipstick,lipstick <- 'lipstick' in product_type|title,False,False
Milani,drugstore,11809811983,color-statement-lipstick,Color Statement Lipstick,,lipstick,lipstick <- 'lipstick' in product_type|title,False,False
Milani,drugstore,11809811599,supreme-kohl-kajal-eyeliner,Supreme Kohl Kajal Eyeliner,,out_of_scope,out of scope <- 'kohl' (not a §7 category),False,False
Milani,drugstore,11809811023,stay-put-eyeshadow-primer,Stay Put Eyeshadow Primer,,primer,primer <- 'primer' in product_type|title,False,False
Milani,drugstore,11809809807,stay-put-brow-pomade,Stay Put® Brow Color,,brow,brow <- 'brow' in product_type|title,False,False
Milani,drugstore,11798771663,amore-matte-lip-creme,Amore Matte Lip Crème,,liquid_lipstick,liquid_lipstick <- 'lip crème' in product_type|title,False,False
Milani,drugstore,10460022607,strobelight-instant-glow-powder,Strobelight Instant Glow Powder Highlighter,,highlighter,highlighter <- 'strobe' in product_type|title,False,False
Morphe,mid_range,7114647601224,sculptwear-long-lasting-lip-liner,Sculptwear Long-Lasting Lip Liner,Lip Liner,lip_liner,lip_liner <- 'lip liner' in product_type|title,False,False
Morphe,mid_range,7099264368712,eye-cheek-thrills,Eyes & Cheeks Duo,,excluded,excluded by the set/kit/tool/non-makeup word list,False,False
Morphe,mid_range,7099262959688,cheek-thrills-multi-finish-face-trio-blush-layering-trio-duo,Cheek Thrills Multi Finish Face Trio & Blush Layering Trio Duo,,excluded,excluded by the set/kit/tool/non-makeup word list,False,False
Morphe,mid_range,7099261222984,cheek-thrills-lifeproof-duo,Cheek Thrills & Lifeproof Duo,,excluded,excluded by the set/kit/tool/non-makeup word list,False,False
Morphe,mid_range,7099256176712,feeling-cheeky-full-collection-bundle,Feeling Cheeky Full Collection Bundle,,excluded,excluded by the set/kit/tool/non-makeup word list,False,False
Morphe,mid_range,7096647876680,signature-lip-pencil-fresh-favorites-bundle,Signature Lip Pencil Fresh Favorites Bundle,,excluded,excluded by the set/kit/tool/non-makeup word list,False,False
Morphe,mid_range,7096279269448,signature-lip-pencil-dripglass-crystal-super-shine-lip-gloss-bundle,Signature Lip Pencil & Dripglass Crystal Super Shine Lip Gloss Bundle,,excluded,excluded by the set/kit/tool/non-makeup word list,False,False
Morphe,mid_range,7095143858248,signature-lip-pencil-cult-classics-bundle,Signature Lip Pencil Cult Classics Bundle,,excluded,excluded by the set/kit/tool/non-makeup word list,False,False
Morphe,mid_range,7095184752712,plum-cloudlight-soft-glow-diffused-blush-lip-filter-hydroplump-soft-matte-lipstick-bundle,Plum Cloudlight Soft Glow Diffused Blush & Lip Filter Hydroplump Soft Matte Lipstick Bundle,,excluded,excluded by the set/kit/tool/non-makeup word list,False,False
Morphe,mid_range,7095142678600,peach-cloudlight-soft-glow-diffused-blush-lip-filter-hydroplump-soft-matte-lipstick-bundle,Peach Cloudlight Soft Glow Diffused Blush & Lip Filter Hydroplump Soft Matte Lipstick Bundle,,excluded,excluded by the set/kit/tool/non-makeup word list,False,False
Morphe,mid_range,7094615408712,cloudlight-soft-glow-diffused-blush-cheek-thrills-multi-finish-face-trio-bundle-2,Cloudlight Soft Glow Diffused Blush & Cheek Thrills Multi-Finish Face Trio Bundle,,excluded,excluded by the set/kit/tool/non-makeup word list,False,False
Morphe,mid_range,7093503066184,glow-getters-bundle,Glow-Getters Duo,,excluded,excluded by the set/kit/tool/non-makeup word list,False,False
Morphe,mid_range,7094206955592,cloudlight-soft-glow-diffused-blush-collection-bundle,Cloudlight Soft Glow Diffused Blush Collection Bundle,,excluded,excluded by the set/kit/tool/non-makeup word list,False,False
Morphe,mid_range,7070020730952,cloudlight-soft-glow-diffused-blush,Cloudlight Soft Glow Diffused Blush,,powder_blush,powder_blush <- 'blush' in product_type|title,False,False
Morphe,mid_range,7093495791688,dripglass-crystal-super-shine-lip-gloss,Dripglass Crystal Super Shine Lip Gloss,,lip_gloss,lip_gloss <- 'lip gloss' in product_type|title,False,False
Morphe,mid_range,6953589702728,high-archiever-everyday-essentials-brow-kit,High Archiever Everyday Essentials Brow Kit,Brow Kit,excluded,excluded by the set/kit/tool/non-makeup word list,False,False
Morphe,mid_range,7023307784264,cheek-thrills-multi-finish-face-trio-yacht-day,Cheek Thrills Multi-Finish Face Trio - Yacht Day,BLUSH PALETTE,excluded,excluded by the set/kit/tool/non-makeup word list,False,False
Morphe,mid_range,7043441950792,welcome-bundle,Beauty Starter Bundle,,excluded,excluded by the set/kit/tool/non-makeup word list,False,False
Morphe,mid_range,7051502714952,oat-latte-5-piece-face-eye-brush-set,Oat Latte 5-Piece Face & Eye Brush Set,FACE & EYE BRUSH SET,excluded,excluded by the set/kit/tool/non-makeup word list,False,False
Morphe,mid_range,7064502403144,chromaplus-eyeshadow-trio-m300-dual-ended-eyeshadow-brush-bundle,ChromaPlus Eyeshadow Trio & M300 Dual-Ended Eyeshadow Brush Bundle,,excluded,excluded by the set/kit/tool/non-makeup word list,False,False
Morphe,mid_range,7064508235848,summer-loving-chromaplus-eyeshadow-trio-cheek-thrills-face-trio,Summer Loving ChromaPlus Eyeshadow Trio & Cheek Thrills Face Trio,,excluded,excluded by the set/kit/tool/non-makeup word list,False,False
Morphe,mid_range,7064343838792,custom-blends-brush-collection-bundle,Custom Blends Brush Collection Bundle,,excluded,excluded by the set/kit/tool/non-makeup word list,False,False
Morphe,mid_range,7064469504072,ultimatte-chromaplus-6-pan-eyeshadow-palette-bundle,Ultimatte ChromaPlus 6-Pan Eyeshadow Palette Bundle,,excluded,excluded by the set/kit/tool/non-makeup word list,False,False
Morphe,mid_range,7064502272072,infinitely-mixable-chromaplus-eyeshadow-trio-bundle,Infinitely Mixable ChromaPlus Eyeshadow Trio Bundle,,excluded,excluded by the set/kit/tool/non-makeup word list,False,False
Morphe,mid_range,7051502682184,iced-mocha-4-piece-face-brush-set,Iced Mocha 4-Piece Face Brush Set,FACE BRUSH SET,excluded,excluded by the set/kit/tool/non-makeup word list,False,False
Morphe,mid_range,7051502747720,chromaplus-eyeshadow-trio,ChromaPlus Eyeshadow Trio,EYE PALETTE,excluded,excluded by the set/kit/tool/non-makeup word list,False,False
Morphe,mid_range,7065044910152,chromaplus-6-pan-eyeshadow-palette,ChromaPlus 6-Pan Eyeshadow Palette,EYE PALETTE,eyeshadow_palette,eyeshadow_palette <- 'eyeshadow palette' in product_type|title,False,False
Morphe,mid_range,7050716119112,mocha-mood,Mocha 3-Piece Cheek & Lip Bundle,,excluded,excluded by the set/kit/tool/non-makeup word list,False,False
Morphe,mid_range,7050597466184,liplock-vault-full-collection,Liplock Glossy Lipstick Collection,Bundle,excluded,excluded by the set/kit/tool/non-makeup word list,False,False
Morphe,mid_range,7050603692104,nude-7-piece-lip-bundle,Nude 7-Piece Lip Bundle,Bundle,excluded,excluded by the set/kit/tool/non-makeup word list,False,False
Morphe,mid_range,7050609131592,brown-7-piece-lip-bundle,Brown 7-Piece Lip Bundle,Bundle,excluded,excluded by the set/kit/tool/non-makeup word list,False,False
Morphe,mid_range,7051073978440,bake-set-loose-powder-quad-brush-duo,Bake & Set Loose Powder Quad & Brush Duo,Bundle,excluded,excluded by the set/kit/tool/non-makeup word list,False,False
Morphe,mid_range,7042896625736,bake-set-loose-powder-quad,Bake & Set Loose Powder Quad,SETTING LOOSE POWDER,excluded,excluded by the set/kit/tool/non-makeup word list,False,False
Morphe,mid_range,7035344060488,fully-covered-lip-bundle,Fully Covered Lip Bundle,Bundle,excluded,excluded by the set/kit/tool/non-makeup word list,False,False
Morphe,mid_range,7038674632776,cheek-thrills-duos-dual-ended-sculpt-brush,Cheek Thrills Duos + Dual-Ended Sculpt Brush,Bundle,excluded,excluded by the set/kit/tool/non-makeup word list,False,False
Morphe,mid_range,7035379974216,ultimate-glow-trio,Ultimate Glow Trio,Bundle,excluded,excluded by the set/kit/tool/non-makeup word list,False,False
Morphe,mid_range,7038669062216,feelin-cheeky-bundle,Feeling Cheeky Bundle,Bundle,excluded,excluded by the set/kit/tool/non-makeup word list,False,False
Morphe,mid_range,5850403176520,the-big-prime-lash-primer,The Big Prime Lash Primer,Mascara Primer,excluded,excluded by the set/kit/tool/non-makeup word list,False,True
Morphe,mid_range,7043134259272,dual-ended-brush-bundle,Dual-Ended Brush Bundle,Bundle,excluded,excluded by the set/kit/tool/non-makeup word list,False,False
Morphe,mid_range,7036646686792,m160-dual-ended-powder-brush,M160 Dual-Ended Powder Brush,FACE BRUSH,excluded,excluded by the set/kit/tool/non-makeup word list,False,False
Morphe,mid_range,7036646654024,m300-dual-ended-eyeshadow-brush,M300 Dual-Ended Eyeshadow Brush,EYE BRUSH,excluded,excluded by the set/kit/tool/non-makeup word list,False,False
Morphe,mid_range,7036646621256,m100-dual-ended-foundation-concealer-brush,M100 Dual-Ended Foundation & Concealer Brush,FACE BRUSH,excluded,excluded by the set/kit/tool/non-makeup word list,False,False
Morphe,mid_range,7036646588488,liplock-glossy-lipstick,Liplock Glossy Lipstick,GLOSSY LIPSTICK,lipstick,lipstick <- 'lipstick' in product_type|title,False,False
Morphe,mid_range,7038671716424,cheek-thrills-multi-finish-face-trio-9-piece-collection,Cheek Thrills Multi-Finish Face Trio 9-Piece Collection,Bundle,excluded,excluded by the set/kit/tool/non-makeup word list,False,False
Morphe,mid_range,7038674829384,cheek-thrills-trios-dual-ended-blush-brush,Cheek Thrills Trios + Dual-Ended Blush Brush,Bundle,excluded,excluded by the set/kit/tool/non-makeup word list,False,False
Morphe,mid_range,7025123655752,morphe-raffia-tote-bag-orange,Morphe Raffia Tote Bag - Orange,Merch,excluded,excluded by the set/kit/tool/non-makeup word list,False,True
Morphe,mid_range,7033785811016,cheek-thrills-bronze-tone-duos,Cheek Thrills Bronze & Tone Duos,BRONZER DUO,excluded,excluded by the set/kit/tool/non-makeup word list,False,False
Morphe,mid_range,7033785778248,m240-dual-ended-sculpt-brush,M240 Dual-Ended Cream & Powder Sculpt Brush,FACE BRUSH,excluded,excluded by the set/kit/tool/non-makeup word list,False,False
Morphe,mid_range,7033785745480,m200-dual-ended-blush-brush,M200 Dual-Ended Cream & Powder Blush Brush,FACE BRUSH,excluded,excluded by the set/kit/tool/non-makeup word list,False,False
Morphe,mid_range,7035334131784,lip-filter-signature-lip-bundle,Lip Filter & Signature Lip  Bundle,Bundle,excluded,excluded by the set/kit/tool/non-makeup word list,False,False
Morphe,mid_range,7035298742344,chromaplus-12-pan-solo-artist,Prime & Pigment Duo,Bundle,excluded,excluded by the set/kit/tool/non-makeup word list,False,False
Morphe,mid_range,7035296809032,chromaplus-6-pan-solo-artist,The Eye Prep & Play Bundle,Bundle,excluded,excluded by the set/kit/tool/non-makeup word list,False,False
Morphe,mid_range,7034833567816,chromaplus-double-feature,ChromaPlus Double Feature,Bundle,excluded,excluded by the set/kit/tool/non-makeup word list,False,False
Morphe,mid_range,7026713198664,best-selling-signature-lip-bundle-deep,Best Selling Signature Lip Bundle - Deep,Bundle,excluded,excluded by the set/kit/tool/non-makeup word list,False,False
Morphe,mid_range,7026709987400,best-selling-signature-lip-bundle-medium,Best Selling Signature Lip Bundle - Medium,Bundle,excluded,excluded by the set/kit/tool/non-makeup word list,False,False
Morphe,mid_range,7026705006664,best-selling-signature-lip-bundle-light,Best Selling Signature Lip Bundle - Light,Bundle,excluded,excluded by the set/kit/tool/non-makeup word list,False,False
Morphe,mid_range,7032787173448,dazzling-metallics-silver-bundle,Dazzling Metallics Silver Bundle,Bundle,excluded,excluded by the set/kit/tool/non-makeup word list,False,False
Morphe,mid_range,7023307849800,dazzling-metallics-mixed-signals-dual-ended-cream-liquid-shadow-stick,Mixed Signals Dual-Ended Cream & Liquid Shadow Stick,EYESHADOW CREAM AND LIQUID,excluded,excluded by the set/kit/tool/non-makeup word list,False,False
Morphe,mid_range,7023307653192,dripglass-dazzled-high-shimmer-lip-gloss,Dripglass Dazzled High Shimmer Lip Gloss,LIP GLOSS,lip_gloss,lip_gloss <- 'lip gloss' in product_type|title,False,False
Morphe,mid_range,7023307817032,dreamlight-gelee-highlighter-stick,Dreamlight Gelée Highlighter Stick,HIGHLIGHTER STICK,highlighter,highlighter <- 'highlight' in product_type|title,False,False
Morphe,mid_range,7023307685960,dazzling-metallics-eyeshadow-trio,Dazzling Metallics Eyeshadow Trio,EYE PALETTE,excluded,excluded by the set/kit/tool/non-makeup word list,False,False
Morphe,mid_range,7023307718728,lifeproof-16-hr-wear-continuous-setting-mist,Lifeproof 16-Hour Continuous Setting Mist,SETTING SPRAY,setting_spray,setting_spray <- 'setting spray' in product_type|title,False,False
Morphe,mid_range,7026695962696,lip-filter-signature-lip-full-bundle,Lip Filter & Signature Lip Pencil Ultimate Bundle,Bundle,excluded,excluded by the set/kit/tool/non-makeup word list,False,False
Morphe,mid_range,7021444595784,ready-set-pro-brush-set-eyeshadow-palette,Ready Set Pro Brush Set + Eyeshadow Palette,Bundle,excluded,excluded by the set/kit/tool/non-makeup word list,False,False
Morphe,mid_range,7021035913288,brow-essentials-bundle,Brow Essentials Bundle,Bundle,excluded,excluded by the set/kit/tool/non-makeup word list,False,False
Morphe,mid_range,7014094536776,buttery-blends-4-piece-face-brush-set,Buttery Blends 4-Piece Face Brush Set,FACE BRUSH SET,excluded,excluded by the set/kit/tool/non-makeup word list,False,False
Morphe,mid_range,7014094471240,buttery-blends-tool-duo,Buttery Blends Tool Duo,TOOLS SET,excluded,excluded by the set/kit/tool/non-makeup word list,False,False
Morphe,mid_range,7014094405704,buttery-blends-m106-flat-topped-foundation-brush,Buttery Blends M106 Flat-Topped Foundation Brush,FACE BRUSH,excluded,excluded by the set/kit/tool/non-makeup word list,False,False
Morphe,mid_range,7014094340168,buttery-blends-m104-domed-foundation-brush,Buttery Blends M104 Domed Foundation Brush,FACE BRUSH,excluded,excluded by the set/kit/tool/non-makeup word list,False,False
Morphe,mid_range,7007990677576,ultimate-brush-set,Ultimate Brush Set,Bundle,excluded,excluded by the set/kit/tool/non-makeup word list,False,False
Morphe,mid_range,7006970642504,portrait-mode-eye-want-it-all-bundle,Portrait Mode + Eye Want It All Bundle,Bundle,excluded,excluded by the set/kit/tool/non-makeup word list,False,False
Morphe,mid_range,6994956550216,ready-set-pro-16-piece-face-eye-brush-set,"Ready, Set, Pro 16-Piece Face & Eye Brush Set",Face & Eye Brush Set,excluded,excluded by the set/kit/tool/non-makeup word list,False,False
Morphe,mid_range,6986301079624,lip-filter-hydroplump-soft-matte-lipstick-bundle,Lip Filter HydroPlump Soft Matte Lipstick Bundle,Bundle,excluded,excluded by the set/kit/tool/non-makeup word list,False,False
Morphe,mid_range,6984720678984,signature-lip-pencil-bundle,Signature Lip Pencil Bundle,Bundle,excluded,excluded by the set/kit/tool/non-makeup word list,False,False
Morphe,mid_range,6978890989640,lip-filter-hydroplump-soft-matte-lipstick,Lip Filter Hydroplump Soft Matte Lipstick,Lipstick,lipstick,lipstick <- 'lipstick' in product_type|title,False,False
Morphe,mid_range,6978890956872,signature-lip-pencil,Signature Lip Pencil,Lip Liner,lip_liner,lip_liner <- 'lip liner' in product_type|title,False,False
Morphe,mid_range,6954782523464,continuous-setting-mist,Continuous Setting Mist,Setting Spray,setting_spray,setting_spray <- 'setting spray' in product_type|title,False,False
Morphe,mid_range,6978599583816,continuous-prep-set-mist,Continuous Prep & Set Mist+,Setting Spray,excluded,excluded by the set/kit/tool/non-makeup word list,False,False
Morphe,mid_range,6972408004680,shapelifter-micro-contour-stick,Shapelifter Micro Contour Stick,CONTOUR STICK,unclassified,no §7 rule matched,False,False
Morphe,mid_range,6972407971912,nano-brow-pencil,Nano Brow Pencil,BROW PENCIL,brow,brow <- 'brow' in product_type|title,False,False
Morphe,mid_range,6972407939144,micro-manager-gripping-brow-gel,Micro Manager Gripping Brow Gel,BROW GEL,brow,brow <- 'brow' in product_type|title,False,False
Morphe,mid_range,6968029085768,solo-artist-priming-cream-eyeshadow,Solo Artist Priming Cream Eyeshadow,EYESHADOW SINGLE,excluded,excluded by the set/kit/tool/non-makeup word list,False,False
Morphe,mid_range,6967688331336,chromaplus-12-pan-eyeshadow-palette,ChromaPlus 12-Pan Eyeshadow Palette,EYE PALETTE,eyeshadow_palette,eyeshadow_palette <- 'eyeshadow palette' in product_type|title,False,False
Morphe,mid_range,6967688265800,one-done-mini-sponge-duo,One & Done Mini Makeup Sponge Duo,TOOLS SET,excluded,excluded by the set/kit/tool/non-makeup word list,False,False
Morphe,mid_range,6967688233032,all-covered-shapable-makeup-sponge,All Covered Shapable Makeup Sponge,SPONGE,excluded,excluded by the set/kit/tool/non-makeup word list,False,False
Morphe,mid_range,6967688200264,cloud-cushion-seamless-puff,Cloud Cushion Seamless Puff,PUFF,unclassified,no §7 rule matched,False,False
Morphe,mid_range,6967688167496,all-set-touchup-powder-puff,All Set Touch-Up Powder Puff,SPONGE,excluded,excluded by the set/kit/tool/non-makeup word list,False,False
Morphe,mid_range,6958258946120,sudden-heat-creamy-bronzer-stick,Sudden Heat Creamy Bronzer Stick,Bronzer Stick,bronzer,bronzer <- 'bronzer' in product_type|title,False,False
Morphe,mid_range,6957633437768,hot-honeys-plumping-lip-oil,Hot Honeys Plumping Lip Oil,LIP OIL,excluded,excluded by the set/kit/tool/non-makeup word list,False,False
Morphe,mid_range,6957633405000,blush-layering-tool-trio,Blush Layering Tool trio,FACE BRUSH SET,excluded,excluded by the set/kit/tool/non-makeup word list,False,False
Morphe,mid_range,6953536192584,cheek-thrills-multi-finish-face-trio,Cheek Thrills Multi-Finish Face Trio,BLUSH PALETTE,excluded,excluded by the set/kit/tool/non-makeup word list,False,False
Morphe,mid_range,6953658581064,filter-effect-soft-radiance-concealer,Filter Effect Soft Radiance Concealer,Concealer,concealer,concealer <- 'concealer' in product_type|title,False,False
Morphe,mid_range,6953658417224,bake-a-set-setting-powder,Bake & Set Setting Powder,Setting Powder,excluded,excluded by the set/kit/tool/non-makeup word list,False,True
Morphe,mid_range,6953592029256,huephoric-rush-3-in-1-silk-blush,Huephoric Rush 3-In-1 Silk Blush,Cream Blush,excluded,excluded by the set/kit/tool/non-makeup word list,False,False
Morphe,mid_range,6953591767112,supreme-brow-sculpting-and-shaping-wax,Supreme Brow Sculpting And Shaping Wax,Brow Sculpt Wax,brow,brow <- 'brow' in product_type|title,False,False
Morphe,mid_range,6953590259784,lightform-extended-hydration-foundation,Lightform Extended Hydration Foundation,Foundation Liquid,foundation,foundation <- 'foundation' in product_type|title,False,True
Morphe,mid_range,6953590227016,soulmatte-filling-gel-lip-liner,Soulmatte Filling Gel Lip Liner,Lip Liner,lip_liner,lip_liner <- 'lip liner' in product_type|title,False,False
Morphe,mid_range,6953590194248,soulmatte-velvet-lip-mousse,Soulmatte Velvet Lip Mousse,Lip Mousse,liquid_lipstick,liquid_lipstick <- 'lip mousse' in product_type|title,False,False
Morphe,mid_range,6953590161480,wakeup-artist-under-eye-correcting-concealer,Wakeup Artist Under Eye Correcting Concealer,LIQUID CONCEALER,concealer,concealer <- 'concealer' in product_type|title,False,False
Morphe,mid_range,6953590128712,cloudlight-soft-glow-veil,Cloudlight Soft Glow Veil Finishing Powder,FINISHING POWDER,setting_powder,setting_powder <- 'finishing powder' in product_type|title,False,False
Morphe,mid_range,6953589899336,bi-liner-dual-ended-gel-liners,Bi-Liner Dual-Ended Gel Liners,Eye Liner,out_of_scope,out of scope <- 'eye liner' (not a §7 category),False,False
Morphe,mid_range,6953589768264,mixed-signals-dual-ended-cream-a-liquid-shadow-stick,Mixed Signals Dual-Ended Cream & Liquid Shadow Stick,Eyeshadow Stick,excluded,excluded by the set/kit/tool/non-makeup word list,False,False
Morphe,mid_range,6953589735496,hot-shot-blush-drops,Hot Shot Blush Drops,Liquid Blush,liquid_blush,liquid_blush <- 'liquid blush' in product_type|title,False,False
Morphe,mid_range,6953589669960,brow-tease-fiber-infused-volumizing-mousse,Brow Tease Fiber-Infused Volumizing Mousse,Brow Mousse,brow,brow <- 'brow' in product_type|title,False,False
Morphe,mid_range,6953589637192,hot-shot-sun-drops,Hot Shot Sun Drops,Liquid Bronzer,bronzer,bronzer <- 'bronzer' in product_type|title,False,False
Morphe,mid_range,6953589604424,dripglass-glazed-high-shine-lip-gloss,Dripglass Glazed High Shine Lip Gloss,Lip Gloss,lip_gloss,lip_gloss <- 'lip gloss' in product_type|title,False,True
Morphe,mid_range,6953589538888,definer-dual-ended-brow-pencil-and-spoolie,Definer Dual-Ended Brow Pencil & Spoolie,Brow Pencil,brow,brow <- 'brow' in product_type|title,False,False
Morphe,mid_range,6953589506120,micro-brow-dual-ended-pencil-and-spoolie,Micro Brow Dual-Ended Pencil & Spoolie,Brow Pencil,brow,brow <- 'brow' in product_type|title,False,False
Morphe,mid_range,6930293686344,conceal-set-tool-trio,Conceal & Set Tool Trio,FACE BRUSH SET,excluded,excluded by the set/kit/tool/non-makeup word list,False,False
Morphe,mid_range,6930449465416,to-the-point-mini-powder-puff-trio,To The Point Mini Powder Puff Trio,Powder Puff,excluded,excluded by the set/kit/tool/non-makeup word list,False,False
Morphe,mid_range,6930449432648,to-the-point-dual-sided-powder-puff-green,To the Point Dual-Sided Powder Puff,Powder Puff,pressed_powder,pressed_powder <- 'powder' in product_type|title,False,False
Morphe,mid_range,6930449399880,cloud-cushion-mini-puff-trio-nude,Cloud Cushion Mini Puff Trio,Beauty Sponge Set,excluded,excluded by the set/kit/tool/non-makeup word list,False,False
Morphe,mid_range,6930449367112,m163-paddle-powder-brush,M163 Paddle Powder Brush,FACE BRUSH,excluded,excluded by the set/kit/tool/non-makeup word list,False,False
Morphe,mid_range,6930449301576,m242-slanted-cream-liquid-bronzer-brush,M242 Slanted Cream & Liquid Bronzer Brush,FACE BRUSH,excluded,excluded by the set/kit/tool/non-makeup word list,False,False
Morphe,mid_range,6930449268808,m105-large-domed-foundation-body-brush,M105 Large Domed Foundation & Body Brush,FACE BRUSH,excluded,excluded by the set/kit/tool/non-makeup word list,False,False
Morphe,mid_range,6930293653576,all-bases-covered-3-piece-tool-set,All Bases Covered 3-Piece Tool Set,TOOLS SET,excluded,excluded by the set/kit/tool/non-makeup word list,False,False
Morphe,mid_range,6930293555272,along-for-the-glide-6-piece-travel-brush-set,Along for the Glide 6-Piece Travel Brush Set,Face & Eye Brush Set,excluded,excluded by the set/kit/tool/non-makeup word list,False,False
Morphe,mid_range,6930293522504,best-of-blends-8-piece-face-eye-brush-set,Best of Blends 8-Piece Face & Eye Brush Set,Face & Eye Brush Set,excluded,excluded by the set/kit/tool/non-makeup word list,False,False
Morphe,mid_range,6930293391432,eye-want-it-all-7-piece-eye-brush-set,Eye Want It All 7-Piece Eye Brush Set,EYE BRUSH SET,excluded,excluded by the set/kit/tool/non-makeup word list,False,False
Morphe,mid_range,6930293358664,portrait-mode-5-piece-face-brush-set,Portrait Mode 5-Piece Face Brush Set,FACE BRUSH SET,excluded,excluded by the set/kit/tool/non-makeup word list,False,False
Morphe,mid_range,6930293325896,one-done-multifunctional-makeup-sponge,One & Done Multifunctional Makeup Sponge,SPONGE,excluded,excluded by the set/kit/tool/non-makeup word list,False,False
Morphe,mid_range,6930293293128,m203-tapered-powder-blush-brush,M203 Tapered Powder Blush Brush,CHEEK BRUSH,excluded,excluded by the set/kit/tool/non-makeup word list,False,False
Morphe,mid_range,6930293260360,m282-rounded-cream-liquid-highlight-brush,M282 Rounded Cream & Liquid Highlight Brush,CHEEK BRUSH,excluded,excluded by the set/kit/tool/non-makeup word list,False,False
Morphe,mid_range,6930293227592,m201-angled-powder-blush-brush,M201 Angled Powder Blush Brush,CHEEK BRUSH,excluded,excluded by the set/kit/tool/non-makeup word list,False,False
Morphe,mid_range,6930293194824,m204-rounded-cream-liquid-blush-brush,M204 Rounded Cream & Liquid Blush Brush,CHEEK BRUSH,excluded,excluded by the set/kit/tool/non-makeup word list,False,False
Morphe,mid_range,6930293162056,m243-slanted-cream-liquid-contour-brush,M243 Slanted Cream & Liquid Contour Brush,CHEEK BRUSH,excluded,excluded by the set/kit/tool/non-makeup word list,False,False
Morphe,mid_range,6930293129288,m241-angled-powder-bronzer-brush,M241 Angled Powder Bronzer Brush,CHEEK BRUSH,excluded,excluded by the set/kit/tool/non-makeup word list,False,False
Morphe,mid_range,6930293096520,m107-paddle-cream-liquid-foundation-brush,M107 Paddle Cream & Liquid Foundation Brush,FACE BRUSH,excluded,excluded by the set/kit/tool/non-makeup word list,False,False
Morphe,mid_range,6930293063752,m133-domed-concealer-brush,M133 Domed Concealer Brush,FACE BRUSH,excluded,excluded by the set/kit/tool/non-makeup word list,False,False
Morphe,mid_range,6930293030984,m132-angled-concealer-brush,M132 Angled Concealer Brush,FACE BRUSH,excluded,excluded by the set/kit/tool/non-makeup word list,False,False
Morphe,mid_range,6930292998216,m134-pointed-paddle-concealer-brush,M134 Pointed Paddle Concealer Brush,FACE BRUSH,excluded,excluded by the set/kit/tool/non-makeup word list,False,False
Morphe,mid_range,6930292965448,m161-large-rounded-powder-brush,M161 Large Rounded Powder Brush,FACE BRUSH,excluded,excluded by the set/kit/tool/non-makeup word list,False,False
Morphe,mid_range,6930292932680,m162-tapered-powder-brush,M162 Tapered Powder Brush,FACE BRUSH,excluded,excluded by the set/kit/tool/non-makeup word list,False,False
Morphe,mid_range,6930292899912,m202-slanted-blush-brush,M202 Slanted Blush Brush,FACE BRUSH,excluded,excluded by the set/kit/tool/non-makeup word list,False,False
Morphe,mid_range,6930292867144,m164-small-pointed-powder-brush,M164 Small Pointed Powder Brush,FACE BRUSH,excluded,excluded by the set/kit/tool/non-makeup word list,False,False
Morphe,mid_range,6930292834376,m102-rounded-cream-liquid-foundation-brush,M102 Rounded Cream & Liquid Foundation Brush,FACE BRUSH,excluded,excluded by the set/kit/tool/non-makeup word list,False,False
Morphe,mid_range,6930292801608,m103-angled-cream-liquid-foundation-brush,M103 Angled Cream & Liquid Foundation Brush,FACE BRUSH,excluded,excluded by the set/kit/tool/non-makeup word list,False,False
Morphe,mid_range,6930292768840,m131-rounded-paddle-concealer-brush,M131 Rounded Paddle Concealer Brush,FACE BRUSH,excluded,excluded by the set/kit/tool/non-makeup word list,False,False
Morphe,mid_range,6930292736072,m106-flat-topped-foundation-brush,M106 Flat-Topped Foundation Brush,FACE BRUSH,excluded,excluded by the set/kit/tool/non-makeup word list,False,False
Morphe,mid_range,6930292703304,m104-domed-foundation-brush,M104 Domed Foundation Brush,FACE BRUSH,excluded,excluded by the set/kit/tool/non-makeup word list,False,False
Morphe,mid_range,6930292670536,m303-large-paddle-packer-eyeshadow-brush,M303 Large Paddle Packer Eyeshadow Brush,EYE BRUSH,excluded,excluded by the set/kit/tool/non-makeup word list,False,False
Morphe,mid_range,6930292637768,m301-small-paddle-packer-eyeshadow-brush,M301 Small Paddle Packer Eyeshadow Brush,EYE BRUSH,excluded,excluded by the set/kit/tool/non-makeup word list,False,False
Morphe,mid_range,6930292605000,m302-medium-paddle-packer-eyeshadow-brush,M302 Medium Paddle Packer Eyeshadow Brush,EYE BRUSH,excluded,excluded by the set/kit/tool/non-makeup word list,False,False
Morphe,mid_range,6930292572232,m332-medium-rounded-blender-eyeshadow-brush,M332 Medium Rounded Blender Eyeshadow Brush,EYE BRUSH,excluded,excluded by the set/kit/tool/non-makeup word list,False,False
Morphe,mid_range,6930292539464,m331-tapered-blender-eyeshadow-brush,M331 Tapered Blender Eyeshadow Brush,EYE BRUSH,excluded,excluded by the set/kit/tool/non-makeup word list,False,False
Morphe,mid_range,6930292506696,m333-large-rounded-blender-eyeshadow-brush,M333 Large Rounded Blender Eyeshadow Brush,EYE BRUSH,excluded,excluded by the set/kit/tool/non-makeup word list,False,False
Morphe,mid_range,6930292473928,m383-pointed-detail-eye-brush,M383 Pointed Detail Eye Brush,EYE BRUSH,excluded,excluded by the set/kit/tool/non-makeup word list,False,False
Morphe,mid_range,6930292441160,m382-detail-smudger-eye-brush,M382 Detail Smudger Eye Brush,EYE BRUSH,excluded,excluded by the set/kit/tool/non-makeup word list,False,False
Morphe,mid_range,6930292408392,m362-pointed-eyeliner-brush,M362 Pointed Eyeliner Brush,EYE BRUSH,excluded,excluded by the set/kit/tool/non-makeup word list,False,False
Morphe,mid_range,6930292375624,m401-dual-ended-angled-brow-brush-spoolie,M401 Dual-Ended Angled Brow Brush & Spoolie,BROW BRUSH,excluded,excluded by the set/kit/tool/non-makeup word list,False,False
Morphe,mid_range,6930292342856,m363-angled-eyeliner-brush,M363 Angled Eyeliner Brush,EYE BRUSH,excluded,excluded by the set/kit/tool/non-makeup word list,False,False
Morphe,mid_range,6930292310088,m402-dual-ended-precision-brow-brush-comb,M402 Dual-Ended Precision Brow Brush & Comb,BROW BRUSH,excluded,excluded by the set/kit/tool/non-makeup word list,False,False
Morphe,mid_range,6807581098056,totally-set-mini-brighten-set-powder-duo,Totally Set Mini Brighten & Set Powder Duo,Setting Powder,excluded,excluded by the set/kit/tool/non-makeup word list,False,True
Morphe,mid_range,6806785949768,bake-set-soft-focus-setting-powder-mini,Mini Bake & Set Setting Powder,Setting Powder,excluded,excluded by the set/kit/tool/non-makeup word list,False,True
Morphe,mid_range,6806785917000,bake-set-setting-powder-jumbo,Jumbo Bake & Set Setting Powder - Translucent,Setting Powder,excluded,excluded by the set/kit/tool/non-makeup word list,False,True
Morphe,mid_range,6773380907080,e-gift-card,E-Gift Card,Gift Card,excluded,excluded by the set/kit/tool/non-makeup word list,False,False
Morphe,mid_range,5850403143752,make-it-big-volumizing-mascara,Make It Big Volumizing Mascara,Mascara,mascara,mascara <- 'mascara' in product_type|title,False,True
Morphe,mid_range,6577764466760,make-it-big-brush-tip-liquid-liner,Make It Big Brush-Tip Liquid Liner,Liquid Eyeliner,excluded,excluded by the set/kit/tool/non-makeup word list,False,True
Morphe,mid_range,5858004435016,make-it-big-mini-volumizing-mascara,Make It Big Mini Volumizing Mascara,Mascara,mascara,mascara <- 'mascara' in product_type|title,False,True
Physicians Formula,drugstore,10034460786997,butter-highlighter-champagne,Murumuru Butter Highlighter | Champagne,Highlighters & Luminizers,highlighter,highlighter <- 'highlight' in product_type|title,False,False
Physicians Formula,drugstore,10034478252341,butter-donut-bronzer-sprinkles,Butter Donut Bronzer | Sprinkles,Blushes & Bronzers,bronzer,bronzer <- 'bronzer' in product_type|title,False,False
Physicians Formula,drugstore,10034478154037,butter-coffee-bronzer-latte,Butter Coffee Bronzer | Latte,Blushes & Bronzers,bronzer,bronzer <- 'bronzer' in product_type|title,False,False
Physicians Formula,drugstore,10034479399221,matte-monoi-butter-eyeshadow,Matte Monoi Butter Eyeshadow,Eye Shadows,eyeshadow_single,eyeshadow_single <- 'eye shadow' in product_type|title,False,False
Physicians Formula,drugstore,10034471698741,rose-kiss-all-day-velvet-lip-color-first-kiss,Rosé Kiss All Day Velvet Lip Color | First Kiss,Lipsticks,lipstick,lipstick <- 'lipstick' in product_type|title,False,False
Physicians Formula,drugstore,10034432409909,eye-boostertm-lash-2-in-1-boosting-eyeliner-serum-ultra-black,Ultra-Fine Liquid Eyeliner | Ultra Black,Eyeliner,excluded,excluded by the set/kit/tool/non-makeup word list,False,False
Physicians Formula,drugstore,10410972381493,mineral-wear®-diamond-lip-oil-stain-brilliant-berry-copy,Mineral Wear® Diamond Lip Oil Stain-Timeless Taupe,Lip & Cheek Stains,excluded,excluded by the set/kit/tool/non-makeup word list,False,False
Physicians Formula,drugstore,10402605793589,mineral-wear®-diamond-lip-oil-stain-precious-pink-copy,Mineral Wear® Diamond Lip Oil Stain- Brilliant Berry,Lip & Cheek Stains,excluded,excluded by the set/kit/tool/non-makeup word list,False,False
Physicians Formula,drugstore,10367042978101,mineral-wear-r-diamond-lip-oil-stain-mesmerizing-mauve,Mineral Wear® Diamond Lip Oil Stain- Mesmerizing Mauve,Lip & Cheek Stains,excluded,excluded by the set/kit/tool/non-makeup word list,False,False
Physicians Formula,drugstore,10367041274165,mineral-wear-r-diamond-lip-oil-stain-precious-pink,Mineral Wear® Diamond Lip Oil Stain- Precious Pink,Lip & Cheek Stains,excluded,excluded by the set/kit/tool/non-makeup word list,False,False
Physicians Formula,drugstore,10367041110325,mineral-wear-r-diamond-lip-oil-stain-natural-nude,Mineral Wear® Diamond Lip Oil Stain- Natural Nude,Lip & Cheek Stains,excluded,excluded by the set/kit/tool/non-makeup word list,False,False
Physicians Formula,drugstore,10367036916021,bronze-booster-sun-grip-glow-activated-bronzing-primer,Bronze Booster™ Sun Grip Glow Activated Bronzing Primer,Self Tanner,primer,primer <- 'primer' in product_type|title,False,False
Physicians Formula,drugstore,10367023677749,mineral-wear-r-diamond-lip-oil-stain-radiant-rose,Mineral Wear® Diamond Lip Oil Stain- Radiant Rose,Lip & Cheek Stains,excluded,excluded by the set/kit/tool/non-makeup word list,False,False
Physicians Formula,drugstore,10367019876661,butter-glow-go-contour-stick-medium-deep,Butter Glow & Go™ Contour Stick - Medium-Deep,Highlighters & Luminizers,highlighter,highlighter <- 'highlight' in product_type|title,False,False
Physicians Formula,drugstore,10367006245173,butter-glow-go-contour-stick-light-brown,Butter Glow & Go™ Contour Stick - Fair-Light,Highlighters & Luminizers,highlighter,highlighter <- 'highlight' in product_type|title,False,False
Physicians Formula,drugstore,10367000117557,bronze-booster-sun-tint-glow-activated-cheek-lip-stain-berry-tint,Bronze Booster™ Sun Tint Glow Activated Cheek & Lip Stain - Berry Tint,Lip & Cheek Stains,lipstick,lipstick <- 'lip stain' in product_type|title,False,False
Physicians Formula,drugstore,10366996054325,bronze-booster-sun-tint-glow-activated-cheek-lip-stain-bronze-tint,Bronze Booster™ Sun Tint Glow Activated Cheek & Lip Stain - Bronze Tint,Lip & Cheek Stains,lipstick,lipstick <- 'lip stain' in product_type|title,False,False
Physicians Formula,drugstore,10366980948277,bronze-booster-sol-blush-glow-activated-pressed-blush,Bronze Booster™ Sol Blush Glow Activated Pressed Blush,Blushes & Bronzers,bronzer,bronzer <- 'bronzer' in product_type|title,False,False
Physicians Formula,drugstore,10366979342645,bronze-booster-sun-bronzer-glow-activated-pressed-bronzer,Bronze Booster™ Sun Bronzer Glow Activated Pressed Bronzer,Blushes & Bronzers,bronzer,bronzer <- 'bronzer' in product_type|title,False,False
Physicians Formula,drugstore,10366970757429,bronze-booster-sun-blur-glow-activated-bronzing-balm,Bronze Booster™ Sun Blur Glow Activated Bronzing Balm,Blushes & Bronzers,bronzer,bronzer <- 'bronzer' in product_type|title,False,False
Physicians Formula,drugstore,10366965317941,bronze-booster-sun-shot-glow-activated-bronzing-drops-golden-hour,Bronze Booster™ Sun Shot Glow Activated Bronzing Drops - Golden Hour,Self Tanner,bronzer,bronzer <- 'bronzing' in product_type|title,False,False
Physicians Formula,drugstore,10366960828725,mineral-wear-r-diamond-ph-lip-plumper-balm-emerald,Mineral Wear® Diamond pH Lip Plumper Balm - Emerald,Lip Gloss,lip_gloss,lip_gloss <- 'lip gloss' in product_type|title,False,False
Physicians Formula,drugstore,10366955880757,mineral-wear-r-diamond-ph-lip-plumper-balm,Mineral Wear® Diamond pH Lip Plumper Balm - Sapphire,Lip Balms,lipstick,lipstick <- 'lip balm' in product_type|title,False,False
Physicians Formula,drugstore,10366945886517,mineral-wear-r-diamond-baked-blush,Mineral Wear® Diamond Baked Blush,Blushes & Bronzers,bronzer,bronzer <- 'bronzer' in product_type|title,False,False
Physicians Formula,drugstore,10366944182581,mineral-wear-r-diamond-perfector-illuminator-concealer-light-to-medium,Mineral Wear® Diamond Perfector Illuminator & Concealer- Light-to-Medium,Highlighters & Luminizers,concealer,concealer <- 'concealer' in product_type|title,False,False
Physicians Formula,drugstore,10366940840245,mineral-wear-r-diamond-perfector-illuminator-concealer-fair-to-light,Mineral Wear® Diamond Perfector Illuminator & Concealer- Fair-to-Light,Face Serums,concealer,concealer <- 'concealer' in product_type|title,False,False
Physicians Formula,drugstore,10366916919605,butter-glow-illuminating-serum,Butter Glow Illuminating Serum,Face Serums,excluded,excluded by the set/kit/tool/non-makeup word list,False,False
Physicians Formula,drugstore,10034462359861,coconut-milk-eye-makeup-remover,Coconut Milk Eye Makeup Remover,Makeup Removers,excluded,excluded by the set/kit/tool/non-makeup word list,False,False
Physicians Formula,drugstore,10034463670581,physicians-formula-mineral-wear-loose-powder-translucent-light,Mineral Wear Loose Powder | Translucent Light,Face Powder,setting_powder,setting_powder <- 'loose powder' in product_type|title,False,False
Physicians Formula,drugstore,10034467766581,2019-organic-wear-natural-origin-mascara-black,Organic Wear Natural Origin Mascara,Mascaras,mascara,mascara <- 'mascara' in product_type|title,False,False
Physicians Formula,drugstore,10034487623989,butter-glow-bronzer-blush-healthy-glow,Butter Glow Bronzer + Blush | Healthy Glow,Blushes & Bronzers,bronzer,bronzer <- 'bronzer' in product_type|title,False,False
Physicians Formula,drugstore,10034483953973,eye-booster-super-slim-liquid-eyeliner,Eye Booster™ Super Slim Liquid Eyeliner,Eyeliner,out_of_scope,out of scope <- 'eyeliner' (not a §7 category),False,False
Physicians Formula,drugstore,10157484245301,butter-glow-blushing-serum,Butter Glow Blushing Serum,Blushes & Bronzers,excluded,excluded by the set/kit/tool/non-makeup word list,False,False
Physicians Formula,drugstore,10034491556149,butter-glow-body-bronzer,Butter Glow Body Bronzer,Blushes & Bronzers,excluded,excluded by the set/kit/tool/non-makeup word list,False,False
Physicians Formula,drugstore,10034491523381,super-bb-all-in-1-beauty-balm-cream-light,Super BB All-in-1 Beauty Balm Cream | Light,Foundations & Concealers,excluded,excluded by the set/kit/tool/non-makeup word list,False,False
Physicians Formula,drugstore,10034491392309,butter-glow-go-multiuse-stick-beach-bum-plum,Butter Glow & Go™ Multiuse Stick | Beach Bum Plum,Blushes & Bronzers,bronzer,bronzer <- 'bronzer' in product_type|title,False,False
Physicians Formula,drugstore,10034491294005,butter-glow-go-multiuse-stick-sunkissed-rose,Butter Glow & Go™ Multiuse Stick | Sunkissed Rose,Blushes & Bronzers,bronzer,bronzer <- 'bronzer' in product_type|title,False,False
Physicians Formula,drugstore,10034491097397,butter-lash-splash-mascara,Butter Lash Splash™ Mascara,Mascaras,excluded,excluded by the set/kit/tool/non-makeup word list,False,False
Physicians Formula,drugstore,10034491228469,butter-glow-go-multiuse-stick-beachy-pink,Butter Glow & Go™ Multiuse Stick | Beachy Pink,Blushes & Bronzers,bronzer,bronzer <- 'bronzer' in product_type|title,False,False
Physicians Formula,drugstore,10034491326773,butter-glow-go-multiuse-stick-berry-tan,Butter Glow & Go™ Multiuse Stick | Berry Tan,Blushes & Bronzers,bronzer,bronzer <- 'bronzer' in product_type|title,False,False
Physicians Formula,drugstore,10034490966325,mineral-wear-diamond-perfector-color-correcting-primer,Mineral Wear® Diamond Perfector™ Color-Correcting Primer,Face Primers,primer,primer <- 'primer' in product_type|title,False,False
Physicians Formula,drugstore,10034490933557,mineral-wear-diamond-dust-luminous-bronzer,Mineral Wear® Diamond Dust | Luminous Bronzer,Blushes & Bronzers,bronzer,bronzer <- 'bronzer' in product_type|title,False,False
Physicians Formula,drugstore,10034490835253,mineral-wear-diamond-dust-luminous-corrector,Mineral Wear® Diamond Dust | Luminous Corrector,Face Powder,pressed_powder,pressed_powder <- 'face powder' in product_type|title,False,False
Physicians Formula,drugstore,10034490704181,mineral-wear-diamond-lip-oil-pink-diamond,Mineral Wear® Diamond Lip Oil | Pink Diamond,Lip Gloss,excluded,excluded by the set/kit/tool/non-makeup word list,False,False
Physicians Formula,drugstore,10034490671413,mineral-wear-diamond-lip-oil-yellow-diamond,Mineral Wear® Diamond Lip Oil | Yellow Diamond,Lip Gloss,excluded,excluded by the set/kit/tool/non-makeup word list,False,False
Physicians Formula,drugstore,10034475860277,butter-believe-it-foundation-concealer-medium-to-tan,Butter Believe It! Foundation + Concealer | Medium-to-Tan,Foundations & Concealers,concealer,concealer <- 'concealer' in product_type|title,False,False
Physicians Formula,drugstore,10034477072693,matte-monoi-butter-bronzer-light-brown,Matte Monoi Butter Bronzer | Matte Light Bronzer,Blushes & Bronzers,bronzer,bronzer <- 'bronzer' in product_type|title,False,False
Physicians Formula,drugstore,10034484511029,mineral-wear-diamond-perfector-bb-cream-fair-to-light,Mineral Wear® Diamond Perfector BB Cream | Fair-to-Light,Foundations & Concealers,excluded,excluded by the set/kit/tool/non-makeup word list,False,False
Physicians Formula,drugstore,10034484642101,mineral-wear-diamond-perfector-bb-cream-light-to-medium,Mineral Wear® Diamond Perfector BB Cream | Light-to-Medium,Foundations & Concealers,excluded,excluded by the set/kit/tool/non-makeup word list,False,False
Physicians Formula,drugstore,10034484740405,mineral-wear-diamond-perfector-bb-cream-medium-to-tan,Mineral Wear® Diamond Perfector BB Cream | Medium-to-Tan,Foundations & Concealers,excluded,excluded by the set/kit/tool/non-makeup word list,False,False
Physicians Formula,drugstore,10034484773173,mineral-wear-diamond-perfector-bb-cream-tan-to-deep,Mineral Wear® Diamond Perfector BB Cream | Tan-to-Deep,Foundations & Concealers,excluded,excluded by the set/kit/tool/non-makeup word list,False,False
Physicians Formula,drugstore,10034484838709,mineral-wear-diamond-perfector-bb-cream-deep-to-rich,Mineral Wear® Diamond Perfector BB Cream | Deep-to-Rich,Foundations & Concealers,excluded,excluded by the set/kit/tool/non-makeup word list,False,False
Physicians Formula,drugstore,10034484871477,mineral-wear-diamond-perfector-bb-cream-rich,Mineral Wear® Diamond Perfector BB Cream | Rich,Foundations & Concealers,excluded,excluded by the set/kit/tool/non-makeup word list,False,False
Physicians Formula,drugstore,10034487951669,butter-glow-corrector-yellow,Butter Glow Corrector | Yellow,Foundations & Concealers,concealer,concealer <- 'concealer' in product_type|title,False,False
Physicians Formula,drugstore,10034488017205,butter-glow-corrector-green,Butter Glow Corrector | Green,Foundations & Concealers,concealer,concealer <- 'concealer' in product_type|title,False,False
Physicians Formula,drugstore,10034488148277,butter-glow-corrector-lavender,Butter Glow Corrector | Lavender,Foundations & Concealers,concealer,concealer <- 'concealer' in product_type|title,False,False
Physicians Formula,drugstore,10034488574261,mineral-wear-diamond-filler-radiant-pink-2,Mineral Wear® Diamond Filler | Radiant Pink,Blushes & Bronzers,bronzer,bronzer <- 'bronzer' in product_type|title,False,False
Physicians Formula,drugstore,10034488475957,mineral-wear-diamond-filler-brilliant-peach-2,Mineral Wear® Diamond Filler | Brilliant Peach,Blushes & Bronzers,bronzer,bronzer <- 'bronzer' in product_type|title,False,False
Physicians Formula,drugstore,10034488344885,mineral-wear-diamond-bronzer-deep-bronze-gem,Mineral Wear® Diamond Bronzer™ | Deep Bronze Gem,Blushes & Bronzers,bronzer,bronzer <- 'bronzer' in product_type|title,False,False
Physicians Formula,drugstore,10034488312117,mineral-wear-diamond-bronzer-bronze-gem,Mineral Wear® Diamond Bronzer™ | Bronze Gem,Blushes & Bronzers,bronzer,bronzer <- 'bronzer' in product_type|title,False,False
Physicians Formula,drugstore,10034488279349,mineral-wear-diamond-blur-skincare-powder,Mineral Wear® Diamond Blur Skincare Powder,Face Powder,excluded,excluded by the set/kit/tool/non-makeup word list,False,False
Physicians Formula,drugstore,10034488246581,butter-bronzer-mascara,Butter Bronzer Mascara,Mascaras,mascara,mascara <- 'mascara' in product_type|title,False,False
Physicians Formula,drugstore,10034487918901,butter-glow-contour-wand-medium-deep,Butter Glow Contour Wand | Medium/Deep,Highlighters & Luminizers,highlighter,highlighter <- 'highlight' in product_type|title,False,False
Physicians Formula,drugstore,10034487689525,butter-glow-contour-wand-fair-light,Butter Glow Contour Wand | Fair/Light,Highlighters & Luminizers,highlighter,highlighter <- 'highlight' in product_type|title,False,False
Physicians Formula,drugstore,10034487492917,butter-glow-bronzing-serum-sunkissed-glow,Butter Glow Bronzing Serum | Sunkissed Glow,Blushes & Bronzers,excluded,excluded by the set/kit/tool/non-makeup word list,False,False
Physicians Formula,drugstore,10034487296309,mineral-wear-diamond-dust-luminous-gleam,Mineral Wear® Diamond Dust | Luminous Gleam,Face Powder,pressed_powder,pressed_powder <- 'face powder' in product_type|title,False,False
Physicians Formula,drugstore,10034485428533,eye-booster-eye-lifter,Eye Booster™ Eye Lifter™,Eye Shadows,eyeshadow_single,eyeshadow_single <- 'eye shadow' in product_type|title,False,False
Physicians Formula,drugstore,10034485133621,murumuru-butter-lip-beach-bronze,Butter Tinted Lip Conditioner | Beach Bronze,Lip Balms,lipstick,lipstick <- 'lip balm' in product_type|title,False,False
Physicians Formula,drugstore,10034485035317,murumuru-butter-lip-brazilian-berry,Butter Tinted Lip Conditioner  | Brazilian Berry,Lip Balms,lipstick,lipstick <- 'lip balm' in product_type|title,False,False
Physicians Formula,drugstore,10034484937013,murumuru-butter-lip-pink-paradise,Butter Tinted Lip Conditioner | Pink Paradise,Lip Balms,lipstick,lipstick <- 'lip balm' in product_type|title,False,False
Physicians Formula,drugstore,10034484019509,eye-booster-lash-illusion-mascara,Eye Booster™ Lash Illusion Mascara,Mascaras,excluded,excluded by the set/kit/tool/non-makeup word list,False,False
Physicians Formula,drugstore,10034483921205,mineral-wear-diamond-gloss,Mineral Wear® Diamond Gloss,Lip Gloss,lip_gloss,lip_gloss <- 'lip gloss' in product_type|title,False,False
Physicians Formula,drugstore,10034483855669,mineral-wear-diamond-last-3,Mineral Wear® Diamond Last | Majestic Mauve,Lipsticks,lipstick,lipstick <- 'lipstick' in product_type|title,False,False
Physicians Formula,drugstore,10034483790133,mineral-wear-diamond-last-2,Mineral Wear® Diamond Last | Rose Quartz,Lipsticks,lipstick,lipstick <- 'lipstick' in product_type|title,False,False
Physicians Formula,drugstore,10034483757365,mineral-wear-diamond-last-1,Mineral Wear® Diamond Last | Topaz Taupe,Lipsticks,lipstick,lipstick <- 'lipstick' in product_type|title,False,False
Physicians Formula,drugstore,10034483659061,mineral-wear-diamond-setter,Mineral Wear® Diamond Setter™,Makeup Finishing Sprays,setting_spray,setting_spray <- 'finishing spray' in product_type|title,False,False
Physicians Formula,drugstore,10034483626293,butter-glow-pressed-powder-2,Butter Glow Pressed Powder | Natural Glow,Face Powder,pressed_powder,pressed_powder <- 'face powder' in product_type|title,False,False
Physicians Formula,drugstore,10034483527989,physicians-formula-butter-glow-pressed-powder-translucent-glow,Butter Glow Pressed Powder | Translucent Glow,Face Powder,setting_powder,setting_powder <- 'translucent' in product_type|title,False,False
Physicians Formula,drugstore,10034483265845,butter-glow-concealer-3,Butter Glow Concealer | Medium-to-Tan,Foundations & Concealers,concealer,concealer <- 'concealer' in product_type|title,False,False
Physicians Formula,drugstore,10034483134773,butter-glow-concealer-2,Butter Glow Concealer | Light-to-Medium,Foundations & Concealers,concealer,concealer <- 'concealer' in product_type|title,False,False
Physicians Formula,drugstore,10034483102005,butter-glow-concealer-1,Butter Glow Concealer | Fair-to-Light,Foundations & Concealers,concealer,concealer <- 'concealer' in product_type|title,False,False
Physicians Formula,drugstore,10034482970933,butter-glow-liquid-highlighter,Butter Glow Liquid Highlighter,Highlighters & Luminizers,highlighter,highlighter <- 'highlight' in product_type|title,False,False
Physicians Formula,drugstore,10034482807093,butter-glow-liquid-bronzer,Butter Glow Liquid Bronzer,Blushes & Bronzers,bronzer,bronzer <- 'bronzer' in product_type|title,False,False
Physicians Formula,drugstore,10034482512181,butter-bronzer-contour-palette-2,Butter Bronzer Contour Palette | Contour 2,Blushes & Bronzers,bronzer,bronzer <- 'bronzer' in product_type|title,False,False
Physicians Formula,drugstore,10034482413877,butter-bronzer-contour-palette-1,Butter Bronzer Contour Palette | Contour 1,Blushes & Bronzers,bronzer,bronzer <- 'bronzer' in product_type|title,False,False
Physicians Formula,drugstore,10034481234229,murumuru-strawberry-jam-blush,Strawberry Jam Blush,Blushes & Bronzers,bronzer,bronzer <- 'bronzer' in product_type|title,False,False
Physicians Formula,drugstore,10034481135925,murumuru-lets-toast-highlighter,Let's Toast Highlighter,Highlighters & Luminizers,highlighter,highlighter <- 'highlight' in product_type|title,False,False
Physicians Formula,drugstore,10034481103157,murumuru-watermelon-sugar-lip-gloss-sweet,Watermelon Sugar Lip Gloss | Sweet,Lip Gloss,lip_gloss,lip_gloss <- 'lip gloss' in product_type|title,False,False
Physicians Formula,drugstore,10034481037621,murumuru-watermelon-sugar-lip-gloss-juicy,Watermelon Sugar Lip Gloss | Juicy,Lip Gloss,lip_gloss,lip_gloss <- 'lip gloss' in product_type|title,False,False
Physicians Formula,drugstore,10034480939317,murumuru-watermelon-sugar-lip-gloss-yummy,Watermelon Sugar Lip Gloss | Yummy,Lip Gloss,lip_gloss,lip_gloss <- 'lip gloss' in product_type|title,False,False
Physicians Formula,drugstore,10034480677173,murumuru-bread-and-butter-bronzer-baked,Bread & Butter Bronzer | Baked,Blushes & Bronzers,bronzer,bronzer <- 'bronzer' in product_type|title,False,False
Physicians Formula,drugstore,10034480447797,mineral-wear-diamond-mascara-black-diamond,Mineral Wear Diamond Mascara | Black Diamond,Mascaras,mascara,mascara <- 'mascara' in product_type|title,False,False
Physicians Formula,drugstore,10034480349493,physicians-formula-mineral-wear-diamond-mascara-clear-diamond,Mineral Wear Diamond Mascara | Clear Diamond,Mascaras,mascara,mascara <- 'mascara' in product_type|title,False,False
Physicians Formula,drugstore,10034480087349,butter-buddies-full-collection-box,Butter Buddies Full Collection Box,Cosmetic Sets,excluded,excluded by the set/kit/tool/non-makeup word list,False,False
Physicians Formula,drugstore,10034479923509,mineral-wear-diamond-melt-allic-bronze-brilliance,Mineral Wear Diamond Melt-allic | Bronze Brilliance,Eye Shadows,eyeshadow_single,eyeshadow_single <- 'eye shadow' in product_type|title,False,False
Physicians Formula,drugstore,10034479628597,butter-believe-it-pressed-powder-translucent,Butter Believe it! Pressed Powder | Translucent,Face Powder,setting_powder,setting_powder <- 'translucent' in product_type|title,False,False
Physicians Formula,drugstore,10034479563061,butter-believe-it-pressed-powder-creamy-natural,Butter Believe it! Pressed Powder | Creamy Natural,Face Powder,pressed_powder,pressed_powder <- 'face powder' in product_type|title,False,False
Physicians Formula,drugstore,10034479366453,matte-monoi-butter-blush,Matte Monoi Butter Blush,Blushes & Bronzers,bronzer,bronzer <- 'bronzer' in product_type|title,False,False
Physicians Formula,drugstore,10034479104309,butter-believe-it-blush,Butter Believe it! Blush | Pink Sands,Blushes & Bronzers,bronzer,bronzer <- 'bronzer' in product_type|title,False,False
Physicians Formula,drugstore,10034479038773,4-in-1-brush,4-in-1 Makeup Brush,Makeup Brushes,excluded,excluded by the set/kit/tool/non-makeup word list,False,False
Physicians Formula,drugstore,10034478907701,butter-cheat-day-full-collection,Butter Cheat Day Full Collection,Makeup,unclassified,no §7 rule matched,False,False
Physicians Formula,drugstore,10034478776629,butter-nut-highlighter,Butter Nut Highlighter,Highlighters & Luminizers,highlighter,highlighter <- 'highlight' in product_type|title,False,False
Physicians Formula,drugstore,10034478645557,butter-puff-bronzer,Butter Puff Bronzer,Blushes & Bronzers,bronzer,bronzer <- 'bronzer' in product_type|title,False,False
Physicians Formula,drugstore,10034477662517,mineral-wear-diamond-lip-plumper-champagne-cushion-cut,Mineral Wear® Diamond Lip Plumper | Champagne Cushion Cut,Lip Gloss,lip_gloss,lip_gloss <- 'lip gloss' in product_type|title,False,False
Physicians Formula,drugstore,10034477596981,mineral-wear-diamond-lip-plumper-brilliant-berry-diamond,Mineral Wear® Diamond Lip Plumper | Brilliant Berry Diamond,Lip Gloss,lip_gloss,lip_gloss <- 'lip gloss' in product_type|title,False,False
Physicians Formula,drugstore,10034477531445,mineral-wear-diamond-lip-plumper-diamond-marquise,Mineral Wear® Diamond Lip Plumper | Diamond Marquise,Lip Gloss,lip_gloss,lip_gloss <- 'lip gloss' in product_type|title,False,False
Physicians Formula,drugstore,10034477400373,mineral-wearr-diamond-lip-plumper-pink-radiant-cut,Mineral Wear® Diamond Lip Plumper | Pink Radiant Cut,Lip Gloss,lip_gloss,lip_gloss <- 'lip gloss' in product_type|title,False,False
Physicians Formula,drugstore,10034477302069,mineral-wearr-diamond-lip-plumper-light-pink-princess-cut,Mineral Wear® Diamond Lip Plumper | Light Pink Princess Cut,Lip Gloss,lip_gloss,lip_gloss <- 'lip gloss' in product_type|title,False,False
Physicians Formula,drugstore,10034477138229,matte-monoi-butter-bronzer-dark-brown,Matte Monoi Butter Bronzer | Matte Deep Bronzer,Blushes & Bronzers,bronzer,bronzer <- 'bronzer' in product_type|title,False,False
Physicians Formula,drugstore,10034476974389,mineral-wear-diamond-dust-starlit-glow,Mineral Wear® Diamond Dust | Starlit Glow,Face Powder,pressed_powder,pressed_powder <- 'face powder' in product_type|title,False,False
Physicians Formula,drugstore,10034476876085,rose-all-day-pencil-sharpener,Rosé All Day 3-in-1 Pencil Sharpener,Makeup Brushes,excluded,excluded by the set/kit/tool/non-makeup word list,False,False
Physicians Formula,drugstore,10034476745013,butter-blowout-mascara-black,Butter Blowout Mascara,Mascaras,mascara,mascara <- 'mascara' in product_type|title,False,False
Physicians Formula,drugstore,10034476679477,matte-monoi-butter-bronzer-matte-sunkissed-bronzer,Matte Monoi Butter Bronzer | Matte Sunkissed Bronzer,Blushes & Bronzers,bronzer,bronzer <- 'bronzer' in product_type|title,False,False
Physicians Formula,drugstore,10034476613941,matte-monoi-butter-bronzer-matte-bronzer,Matte Monoi Butter Bronzer | Matte Bronzer,Blushes & Bronzers,bronzer,bronzer <- 'bronzer' in product_type|title,False,False
Physicians Formula,drugstore,10034475172149,all-star-face-palette,All-Star Face Palette,Cosmetic Sets,excluded,excluded by the set/kit/tool/non-makeup word list,False,False
Physicians Formula,drugstore,10034474090805,rose-kiss-all-day-velvet-lip-color-wine-dine,Rosé Kiss All Day Velvet Lip Color | Wine and Dine,Lipsticks,lipstick,lipstick <- 'lipstick' in product_type|title,False,False
Physicians Formula,drugstore,10034471010613,rose-kiss-all-day-velvet-lip-color-pillow-talk,Rosé Kiss All Day Velvet Lip Color | Pillow Talk,Lipsticks,lipstick,lipstick <- 'lipstick' in product_type|title,False,False
Physicians Formula,drugstore,10034470584629,rose-kiss-all-day-glossy-lip-color-xoxo,Rosé Kiss All Day Glossy Lip Color | Xoxo,Lip Gloss,lip_gloss,lip_gloss <- 'lip gloss' in product_type|title,False,False
Physicians Formula,drugstore,10034470486325,rose-kiss-all-day-glossy-lip-color-blushing-mauve,Rosé Kiss All Day Glossy Lip Color | Blushing Mauve,Lip Gloss,lip_gloss,lip_gloss <- 'lip gloss' in product_type|title,False,False
Physicians Formula,drugstore,10034470125877,rose-kiss-all-day-glossy-lip-color-blind-date,Rosé Kiss All Day Glossy Lip Color | Blind Date,Lip Gloss,lip_gloss,lip_gloss <- 'lip gloss' in product_type|title,False,False
Physicians Formula,drugstore,10034469830965,rose-all-day-set-glow-brightening-rose,Rosé All Day Set & Glow | Brightening Rose,Face Powder,excluded,excluded by the set/kit/tool/non-makeup word list,False,False
Physicians Formula,drugstore,10034469470517,rose-all-play-eyeshadow-bouquet,Rosé All Play Eyeshadow Bouquet,Eye Shadows,eyeshadow_single,eyeshadow_single <- 'eye shadow' in product_type|title,False,False
Physicians Formula,drugstore,10034469273909,24-karat-gold-face-palette,24-Karat Gold Face Palette,Face Makeup,unclassified,no §7 rule matched,False,False
Physicians Formula,drugstore,10034469077301,murumuru-butter-bronzer-palette,Murumuru Butter Bronzer Palette,Blushes & Bronzers,bronzer,bronzer <- 'bronzer' in product_type|title,False,False
Physicians Formula,drugstore,10034468946229,murumuru-butter-glow-face-palette,Murumuru Butter Glow Face Palette,Blushes & Bronzers,bronzer,bronzer <- 'bronzer' in product_type|title,False,False
Physicians Formula,drugstore,10034468192565,organic-wear-nutrient-mist-facial-spray,Organic Wear Nutrient Mist Facial Spray,Toners & Astringents,unclassified,no §7 rule matched,False,False
Physicians Formula,drugstore,10034467832117,2019-orgainc-wear-fake-out-mascara-black,Organic Wear Fake Out Mascara,Mascaras,mascara,mascara <- 'mascara' in product_type|title,False,False
Physicians Formula,drugstore,10034467373365,organic-wear-tinted-lip-treatment-tickled-pink,Organic Wear Tinted Lip Treatment | Tickled Pink,Lip Balms,lipstick,lipstick <- 'lip balm' in product_type|title,False,False
Physicians Formula,drugstore,10034464915765,rose-all-day-petal-glow-shimmering-rose,Rosé All Day Petal Glow | Shimmering Rose,Blushes & Bronzers,bronzer,bronzer <- 'bronzer' in product_type|title,False,False
Physicians Formula,drugstore,10034464850229,rose-all-day-petal-glow-petal-pink,Rosé All Day Petal Glow | Petal Pink,Blushes & Bronzers,bronzer,bronzer <- 'bronzer' in product_type|title,False,False
Physicians Formula,drugstore,10034464391477,eye-booster-waterproof-ultra-fine-liquid-eyeliner-blackest-black,Eye Booster Waterproof Ultra-Fine Liquid Eyeliner | Blackest Black,Eyeliner,out_of_scope,out of scope <- 'eyeliner' (not a §7 category),False,False
Physicians Formula,drugstore,10034464194869,rose-all-night-eye-cream,Rosé All Day To Night Eye Cream,Eye Creams,excluded,excluded by the set/kit/tool/non-makeup word list,False,False
Physicians Formula,drugstore,10034464096565,rose-all-day-moisturizer,Rosé All Day Moisturizer,Face Moisturizers,excluded,excluded by the set/kit/tool/non-makeup word list,False,False
Physicians Formula,drugstore,10034463834421,mineral-wear-loose-powder-medium-beige,Mineral Wear Loose Powder | Medium Beige,Face Powder,setting_powder,setting_powder <- 'loose powder' in product_type|title,False,False
Physicians Formula,drugstore,10034463768885,mineral-wear-loose-powder-creamy-natural,Mineral Wear Loose Powder | Creamy Natural,Face Powder,setting_powder,setting_powder <- 'loose powder' in product_type|title,False,False
Physicians Formula,drugstore,10034463539509,rose-all-stay-illuminating-setting-spray,Rosé All Stay Illuminating Setting Spray,Makeup Finishing Sprays,setting_spray,setting_spray <- 'finishing spray' in product_type|title,False,False
Physicians Formula,drugstore,10034463441205,lash-mixologist-3-in-1-mascara,Lash Mixologist 3-in-1 Mascara,Mascaras,excluded,excluded by the set/kit/tool/non-makeup word list,False,False
Physicians Formula,drugstore,10034463310133,murumuru-butter-eyeshadow-palette-sultry-nights,Murumuru Butter Eyeshadow Palette | Sultry Nights,Eye Shadows,eyeshadow_palette,eyeshadow_palette <- 'eyeshadow palette' in product_type|title,False,False
Physicians Formula,drugstore,10034463277365,murumuru-butter-eyeshadow-palette-tropical-days,Murumuru Butter Eyeshadow Palette | Tropical Days,Eye Shadows,eyeshadow_palette,eyeshadow_palette <- 'eyeshadow palette' in product_type|title,False,False
Physicians Formula,drugstore,10034463179061,eye-booster-gel-eyeliner-trio-black-1,Eye Booster Gel Eyeliner Trio | Black,Eyeliner,excluded,excluded by the set/kit/tool/non-makeup word list,False,False
Physicians Formula,drugstore,10034462589237,physicians-formula-metallic-makeup-bag,Physicians Formula Metallic Makeup Bag,Makeup Bags,excluded,excluded by the set/kit/tool/non-makeup word list,False,False
Physicians Formula,drugstore,10034462458165,skin-booster-vitamin-shot-brightening,Skin Booster Vitamin Shot | Brightening,Face Serums,unclassified,no §7 rule matched,False,False
Physicians Formula,drugstore,10034462425397,skin-booster-vitamin-shot-hydrating,Skin Booster Vitamin Shot | Hydrating,Face Serums,unclassified,no §7 rule matched,False,False
Physicians Formula,drugstore,10034462228789,the-perfect-matcha-3-in-1-melting-cleansing-balm,The Perfect Matcha 3-in-1 Melting Cleansing Balm,Makeup Removers,unclassified,no §7 rule matched,False,False
Physicians Formula,drugstore,10034461737269,argan-wear-ultra-nourishing-argan-oil-7276,Argan Wear™ Ultra-Nourishing Argan Oil,Body Oil,excluded,excluded by the set/kit/tool/non-makeup word list,False,False
Physicians Formula,drugstore,10034461475125,rose-all-day-serum,Rosé All Day Serum,Face Serums,excluded,excluded by the set/kit/tool/non-makeup word list,False,False
Physicians Formula,drugstore,10034460721461,butter-highlighter-pearl,Murumuru Butter Highlighter | Pearl,Highlighters & Luminizers,highlighter,highlighter <- 'highlight' in product_type|title,False,False
Physicians Formula,drugstore,10034460131637,powder-paletter-mineral-glow-pearls-translucent-pearl,Powder Palette® Mineral Glow Pearls | Translucent Pearl,Highlighters & Luminizers,highlighter,highlighter <- 'highlight' in product_type|title,False,False
Physicians Formula,drugstore,10034459771189,powder-paletter-mineral-glow-pearls-beige-pearl,Powder Palette® Mineral Glow Pearls | Beige Pearl,Highlighters & Luminizers,highlighter,highlighter <- 'highlight' in product_type|title,False,False
Physicians Formula,drugstore,10034458591541,powder-paletter-mineral-glow-pearls-light-bronze,Powder Palette® Mineral Glow Pearls | Bronze,Highlighters & Luminizers,highlighter,highlighter <- 'highlight' in product_type|title,False,False
Physicians Formula,drugstore,10034458526005,powder-paletter-mineral-glow-pearls-bronze,Powder Palette® Mineral Glow Pearls | Light Bronze,Highlighters & Luminizers,highlighter,highlighter <- 'highlight' in product_type|title,False,False
Physicians Formula,drugstore,10034458231093,murumuru-butter-butter-blush-saucy-mauve,Murumuru Butter Blush | Saucy Mauve,Blushes & Bronzers,bronzer,bronzer <- 'bronzer' in product_type|title,False,False
Physicians Formula,drugstore,10034458100021,murumuru-butter-butter-blush-beachy-peach,Murumuru Butter Blush | Beachy Peach,Blushes & Bronzers,bronzer,bronzer <- 'bronzer' in product_type|title,False,False
Physicians Formula,drugstore,10034458034485,ph-matchmaker-ph-powered-lip-gloss,pH Matchmaker pH Powered Lip Gloss,Lip Gloss,lip_gloss,lip_gloss <- 'lip gloss' in product_type|title,False,False
Physicians Formula,drugstore,10034457870645,murumuru-butter-butter-blush-vintage-rouge,Murumuru Butter Butter Blush | Vintage Rouge,Blushes & Bronzers,bronzer,bronzer <- 'bronzer' in product_type|title,False,False
Physicians Formula,drugstore,10034457706805,bronze-booster-highlight-contour-palette-shimmer-glow-palette,Bronze Booster Highlight & Contour Palette | Shimmer Strobing,Highlighters & Luminizers,highlighter,highlighter <- 'highlight' in product_type|title,False,False
Physicians Formula,drugstore,10034457411893,mineral-wearr-talc-free-mineral-face-powder-buff-beige,Mineral Wear® Talc-Free Mineral Face Powder | Buff Beige,Face Powder,pressed_powder,pressed_powder <- 'face powder' in product_type|title,False,False
Physicians Formula,drugstore,10034457313589,mineral-wear-talc-free-mineral-pressed-face-powder-creamy-natural,Mineral Wear® Talc Free Mineral Pressed Face Powder | Creamy Natural,Face Powder,pressed_powder,pressed_powder <- 'face powder' in product_type|title,False,False
Physicians Formula,drugstore,10034457182517,mineral-wear-talc-free-mineral-face-powder-translucent,Mineral Wear® Talc-Free Mineral Face Powder | Translucent,Face Powder,setting_powder,setting_powder <- 'translucent' in product_type|title,False,False
Physicians Formula,drugstore,10034457051445,physicians-formula-mineral-wear-talc-free-mineral-airbrushing-pressed-powder-creamy-natural,Mineral Wear® Talc-Free Mineral Airbrushing Pressed Powder | Creamy Natural,Face Powder,pressed_powder,pressed_powder <- 'face powder' in product_type|title,False,False
Physicians Formula,drugstore,10034456985909,mineral-wear-talc-free-mineral-airbrushing-pressed-powder-translucent,Mineral Wear® Talc-Free Mineral Airbrushing Pressed Powder | Translucent,Face Powder,setting_powder,setting_powder <- 'translucent' in product_type|title,False,False
Physicians Formula,drugstore,10034456887605,mineral-wearr-talc-free-mineral-airbrushing-pressed-powder-beige,Mineral Wear® Talc-Free Mineral Airbrushing Pressed Powder | Beige,Face Powder,pressed_powder,pressed_powder <- 'face powder' in product_type|title,False,False
Physicians Formula,drugstore,10034456625461,butter-bronzer-murumuru-butter-bronzer-sculpting-bronzer,Murumuru Butter Bronzer | Sculpting Bronzer,Blushes & Bronzers,bronzer,bronzer <- 'bronzer' in product_type|title,False,False
Physicians Formula,drugstore,10034456559925,butter-bronzer-murumuru-butter-bronzer-sunset-bronzer,Murumuru Butter Butter Bronzer | Sunset Bronzer,Blushes & Bronzers,bronzer,bronzer <- 'bronzer' in product_type|title,False,False
Physicians Formula,drugstore,10034456428853,butter-bronzer-murumuru-butter-bronzer-brazilian-glow,Murumuru Butter Bronzer | Brazilian Glow,Blushes & Bronzers,bronzer,bronzer <- 'bronzer' in product_type|title,False,False
Physicians Formula,drugstore,10034456396085,butter-bronzer-murumuru-butter-bronzer-endless-summer,Murumuru Butter Bronzer | Endless Summer,Blushes & Bronzers,bronzer,bronzer <- 'bronzer' in product_type|title,False,False
Physicians Formula,drugstore,10034456330549,murumuru-butter-bronzer-deep-bronzer,Murumuru Butter Bronzer | Deep Bronzer,Blushes & Bronzers,bronzer,bronzer <- 'bronzer' in product_type|title,False,False
Physicians Formula,drugstore,10034456232245,murumuru-butter-bronzer-sunkissed-bronzer,Murumuru Butter Bronzer | Sunkissed Bronzer,Blushes & Bronzers,bronzer,bronzer <- 'bronzer' in product_type|title,False,False
Physicians Formula,drugstore,10034456133941,plump-potiontm-needle-free-lip-plumping-cocktail-pink-crystal-potion,Plump Potion™ Needle-Free Lip Plumping Cocktail,Lip Balms & Treatments,lip_gloss,lip_gloss <- 'plumping' in product_type|title,False,False
Physicians Formula,drugstore,10034456068405,murumuru-butter-butter-bronzer-bronzer,Murumuru Butter Bronzer | Bronzer,Blushes & Bronzers,bronzer,bronzer <- 'bronzer' in product_type|title,False,False
Physicians Formula,drugstore,10034455970101,physicians-formula-murumuru-butter-butter-bronzer-light-bronzer,Murumuru Butter Bronzer | Light Bronzer,Blushes & Bronzers,bronzer,bronzer <- 'bronzer' in product_type|title,False,False
Physicians Formula,drugstore,10034455871797,powder-paletter-multi-colored-face-powder-light-bronzer,Powder Palette® Multi-Colored Face Powder | Light Bronzer,Blushes & Bronzers,bronzer,bronzer <- 'bronzer' in product_type|title,False,False
Physicians Formula,drugstore,10034455642421,powder-paletter-multi-colored-face-powder-bronzer,Powder Palette® Multi-Colored Face Powder | Bronzer,Blushes & Bronzers,bronzer,bronzer <- 'bronzer' in product_type|title,False,False
Physicians Formula,drugstore,10034455609653,powder-paletter-multi-colored-face-powder-translucent,Powder Palette® Multi-Colored Face Powder | Translucent,Face Powder,setting_powder,setting_powder <- 'translucent' in product_type|title,False,False
Physicians Formula,drugstore,10034455576885,powder-paletter-multi-colored-face-powder-healthy-glow-bronzer,Powder Palette® Multi-Colored Face Powder | Healthy Glow Bronzer,Blushes & Bronzers,bronzer,bronzer <- 'bronzer' in product_type|title,False,False
Physicians Formula,drugstore,10034455347509,powder-paletter-multi-colored-face-powder-buff,Powder Palette® Multi-Colored Face Powder | Buff,Face Powder,pressed_powder,pressed_powder <- 'face powder' in product_type|title,False,False
Physicians Formula,drugstore,10034455150901,powder-paletter-multi-colored-face-powder-beige,Powder Palette® Multi-Colored Face Powder | Beige,Face Powder,pressed_powder,pressed_powder <- 'face powder' in product_type|title,False,False
Physicians Formula,drugstore,10034454724917,magic-mosaicr-multi-colored-custom-pressed-powder-light-bronzer-bronzer,Magic Mosaic® Multi-Colored Custom Pressed Powder | Light Bronzer/Bronzer,Blushes & Bronzers,bronzer,bronzer <- 'bronzer' in product_type|title,False,False
Physicians Formula,drugstore,10034454561077,magic-mosaicr-multi-colored-custom-pressed-powder-warm-beige-light-bronzer,Magic Mosaic® Multi-Colored Custom Pressed Powder | Warm Beige/Light Bronzer,Face Powder,bronzer,bronzer <- 'bronzer' in product_type|title,False,False
Physicians Formula,drugstore,10034454200629,powder-paletter-multi-colored-blush-blushing-rose,Powder Palette® Multi-Colored Blush | Blushing Rose,Blushes & Bronzers,bronzer,bronzer <- 'bronzer' in product_type|title,False,False
Physicians Formula,drugstore,10034454069557,powder-paletter-multi-colored-blush-blushing-berry,Powder Palette® Multi-Colored Blush | Blushing Berry,Blushes & Bronzers,bronzer,bronzer <- 'bronzer' in product_type|title,False,False
Physicians Formula,drugstore,10034453905717,powder-paletter-multi-colored-blush-blushing-natural,Powder Palette® Multi-Colored Blush | Blushing Natural,Blushes & Bronzers,bronzer,bronzer <- 'bronzer' in product_type|title,False,False
Physicians Formula,drugstore,10034453709109,powder-paletter-multi-colored-blush-blushing-peach,Powder Palette® Multi-Colored Blush | Blushing Peach,Blushes & Bronzers,bronzer,bronzer <- 'bronzer' in product_type|title,False,False
Physicians Formula,drugstore,10034453381429,bronze-booster-glow-boosting-season-to-seasontm-bronzer-light-to-medium,Bronze Booster Glow-Boosting Season-to-Season Bronzer | Light to Medium,Blushes & Bronzers,bronzer,bronzer <- 'bronzer' in product_type|title,False,False
Physicians Formula,drugstore,10034453217589,bronze-booster-glow-boosting-season-to-seasontm-bronzer-medium-to-dark,Bronze Booster Glow-Boosting Season-to-Season Bronzer | Medium to Dark,Blushes & Bronzers,bronzer,bronzer <- 'bronzer' in product_type|title,False,False
Physicians Formula,drugstore,10034452562229,bronze-booster-glow-boosting-pressed-bronzer-light-to-medium,Bronze Booster Glow-Boosting Pressed Bronzer | Light to Medium,Blushes & Bronzers,bronzer,bronzer <- 'bronzer' in product_type|title,False,False
Physicians Formula,drugstore,10034452267317,bronze-booster-glow-boosting-baked-bronzer-light-to-medium,Bronze Booster Glow-Boosting Baked Bronzer | Light to Medium,Blushes & Bronzers,bronzer,bronzer <- 'bronzer' in product_type|title,False,False
Physicians Formula,drugstore,10034451808565,happy-boostertm-glow-mood-boosting-blush-rose,Happy Booster™ Blush | Rose,Blushes & Bronzers,bronzer,bronzer <- 'bronzer' in product_type|title,False,False
Physicians Formula,drugstore,10034451579189,happy-booster-glow-and-mood-boosting-blush-natural,Happy Booster™ Glow & Mood Boosting Blush | Natural,Blushes & Bronzers,bronzer,bronzer <- 'bronzer' in product_type|title,False,False
Physicians Formula,drugstore,10034433622325,shimmer-strips-custom-eye-enhancing-shadow-liner-universal-looks-nude-eyes,"Shimmer Strips Custom Eye Enhancing Shadow & Liner, Universal Looks | Nude Eyes",Eye Shadows,out_of_scope,out of scope <- 'liner' (not a §7 category),False,False
Physicians Formula,drugstore,10034433589557,shimmer-strips-custom-eye-enhancing-eyeliner-trio-universal-looks-nude-eyes,"Shimmer Strips Custom Eye Enhancing Eyeliner Trio, Universal Looks | Nude Eyes",Eyeliner,excluded,excluded by the set/kit/tool/non-makeup word list,False,False
Physicians Formula,drugstore,10034433524021,physicians-formula-super-cc-color-correction-care-cc-cream-light-medium,Super CC Color-Correction + Care CC Cream | Light/Medium,Foundations & Concealers,excluded,excluded by the set/kit/tool/non-makeup word list,False,False
Physicians Formula,drugstore,10034433392949,super-bb-all-in-1-beauty-balm-powder-light-medium,Super BB All-in-1 Beauty Balm Powder,Foundations & Concealers,concealer,concealer <- 'concealer' in product_type|title,False,False
Physicians Formula,drugstore,10034433294645,eye-booster-instant-lash-extension-kit-6910,Eye Booster™ Instant Lash Extension Kit,Mascaras,excluded,excluded by the set/kit/tool/non-makeup word list,False,False
Physicians Formula,drugstore,10034433229109,shimmer-strips-custom-eye-enhancing-extreme-shimmer-shadow-liner-nude,Shimmer Strips Custom Eye Enhancing Extreme Shimmer Shadow & Liner | Nude,Eye Shadows,out_of_scope,out of scope <- 'liner' (not a §7 category),False,False
Physicians Formula,drugstore,10034433130805,shimmer-strips-custom-eye-enhancing-extreme-shimmer-shadow-liner-smoky,Shimmer Strips Custom Eye Enhancing Extreme Shimmer Shadow & Liner | Smoky,Eye Shadows,out_of_scope,out of scope <- 'liner' (not a §7 category),False,False
Physicians Formula,drugstore,10034433065269,shimmer-strips-custom-eye-enhancing-extreme-shimmer-shadow-liner-glam-nude,Shimmer Strips Custom Eye Enhancing Extreme Shimmer Shadow & Liner | Glam Nude,Eye Shadows,out_of_scope,out of scope <- 'liner' (not a §7 category),False,False
Physicians Formula,drugstore,10034432868661,gentle-coverr-yellow,Gentle Cover® | Yellow,Foundations & Concealers,concealer,concealer <- 'concealer' in product_type|title,False,False
Physicians Formula,drugstore,10034432803125,gentle-cover-light,Gentle Cover® | Light,Foundations & Concealers,concealer,concealer <- 'concealer' in product_type|title,False,False
Physicians Formula,drugstore,10034432704821,super-bb-all-in-1-beauty-balm-cream-light-medium,Super BB | Light/Medium,Foundations & Concealers,excluded,excluded by the set/kit/tool/non-makeup word list,False,False
Physicians Formula,drugstore,10034432573749,ultra-fine-liquid-eyeliner-black,Ultra-Fine Liquid Eyeliner | Black,Eyeliner,out_of_scope,out of scope <- 'eyeliner' (not a §7 category),False,False
Physicians Formula,drugstore,10034432442677,eye-boostertm-lash-2-in-1-boosting-eyeliner-serum-deep-brown,Ultra-Fine Liquid Eyeliner | Deep Brown,Eyeliner,excluded,excluded by the set/kit/tool/non-makeup word list,False,False
Physicians Formula,drugstore,10034432082229,concealer-twinsr-2-in-1-correct-cover-cream-concealer-green-light,Concealer Twins® 2-in-1 Correct & Cover Cream Concealer | Green/Light,Foundations & Concealers,excluded,excluded by the set/kit/tool/non-makeup word list,False,False
Physicians Formula,drugstore,10034432016693,concealer-twinsr-2-in-1-correct-cover-cream-concealer-yellow-light,Concealer Twins® 2-in-1 Correct & Cover Cream Concealer,Foundations & Concealers,excluded,excluded by the set/kit/tool/non-makeup word list,False,False
Pixi,mid_range,7780416159840,tote-bag-with-25-gold-foil-print-sca_clone_freegift,‍Pixi 25th Anniversary Tote Bag (100% off),,excluded,excluded by the set/kit/tool/non-makeup word list,False,False
Pixi,mid_range,7773375660128,vitamin-c-remedy-mask-sca_clone_freegift,‍Vitamin-C Remedy Mask (100% off),,unclassified,no §7 rule matched,True,False
Pixi,mid_range,7773375234144,flawless-beauty-primer-sca_clone_freegift,‍Flawless Beauty Primer (100% off),,primer,primer <- 'primer' in product_type|title,True,False
Pixi,mid_range,7765986345056,on-the-glow-superglow-petite,On-the-Glow SUPERGLOW Petite,highlighter,highlighter,highlighter <- 'highlight' in product_type|title,False,False
Pixi,mid_range,7765982216288,on-the-glow-bronze-petite,On-the-Glow BRONZE Petite,bronzer,bronzer,bronzer <- 'bronzer' in product_type|title,False,False
Pixi,mid_range,7766868263008,petra-pixipetite-glow-edit,Petra’s PixiPetite Glow Edit,Skincare Bundle,excluded,excluded by the set/kit/tool/non-makeup word list,False,False
Pixi,mid_range,7765968617568,clarity-tonic-petite,Clarity Tonic Petite Size,Toner,unclassified,no §7 rule matched,False,False
Pixi,mid_range,7765963735136,dream-y-mist-petite,Dream-y Mist Petite Size,Moisturizers & Mists,unclassified,no §7 rule matched,False,False
Pixi,mid_range,7765962850400,vitamin-wakeup-mist-petite,Vitamin Wakeup Mist Petite Size,Moisturizer & Mist,excluded,excluded by the set/kit/tool/non-makeup word list,False,False
Pixi,mid_range,7765959606368,clarity-cleanser-petite,Clarity Cleanser Petite Size,Cleanser,excluded,excluded by the set/kit/tool/non-makeup word list,False,False
Pixi,mid_range,7765573435488,liptone-petite,LipTone Petite Size,Lip Gloss,lip_gloss,lip_gloss <- 'lip gloss' in product_type|title,False,False
Pixi,mid_range,7765572943968,hydra-liptreat-petite,+Hydra LipTreat Petite Size,,unclassified,no §7 rule matched,False,False
Pixi,mid_range,7762551439456,skintreats-best-sellers-trio,Skintreats Best Sellers Trio,Skincare Bundle,excluded,excluded by the set/kit/tool/non-makeup word list,False,False
Pixi,mid_range,7758719123552,beautifeye-single-use-eye-patches-sca_clone_freegift,‍BeautifEYE Single-Use Eye Patches (100% off),,unclassified,no §7 rule matched,False,False
Pixi,mid_range,7755167334496,rose-glow-y-powder-sca_clone_freegift,‍+Rose Glow-y Powder (100% off),,pressed_powder,pressed_powder <- 'powder' in product_type|title,True,False
Pixi,mid_range,7755167301728,c-vit-glow-y-powder-sca_clone_freegift,‍+C Vit Glow-y Powder (100% off),,pressed_powder,pressed_powder <- 'powder' in product_type|title,False,False
Pixi,mid_range,7753632415840,collagen-tonic-250ml-sca_clone_freegift,‍Botanical Collagen Tonic Original Size (100% off),,unclassified,no §7 rule matched,True,False
Pixi,mid_range,7753096462432,volume-sheet-mask-single-sca_clone_freegift,‍Volume Sheet Mask (Single) (100% off),,unclassified,no §7 rule matched,False,False
Pixi,mid_range,7743612715104,volume-sheet-mask-single,Volume Sheet Mask (Single),Masks,unclassified,no §7 rule matched,False,False
Pixi,mid_range,7752480948320,rose-lip-nourisher-sca_clone_freegift,‍+Rose Lip Nourisher (100% off),,unclassified,no §7 rule matched,True,False
Pixi,mid_range,7750927548512,handhero-fragrance-trio,HandHero Hand Lotion Fragrance Trio,Moisturizer,excluded,excluded by the set/kit/tool/non-makeup word list,False,False
Pixi,mid_range,7749852692576,handhero-pixirose,HandHero - PixiRose,Moisturizer,excluded,excluded by the set/kit/tool/non-makeup word list,False,False
Pixi,mid_range,7749851742304,handhero-pixifig,HandHero - PixiFig,Moisturizer,excluded,excluded by the set/kit/tool/non-makeup word list,False,False
Pixi,mid_range,7749848170592,handhero-piximimosa,HandHero - PixiMimosa,Moisturizer,excluded,excluded by the set/kit/tool/non-makeup word list,False,False
Pixi,mid_range,7749831458912,rose-ceramide-lippatch-sca_clone_freegift,‍Rose Ceramide LipPatch (100% off),,unclassified,no §7 rule matched,False,False
Pixi,mid_range,7744555745376,beautifeye-duo,BeautifEYE Duo,Skincare Bundle,excluded,excluded by the set/kit/tool/non-makeup word list,False,False
Pixi,mid_range,7743627788384,date-night-duo,Date Night Duo,Lipstick,excluded,excluded by the set/kit/tool/non-makeup word list,False,False
Pixi,mid_range,7743627264096,petras-overnight-reset,Petra's Overnight Reset,Lip Care,unclassified,no §7 rule matched,False,False
Pixi,mid_range,7743626772576,everyday-glow-duo,Everyday Glow Duo,Lipstick,excluded,excluded by the set/kit/tool/non-makeup word list,False,False
Pixi,mid_range,7743625658464,pixi-signature-duo,Pixi Signature Duo,Lipstick,excluded,excluded by the set/kit/tool/non-makeup word list,False,False
Pixi,mid_range,7743401558112,glow-mist-sca_clone_freegift,‍Glow Mist (100% off),,unclassified,no §7 rule matched,True,False
Pixi,mid_range,7743401033824,vitamin-c-lippatch-set-of-3-sca_clone_freegift,‍Vitamin-C LipPatch (Set of 3) (100% off),,excluded,excluded by the set/kit/tool/non-makeup word list,False,False
Pixi,mid_range,7743400444000,vitamin-c-tonic-sca_clone_freegift,‍Vitamin-C Tonic Travel Size (100% off),,unclassified,no §7 rule matched,False,False
Pixi,mid_range,7740592455776,makeup-travel-bag-sca_clone_freegift,‍Makeup Travel Bag (100% off),,excluded,excluded by the set/kit/tool/non-makeup word list,False,False
Pixi,mid_range,7734485712992,rose-tonic-40ml-sca_clone_freegift,‍Rose Tonic Mini Size (100% off),,unclassified,no §7 rule matched,False,False
Pixi,mid_range,7734089220192,vitamin-c-tonic-to-go-sca_clone_freegift,‍Vitamin-C Tonic To-Go (100% off),,unclassified,no §7 rule matched,False,False
Pixi,mid_range,7734089187424,glow-tonic-to-go-sca_clone_freegift,‍Glow Tonic To-Go (100% off),,unclassified,no §7 rule matched,False,False
Pixi,mid_range,9128378499,glow-peel-pads,Glow Peel Pads,Exfoliator,unclassified,no §7 rule matched,False,False
Pixi,mid_range,4376525242464,c-vit-priming-oil,+C Vit Priming Oil,Serums & Oils,excluded,excluded by the set/kit/tool/non-makeup word list,False,False
Pixi,mid_range,6603628806240,c-vit-brightening-trio,+C Vit Brightening Trio,,excluded,excluded by the set/kit/tool/non-makeup word list,False,False
Pixi,mid_range,7517171581024,pixi-ultimate-starter-kit,Pixi Ultimate Starter Kit,Skincare Bundle,excluded,excluded by the set/kit/tool/non-makeup word list,False,False
Pixi,mid_range,7457184776288,pixi-starter-kit,Pixi Starter Kit,Skincare Bundle,excluded,excluded by the set/kit/tool/non-makeup word list,False,False
Pixi,mid_range,7727919792224,naturellelip-sca_clone_freegift,‍NaturelleLip (100% off),,unclassified,no §7 rule matched,False,False
Pixi,mid_range,7719986331744,handhero-trio-set-of-3,HandHero Trio (Set of 3),,excluded,excluded by the set/kit/tool/non-makeup word list,False,False
Pixi,mid_range,7703838392416,glow-on-the-go,Glow On-the-Go,Makeup Bundle,excluded,excluded by the set/kit/tool/non-makeup word list,False,False
Pixi,mid_range,7703815913568,glow-edit,Glow Edit,Skincare Bundle,excluded,excluded by the set/kit/tool/non-makeup word list,False,False
Pixi,mid_range,7476696121440,mini-vitamin-c-tonic-1,Vitamin-C Tonic Petite Size,Tonic,unclassified,no §7 rule matched,False,False
Pixi,mid_range,7713107607648,vitamin-c-cleansing-cloths-sca_clone_freegift,‍Vitamin-C Cleansing Cloths (100% off),,unclassified,no §7 rule matched,False,False
Pixi,mid_range,4376612634720,c-vit-brightening-perfector,+C Vit Brightening Perfector,Brightener,unclassified,no §7 rule matched,False,False
Pixi,mid_range,7551067062368,mini-glow-mud-cleanserr,Glow Mud Cleanser Petite Size,,excluded,excluded by the set/kit/tool/non-makeup word list,False,False
Pixi,mid_range,7703781671008,glow-tonic-cleansing-gel-sca_clone_freegift,‍Glow Tonic Cleansing Gel (100% off),,unclassified,no §7 rule matched,False,False
Pixi,mid_range,7703781638240,glow-mud-cleanser-sca_clone_freegift,‍Glow Mud Cleanser (100% off),,excluded,excluded by the set/kit/tool/non-makeup word list,False,False
Pixi,mid_range,7703781572704,clarity-cleanser-sca_clone_freegift,‍Clarity Cleanser (100% off),,excluded,excluded by the set/kit/tool/non-makeup word list,False,False
Pixi,mid_range,7703781539936,rose-cream-cleanser-sca_clone_freegift,‍Rose Cream Cleanser (100% off),,excluded,excluded by the set/kit/tool/non-makeup word list,False,False
Pixi,mid_range,7701044658272,glow-brighten-shield,"Glow, Brighten & SHIELD",Skincare Bundle,excluded,excluded by the set/kit/tool/non-makeup word list,False,False
Pixi,mid_range,7701043839072,glow-hydrate-shield,"Glow, Hydrate & SHIELD",Skincare Bundle,excluded,excluded by the set/kit/tool/non-makeup word list,False,False
Pixi,mid_range,7699222167648,shield-your-glow-duo,SHIELD & Glow Tonic Duo,Skincare Bundle,excluded,excluded by the set/kit/tool/non-makeup word list,False,False
Pixi,mid_range,7469867597920,suntreats-trio,SunTreats Trio,Skincare Bundle,excluded,excluded by the set/kit/tool/non-makeup word list,False,False
Pixi,mid_range,7696553377888,overnight-glow-serum-sca_clone_freegift,‍Overnight Glow Serum (100% off),,excluded,excluded by the set/kit/tool/non-makeup word list,True,False
Pixi,mid_range,7696553345120,vitamin-c-serum-sca_clone_freegift,‍Vitamin-C Serum (100% off),,excluded,excluded by the set/kit/tool/non-makeup word list,True,False
Pixi,mid_range,7696553279584,hydrating-milky-serum-sca_clone_freegift,‍Hydrating Milky Serum (100% off),,excluded,excluded by the set/kit/tool/non-makeup word list,False,False
Pixi,mid_range,7696553246816,glow-tonic-serum-sca_clone_freegift,‍Glow Tonic Serum (100% off),,excluded,excluded by the set/kit/tool/non-makeup word list,False,False
Pixi,mid_range,7696551903328,clarity-concentrate-sca_clone_freegift,‍Clarity Concentrate (100% off),,unclassified,no §7 rule matched,True,False
Pixi,mid_range,7696551870560,rose-oil-blend-sca_clone_freegift,‍Rose Oil Blend (100% off),,excluded,excluded by the set/kit/tool/non-makeup word list,False,False
Pixi,mid_range,7696551837792,collagen-retinol-serum-sca_clone_freegift,‍Botanical Collagen & Retinol Serum (100% off),,excluded,excluded by the set/kit/tool/non-makeup word list,False,False
Pixi,mid_range,7696528834656,pro-prep-trio,Pro Prep Trio,Makeup Bundle,excluded,excluded by the set/kit/tool/non-makeup word list,False,False
Pixi,mid_range,7693877182560,beauty-blush-duo-kabuki-sca_clone_freegift,‍Beauty Blush Duo + Kabuki (100% off),,excluded,excluded by the set/kit/tool/non-makeup word list,False,False
Pixi,mid_range,7686328189024,dream-yeye-single-use-eye-patches-sca_clone_freegift,‍Dream-yEYE Single-Use Eye Patches (100% off),,unclassified,no §7 rule matched,False,False
Pixi,mid_range,7686328156256,dream-y-satin-pillowcase-sca_clone_freegift,‍Dream-y Satin Pillowcase (100% off),,unclassified,no §7 rule matched,False,False
Pixi,mid_range,7685811863648,mini-glow-tonic-cleansing-gel-1,Glow Tonic Cleansing Gel Petite Size,Facial Cleanser,excluded,excluded by the set/kit/tool/non-makeup word list,False,False
Pixi,mid_range,7669309833312,mini-glow-tonic-cleansing-gel,Glow Tonic Cleansing Gel Petite Size,Facial Cleanser,excluded,excluded by the set/kit/tool/non-makeup word list,False,False
Pixi,mid_range,2256124837984,mini-glow-mud-mask-1,Glow Mud Mask Petite Size,GWP,unclassified,no §7 rule matched,False,True
Pixi,mid_range,6553646301280,mini-vitamin-c-lotion-15ml,Vitamin-C Lotion Petite Size,Samples,unclassified,no §7 rule matched,False,False
Pixi,mid_range,7685792006240,sharpener-sca_clone_freegift,‍Sharpener (100% off),,unclassified,no §7 rule matched,False,False
Pixi,mid_range,7685791318112,glowin-twenty-five-sca_clone_freegift,‍Glowin' TwentyFive (100% off),,unclassified,no §7 rule matched,False,False
Pixi,mid_range,7684446748768,festival-glow-ready-faves,Festival Glow-Ready Faves,Skincare Bundle,excluded,excluded by the set/kit/tool/non-makeup word list,False,False
Pixi,mid_range,7683903389792,petras-travel-glow-edit,Petra's Travel Glow Edit,Skincare Bundle,excluded,excluded by the set/kit/tool/non-makeup word list,False,False
Pixi,mid_range,7658428366944,dream-y-satin-pillowcase,Dream-y Satin Pillowcase,Accessory,unclassified,no §7 rule matched,False,False
Pixi,mid_range,7465078554720,eye-patch-best-sellers-trio,Eye Patch Best Sellers Trio,Under Eye,excluded,excluded by the set/kit/tool/non-makeup word list,False,False
Pixi,mid_range,7238563659872,full-makeup-brush-collection,Full Makeup Brush Collection,,excluded,excluded by the set/kit/tool/non-makeup word list,False,False
Pixi,mid_range,7668668563552,blush-brush-sca_clone_freegift,‍Blush Brush (100% off),,excluded,excluded by the set/kit/tool/non-makeup word list,False,False
Pixi,mid_range,7487170150496,mini-hydrating-milky-mist-30ml-sca_clone_freegift,‍Mini Hydrating Milky Mist (100% off),,unclassified,no §7 rule matched,False,False
Pixi,mid_range,7654136545376,retinol-tonic-mini-size-sca_clone_freegift,‍Retinol Tonic Mini Size (100% off),,unclassified,no §7 rule matched,False,False
Pixi,mid_range,7654136447072,mini-glow-mist-30ml-sca_clone_freegift,‍Mini Glow Mist (100% off),,unclassified,no §7 rule matched,False,False
Pixi,mid_range,7654136414304,glow-tonic-mini-sizee-sca_clone_freegift,‍Glow Tonic Mini Size (100% off),,unclassified,no §7 rule matched,False,False
Pixi,mid_range,7647462850656,piximotion-kit,PixiMotion Kit,Skincare Bundle,excluded,excluded by the set/kit/tool/non-makeup word list,False,False
Pixi,mid_range,7641590235232,lipglow-sca_clone_freegift,‍LipGlow (100% off),,unclassified,no §7 rule matched,False,False
Pixi,mid_range,7631851683936,vitamin-c-lippatch-set-of-3,Vitamin-C LipPatch (Set of 3),Lip Care,excluded,excluded by the set/kit/tool/non-makeup word list,False,False
Pixi,mid_range,7631851552864,rose-ceramide-lippatch-set-of-3,Rose Ceramide LipPatch (Set of 3),Lip Care,excluded,excluded by the set/kit/tool/non-makeup word list,False,False
Pixi,mid_range,7464114028640,dream-yeye-single-use-eye-patches,Dream-yEYE Single-Use Eye Patches,Undereye,unclassified,no §7 rule matched,False,False
Pixi,mid_range,7464111898720,beautifeye-single-use-eye-patches,BeautifEYE Single-Use Eye Patches,Under Eye,unclassified,no §7 rule matched,False,False
Pixi,mid_range,7464109768800,fortifeye-single-use-eye-patches,FortifEYE Single-Use Eye Patches,Under Eye,unclassified,no §7 rule matched,False,False
Pixi,mid_range,7627396710496,glow-go-favourites,Glow & Go Favourites!,Skincare Bundle,excluded,excluded by the set/kit/tool/non-makeup word list,False,False
Pixi,mid_range,7579697938528,natural-brow-duo-sca_clone_freegift,‍Natural Brow Duo (100% off),,excluded,excluded by the set/kit/tool/non-makeup word list,False,False
Pixi,mid_range,7579688108128,liplift-mini-max-peony-bloom-sca_clone_freegift,‍Mini LipLift Max Peony Bloom (100% off),,unclassified,no §7 rule matched,False,False
Pixi,mid_range,7579687878752,mini-flawless-beauty-primer-1-sca_clone_freegift,‍Mini Flawless Beauty Primer (100% off),,primer,primer <- 'primer' in product_type|title,False,False
Pixi,mid_range,7579046314080,on-the-glow-blush-new-shades-set,On-the-Glow BLUSH New Shades Set,blush,excluded,excluded by the set/kit/tool/non-makeup word list,False,False
Pixi,mid_range,7578756546656,choose-your-on-the-glow-blush-trio,Choose Your On-the-Glow Blush Trio,blush,excluded,excluded by the set/kit/tool/non-makeup word list,False,False
Pixi,mid_range,7578510590048,choose-your-liquidglow-blush-trio,Choose Your LiquidGlow Blush Trio,blush,excluded,excluded by the set/kit/tool/non-makeup word list,False,False
Pixi,mid_range,7557787877472,pixi-eye-patch-library,Pixi Eye Patch Library (Set of 5),Undereye,excluded,excluded by the set/kit/tool/non-makeup word list,False,False
Pixi,mid_range,7562258874464,beautifeye-glow-essentials,BeautifEYE Glow Essentials,Skincare Bundle,excluded,excluded by the set/kit/tool/non-makeup word list,False,False
Pixi,mid_range,7562248912992,vitamin-c-trio,Vitamin-C Trio,Skincare Bundle,excluded,excluded by the set/kit/tool/non-makeup word list,False,False
Pixi,mid_range,7560467382368,antioxidant-essentials,Antioxidant Essentials,Skincare Bundle,excluded,excluded by the set/kit/tool/non-makeup word list,False,False
Pixi,mid_range,7560458895456,antioxidant-duo,Antioxidant Duo,Skincare Bundle,excluded,excluded by the set/kit/tool/non-makeup word list,False,False
Pixi,mid_range,7560461320288,antioxidant-radiance-quartet,Antioxidant Radiance Quartet,Skincare Bundle,excluded,excluded by the set/kit/tool/non-makeup word list,False,False
Pixi,mid_range,7557771198560,antioxifeye-eye-mask-goggles-1-mask,AntioxifEYE Eye Mask Goggles (1 Mask),Undereye,unclassified,no §7 rule matched,False,False
Pixi,mid_range,7554491973728,liquidglow-blush,LiquidGlow Blush,blush,powder_blush,powder_blush <- 'blush' in product_type|title,False,False
Pixi,mid_range,7554491580512,gradualglow-self-tan-petite-size,GradualGlow Self-Tan Petite Size,Self Tanner,unclassified,no §7 rule matched,False,False
Pixi,mid_range,7554491187296,gradualglow-self-tan-serum-original-size,GradualGlow Self-Tan Serum Original Size,Self Tanner,excluded,excluded by the set/kit/tool/non-makeup word list,False,False
Pixi,mid_range,7554490794080,roll-on-beautifeye-serum-original-size,Roll-On BeautifEYE Serum Original Size,Undereye,excluded,excluded by the set/kit/tool/non-makeup word list,False,False
Pixi,mid_range,7554490368096,roll-on-beautifeye-serum-petite-size,Roll-On BeautifEYE Serum Petite Size,Undereye,excluded,excluded by the set/kit/tool/non-makeup word list,False,False
Pixi,mid_range,7554490204256,roll-on-antioxifeye-serum-petite-size,Roll-On AntioxifEYE Serum Petite Size,Undereye,excluded,excluded by the set/kit/tool/non-makeup word list,False,False
Pixi,mid_range,7554489942112,roll-on-antioxifeye-serum-original-size,Roll-On AntioxifEYE Serum Original Size,Undereye,excluded,excluded by the set/kit/tool/non-makeup word list,False,False
Pixi,mid_range,7554489614432,antioxifeye-eye-mask-goggles-set-of-3,AntioxifEYE Eye Mask Goggles (Set of 3),Undereye,excluded,excluded by the set/kit/tool/non-makeup word list,False,False
Pixi,mid_range,7554487648352,antioxidant-mist-petite-size,Antioxidant Mist Petite Size,Moisturizers & Mists,unclassified,no §7 rule matched,False,False
Pixi,mid_range,7554487386208,antioxidant-mist-original-size,Antioxidant Mist Original Size,Moisturizers & Mists,unclassified,no §7 rule matched,False,False
Pixi,mid_range,7554485518432,superberry-cleansing-whip,SuperBerry Cleansing Whip,Facial Cleanser,excluded,excluded by the set/kit/tool/non-makeup word list,False,False
Pixi,mid_range,7554485289056,vitamin-c-cremeserum,Vitamin-C CremeSerum,Serums & Oils,unclassified,no §7 rule matched,False,False
Pixi,mid_range,7559082344544,plump-collagen-boost-sca_clone_freegift,‍Volume Sheet Mask (100% off),,unclassified,no §7 rule matched,False,False
Pixi,mid_range,7559082311776,vitamin-c-sheet-mask-sca_clone_freegift,‍Vitamin C Sheet Mask (100% off),,unclassified,no §7 rule matched,False,False
Pixi,mid_range,7559082246240,glow-glycolic-boost-sca_clone_freegift,‍GLOW Sheet Mask (100% off),,unclassified,no §7 rule matched,False,False
Pixi,mid_range,7487170084960,detoxifeye-single-eye-patches-sca_clone_freegift,‍DetoxifEYE Single-Use Eye Patches (100% off),,unclassified,no §7 rule matched,False,False
Pixi,mid_range,7440715808864,vitamin-c-lippatch-sca_clone_freegift,‍Vitamin-C LipPatch (100% off),,unclassified,no §7 rule matched,False,False
Pixi,mid_range,7552312705120,pixi-maryam-maquillage-grwm-routine,Pixi + Maryam Maquillage GRWM Routine,Makeup Bundle,excluded,excluded by the set/kit/tool/non-makeup word list,False,False
Pixi,mid_range,1400443699296,mesmerizing-mineral-duo-2,Mesmerizing Mineral Duo,,excluded,excluded by the set/kit/tool/non-makeup word list,False,False
Pixi,mid_range,7554174779488,rose-glow-mist-sca_clone_freegift,‍Rose Glow Mist (100% off),,unclassified,no §7 rule matched,True,False
Pixi,mid_range,7554174746720,hydrating-milky-mist-sca_clone_freegift,‍Hydrating Milky Mist (100% off),,unclassified,no §7 rule matched,True,False
Pixi,mid_range,7554174713952,dream-y-mist-sca_clone_freegift,‍Dream-y Mist (100% off),,unclassified,no §7 rule matched,True,False
Pixi,mid_range,7554174681184,clarity-mist-sca_clone_freegift,‍Clarity Mist (100% off),,unclassified,no §7 rule matched,False,False
Pixi,mid_range,7554174582880,vitamin-c-capsulecare-sca_clone_freegift,‍Vitamin-C CapsuleCare (100% off),,unclassified,no §7 rule matched,False,False
Pixi,mid_range,7554174550112,retinol-capsulecare-sca_clone_freegift,‍Retinol CapsuleCare (100% off),,unclassified,no §7 rule matched,False,False
Pixi,mid_range,7550006919264,endless-silky-eye-pen-sca_clone_freegift,‍Endless Silky Eye Pen (100% off),,unclassified,no §7 rule matched,False,False
Pixi,mid_range,7548119416928,ultimate-skincare-set,Ultimate Skincare Set,Skincare Bundle,excluded,excluded by the set/kit/tool/non-makeup word list,False,False
Pixi,mid_range,7548851748960,ultimate-glow-skin-routine-set,Ultimate Glow Skin Routine Set,Skincare Bundle,excluded,excluded by the set/kit/tool/non-makeup word list,False,False
Pixi,mid_range,7548581150816,face-cloth-sca_clone_freegift,‍Face Cloth (100% off),,unclassified,no §7 rule matched,False,False
Pixi,mid_range,7548111618144,on-the-glow-starter-kit,On-the-Glow Starter Kit,Makeup Bundle,excluded,excluded by the set/kit/tool/non-makeup word list,False,False
Pixi,mid_range,7548111093856,morning-glow-kit,Morning Glow Kit,Skincare Bundle,excluded,excluded by the set/kit/tool/non-makeup word list,False,False
Pixi,mid_range,7546112901216,choose-your-liquid-fairy-lights-trio,Choose Your Liquid Fairy Lights Trio,shadow,excluded,excluded by the set/kit/tool/non-makeup word list,False,False
Pixi,mid_range,7546107625568,liquid-fairy-lights-all-shades,Liquid Fairy Lights,shadow,eyeshadow_single,eyeshadow_single <- 'shadow' in product_type|title,False,False
Pixi,mid_range,7465010102368,day-night-eye-patch-duo,Day & Night Eye Patch Duo,Under Eye,excluded,excluded by the set/kit/tool/non-makeup word list,False,False
Pixi,mid_range,7319279173728,detoxifeye-duo,DetoxifEYE Duo,Under Eye,excluded,excluded by the set/kit/tool/non-makeup word list,False,False
Pixi,mid_range,7476696416352,mini-vitamin-c-tonic-1-sca_clone_freegift,‍Mini Vitamin-C Tonic (100% off),,unclassified,no §7 rule matched,False,False
Pixi,mid_range,7545074548832,glow-tonic-to-go-dual-packette-sca_clone_freegift,‍Glow Tonic To-Go Dual Packette (100% off),,unclassified,no §7 rule matched,False,False
Pixi,mid_range,7539227852896,pixiperfume-pixirose-sample,PixiPerfume - PixiRose Sample,GWP,excluded,excluded by the set/kit/tool/non-makeup word list,False,False
Pixi,mid_range,7539227820128,pixiperfume-piximimosa-sample,PixiPerfume - PixiMimosa Sample,GWP,excluded,excluded by the set/kit/tool/non-makeup word list,False,False
Pixi,mid_range,7539227754592,pixiperfume-pixifig-sample,PixiPerfume - PixiFig Sample,GWP,excluded,excluded by the set/kit/tool/non-makeup word list,False,False
Pixi,mid_range,7519671910496,pixiperfume-eau-de-parfum-gift-trio,PixiPerfume Eau de Parfum - Gift Trio,Perfume,excluded,excluded by the set/kit/tool/non-makeup word list,False,False
Pixi,mid_range,7519671877728,pixiperfume-eau-de-parfum-piximimosa-sample,PixiPerfume Eau de Parfum - PixiMimosa Sample,Perfume,excluded,excluded by the set/kit/tool/non-makeup word list,False,False
Pixi,mid_range,7519671844960,pixiperfume-eau-de-parfum-pixirose-sample,PixiPerfume Eau de Parfum - PixiRose Sample,Perfume,excluded,excluded by the set/kit/tool/non-makeup word list,False,False
Pixi,mid_range,7519671812192,pixiperfume-eau-de-parfum-pixifig-sample,PixiPerfume Eau de Parfum - PixiFig Sample,Perfume,excluded,excluded by the set/kit/tool/non-makeup word list,False,False
Pixi,mid_range,7519671779424,pixiperfume-eau-de-parfum-piximimosa,PixiPerfume Eau de Parfum - PixiMimosa,Perfume,unclassified,no §7 rule matched,False,False
Pixi,mid_range,7519671713888,pixiperfume-eau-de-parfum-pixirose,PixiPerfume Eau de Parfum - PixiRose,Perfume,unclassified,no §7 rule matched,False,False
Pixi,mid_range,7519671681120,pixiperfume-eau-de-parfum-pixifig,PixiPerfume Eau de Parfum - PixiFig,Perfume,unclassified,no §7 rule matched,False,False
Pixi,mid_range,7523970121824,mystery-eye-conic-duo-product-2,Mystery Eye-conic Duo - Product 2,GWP,excluded,excluded by the set/kit/tool/non-makeup word list,False,False
Pixi,mid_range,7523962683488,mystery-eye-conic-duo-product-1,Mystery Eye-conic Duo - Product 1,GWP,excluded,excluded by the set/kit/tool/non-makeup word list,False,False
Pixi,mid_range,7505757241440,pixi-maryam-dream-y-lit-kit,Pixi + Maryam Maquillage Dream-y Lit Kit | MaryamNYC Limited Edition,Makeup Bundle,excluded,excluded by the set/kit/tool/non-makeup word list,False,False
Pixi,mid_range,7505757110368,pixi-maryam-mattelast-liquid-lip-siesta-peach,Pixi + Maryam MatteLast Liquid Lip - Siesta Peach | MaryamNYC Limited Edition,Lipstick,liquid_lipstick,liquid_lipstick <- 'liquid lip' in product_type|title,False,False
Pixi,mid_range,7505757012064,pixi-maryam-mattelast-liquid-lip-fiesta-red,Pixi + Maryam MatteLast Liquid Lip - Fiesta Red | MaryamNYC Limited Edition,Lipstick,liquid_lipstick,liquid_lipstick <- 'liquid lip' in product_type|title,False,False
Pixi,mid_range,7505756782688,pixi-maryam-anywhere-gloss,Pixi + Maryam Maquillage Anywhere Gloss | MaryamNYC Limited Edition,highlighter,lip_gloss,lip_gloss <- 'gloss' in product_type|title,False,False
Pixi,mid_range,7529117581408,sheer-cheek-gel-sca_clone_freegift,‍Sheer Cheek Gel (100% off),,unclassified,no §7 rule matched,False,False
Pixi,mid_range,7524997726304,glow-go-trio,Glow & Go Trio,Makeup Bundle,excluded,excluded by the set/kit/tool/non-makeup word list,False,False
Pixi,mid_range,7505756323936,tonic-trio-kit,Tonic Trio Kit,Toner,excluded,excluded by the set/kit/tool/non-makeup word list,False,False
Pixi,mid_range,7505756094560,glow-hydrate-duo-petite-sizes,Glow & Hydrate Duo - Petite Sizes,Toner,excluded,excluded by the set/kit/tool/non-makeup word list,False,False
Pixi,mid_range,7505755635808,eye-patch-trio,Eye Patch Trio,Under Eye,excluded,excluded by the set/kit/tool/non-makeup word list,False,False
Pixi,mid_range,7505755537504,best-of-pixi-holiday-edition,Best of Pixi - Holiday Edition,Skincare Bundle,excluded,excluded by the set/kit/tool/non-makeup word list,False,False
Pixi,mid_range,7505753374816,on-the-glow-blush-duo-petite-sizes,On-the-Glow BLUSH Duo - Petite Sizes,blush,excluded,excluded by the set/kit/tool/non-makeup word list,False,False
Pixi,mid_range,7505753112672,hydra-liptreat-duo,+Hydra LipTreat Duo,lip balm,excluded,excluded by the set/kit/tool/non-makeup word list,False,False
Pixi,mid_range,7521457438816,night-nourish-kit,Night Nourish Kit,Skincare Bundle,excluded,excluded by the set/kit/tool/non-makeup word list,False,False
Pixi,mid_range,7513898811488,clear-skin-reset-kit,Clear Skin Reset Kit,Skincare Bundle,excluded,excluded by the set/kit/tool/non-makeup word list,False,False
Pixi,mid_range,7506055430240,rose-glow-routine,Rose Glow Routine,Skincare Bundle,excluded,excluded by the set/kit/tool/non-makeup word list,False,False
Pixi,mid_range,7506054774880,perfect-glow-kit,Perfect Glow Kit,Skincare Bundle,excluded,excluded by the set/kit/tool/non-makeup word list,False,False
Pixi,mid_range,7513975881824,fresh-start-essential-kit,Fresh Start Essential Kit,Skincare Bundle,excluded,excluded by the set/kit/tool/non-makeup word list,False,False
Pixi,mid_range,7511214751840,makeup-melting-cleansing-cloths-set-of-5,Makeup Melting Cleansing Cloths Set of 5,Face Makeup Remover,excluded,excluded by the set/kit/tool/non-makeup word list,False,False
Pixi,mid_range,7511214784608,glow-tonic-cleansing-cloths-set-of-5,Glow Tonic Cleansing Cloths Set of 5,Face Makeup Remover,excluded,excluded by the set/kit/tool/non-makeup word list,False,False
Pixi,mid_range,7511214817376,vitamin-c-cleansing-cloths-set-of-5,Vitamin-C Cleansing Cloths Set of 5,Face Makeup Remover,excluded,excluded by the set/kit/tool/non-makeup word list,False,False
Pixi,mid_range,7511213703264,vitamin-c-cleansing-cloths,Vitamin-C Cleansing Cloths,Face Makeup Remover,excluded,excluded by the set/kit/tool/non-makeup word list,False,False
Pixi,mid_range,6647297015904,vitamin-c-tonic-15ml,Vitamin-C Tonic Free Sample,Free Sample,excluded,excluded by the set/kit/tool/non-makeup word list,False,False
Pixi,mid_range,7457172455520,test-glow-mud-cleanser-mini-size-copy,Glow Mud Cleanser Petite Size,Custom Bundle,excluded,excluded by the set/kit/tool/non-makeup word list,False,False
Pixi,mid_range,6565298995296,hydrating-milky-tonic-15ml,Milky Tonic Free Sample,Free Sample,excluded,excluded by the set/kit/tool/non-makeup word list,False,False
Pixi,mid_range,4288764739680,best-of-tonics-vault,Best of Tonics Vault,Skincare Bundle,excluded,excluded by the set/kit/tool/non-makeup word list,False,False
Pixi,mid_range,7487159304288,detoxifeye-5-pairs,DetoxifEYE Patches Travel Size Set of 5,Under Eye,excluded,excluded by the set/kit/tool/non-makeup word list,False,False
Pixi,mid_range,7487157796960,detoxifeye-3-pairs,DetoxifEYE Patches Travel Size Set of 3,Under Eye,excluded,excluded by the set/kit/tool/non-makeup word list,False,False
Pixi,mid_range,7485776068704,sharpener,Sharpener,Makeup Tool,excluded,excluded by the set/kit/tool/non-makeup word list,False,False
Pixi,mid_range,7482105823328,makeup-melting-cleansing-cloths,Makeup Melting Cleansing Cloths,Face Makeup Remover,excluded,excluded by the set/kit/tool/non-makeup word list,False,False
Pixi,mid_range,7469780598880,shield-glow-bundle,SHIELD & Glow Bundle,Makeup Bundle,excluded,excluded by the set/kit/tool/non-makeup word list,False,False
Pixi,mid_range,7469272006752,on-the-glow-shield-trio,On-the-Glow SHIELD SPF 50 Sunscreen Trio (Set of 3),Face Sun Screen & Spray,excluded,excluded by the set/kit/tool/non-makeup word list,False,False
Pixi,mid_range,7469270433888,on-the-glow-shield-duo,On-the-Glow SHIELD SPF 50 Sunscreen Duo (Set of 2),Face Sun Screen & Spray,excluded,excluded by the set/kit/tool/non-makeup word list,False,False
Pixi,mid_range,7467074617440,on-the-glow-shield,On-the-Glow SHIELD SPF 50,Face Sun Screen & Spray,unclassified,no §7 rule matched,False,False
Pixi,mid_range,7462620037216,makeup-travel-bag,Makeup Travel Bag,Bag,excluded,excluded by the set/kit/tool/non-makeup word list,False,False
Pixi,mid_range,7468586795104,prime-n-glow-bundle,Prime N' Glow Bundle,Makeup Bundle,excluded,excluded by the set/kit/tool/non-makeup word list,False,False
Pixi,mid_range,7468577390688,glow-n-set-bundle,Glow N' Set Bundle,Makeup Bundle,excluded,excluded by the set/kit/tool/non-makeup word list,False,False
Pixi,mid_range,7468566806624,glow-n-blur-bundle,Glow N' Blur Bundle,Makeup Bundle,excluded,excluded by the set/kit/tool/non-makeup word list,False,False
Pixi,mid_range,7468529188960,glowgetter-trio,GlowGetter Trio,Makeup Bundle,excluded,excluded by the set/kit/tool/non-makeup word list,False,False
Pixi,mid_range,7464442822752,mini-vitamin-c-tonic,Vitamin-C Tonic Free Sample,,excluded,excluded by the set/kit/tool/non-makeup word list,False,False
Pixi,mid_range,6565297586272,vitamin-c-tonic-40ml,Vitamin-C Tonic Petite Size,GWPMEMORIAL,unclassified,no §7 rule matched,False,False
Pixi,mid_range,6661612929120,mini-vitamin-c-cleansing-cloths-gift,Vitamin-C Cleansing Cloths,Sample,excluded,excluded by the set/kit/tool/non-makeup word list,False,False
Pixi,mid_range,6661615419488,mini-milky-cleansing-cloths,Milky Cleansing Cloths,Sample,excluded,excluded by the set/kit/tool/non-makeup word list,False,False
Pixi,mid_range,7460757045344,choose-your-endless-silky-eye-trio,Choose Your Endless Silky Eye Trio,Makeup Bundle,excluded,excluded by the set/kit/tool/non-makeup word list,False,False
Pixi,mid_range,7458348007520,radiant-skin-antioxidant-trio,Radiant Skin Antioxidant Trio,Skincare Bundle,excluded,excluded by the set/kit/tool/non-makeup word list,False,False
Pixi,mid_range,7458222178400,choose-your-complete-glow-bundle,Petra's Complete Glow Edit,Makeup Bundle,excluded,excluded by the set/kit/tool/non-makeup word list,False,False
Pixi,mid_range,7457737343072,lash-brow-besties-set,Lash & Brow Besties Set,Makeup Bundle,excluded,excluded by the set/kit/tool/non-makeup word list,False,False
Pixi,mid_range,7456371834976,glow-trio,Glow Trio,Makeup Bundle,excluded,excluded by the set/kit/tool/non-makeup word list,False,False
Pixi,mid_range,7455828836448,ultimate-complexion-besties,Ultimate Complexion Besties,Makeup Bundle,excluded,excluded by the set/kit/tool/non-makeup word list,False,False
Pixi,mid_range,7455799967840,glow-getter-set,Glow Getter Set,Makeup Bundle,excluded,excluded by the set/kit/tool/non-makeup word list,False,False
Pixi,mid_range,7450521469024,blur-colour-set,"Blur, Colour & Set",Makeup Bundle,excluded,excluded by the set/kit/tool/non-makeup word list,False,False
Pixi,mid_range,7441917149280,on-the-glow-blush-petite-collection,On-the-Glow Blush Petite Collection,blush,powder_blush,powder_blush <- 'blush' in product_type|title,False,False
Pixi,mid_range,7441586618464,on-the-glow-blush-petite,On-the-Glow BLUSH Petite,blush,powder_blush,powder_blush <- 'blush' in product_type|title,False,False
Pixi,mid_range,7439427371104,best-of-pixi-bundle,Best Of Pixi Bundle,Skincare Bundle,excluded,excluded by the set/kit/tool/non-makeup word list,False,False
Pixi,mid_range,7432952414304,blemish-sticker-trio,Spot Stickers Trio,Skincare Bundle,excluded,excluded by the set/kit/tool/non-makeup word list,False,False
Pixi,mid_range,7431328628832,retinol-tonic-mini-size,Retinol Tonic Petite Size,Pixi+ Rewards,unclassified,no §7 rule matched,False,False
Pixi,mid_range,7388296839264,blur-set-bundle,Blur & Set Bundle,Makeup Bundle,excluded,excluded by the set/kit/tool/non-makeup word list,False,False
Pixi,mid_range,7388258435168,ultimate-base-bundle,Ultimate BASE Bundle,Makeup Bundle,excluded,excluded by the set/kit/tool/non-makeup word list,False,False
Pixi,mid_range,7216237379680,base-brush,Base Brush,,excluded,excluded by the set/kit/tool/non-makeup word list,False,False
Pixi,mid_range,1505848950880,mist-trio,Misting Must-Haves,Skincare Bundle,excluded,excluded by the set/kit/tool/non-makeup word list,False,False
Pixi,mid_range,7408363470944,skincare-sampler-kit,Skincare Sampler Kit,Skincare Bundle,excluded,excluded by the set/kit/tool/non-makeup word list,False,False
Pixi,mid_range,7408617455712,vitamin-c-tonic-sample-size,Vitamin-C Tonic Sample Size,Toner,excluded,excluded by the set/kit/tool/non-makeup word list,False,False
Pixi,mid_range,7408607199328,milky-tonic-sample-size,Milky Tonic Sample Size,Tonic,excluded,excluded by the set/kit/tool/non-makeup word list,False,False
Pixi,mid_range,7404914540640,mini-mesmerizing-mineral-duo-naturally-nude,Mesmerizing Mineral Duo Petite Size - Naturally Nude,,excluded,excluded by the set/kit/tool/non-makeup word list,False,False
Pixi,mid_range,7404914475104,mini-mesmerizing-mineral-duo-mineral-bronze,Mesmerizing Mineral Duo Petite Size - Mineral Bronze,,excluded,excluded by the set/kit/tool/non-makeup word list,False,False
Pixi,mid_range,7404278120544,glow-besties-bundle,Glow Besties Bundle,Makeup Bundle,excluded,excluded by the set/kit/tool/non-makeup word list,False,False
Pixi,mid_range,7388291629152,complexion-heroes,Complexion Heroes,Makeup Bundle,excluded,excluded by the set/kit/tool/non-makeup word list,False,False
Pixi,mid_range,7388455338080,complexion-collection,Complexion Collection,Makeup Bundle,excluded,excluded by the set/kit/tool/non-makeup word list,False,False
Pixi,mid_range,6553646497888,mini-vitamin-c-caviar-balm-15ml,Vitamin-C Caviar Balm Petite Size,Masks,unclassified,no §7 rule matched,False,False
Pixi,mid_range,7385806602336,lipmask-trio,LipMask Trio,Makeup Bundle,excluded,excluded by the set/kit/tool/non-makeup word list,False,False
Pixi,mid_range,1991784038496,best-of-pixi-facial-mist-duo,Best of Mists Duo,Skincare Bundle,excluded,excluded by the set/kit/tool/non-makeup word list,False,False
Pixi,mid_range,4513543880800,glow-duo-mist,Glow Mist Duo,Skincare Bundle,excluded,excluded by the set/kit/tool/non-makeup word list,False,False
Pixi,mid_range,7375102607456,on-the-glow-superglow-collection,On-the-Glow SuperGlow Collection,Makeup Bundle,excluded,excluded by the set/kit/tool/non-makeup word list,False,False
Pixi,mid_range,2257998577760,mini-flawless-beauty-primer-1,Flawless Beauty Primer Petite Size,Makeup Base & Primer,primer,primer <- 'primer' in product_type|title,False,False
Pixi,mid_range,7375709569120,the-ultimate-clarity-bundle,Ultimate Clarity Bundle,Skincare Bundle,excluded,excluded by the set/kit/tool/non-makeup word list,False,False
Pixi,mid_range,7359566119008,lip-duo-choose-your-shades,Lip Duo - Choose Your Shades,Makeup Bundle,excluded,excluded by the set/kit/tool/non-makeup word list,False,False
Pixi,mid_range,7373162643552,lippatch,LipPatch,Lips,unclassified,no §7 rule matched,False,False
Pixi,mid_range,4467698892896,mini-peel-polish-1,Free Mini Peel & Polish,Sample,excluded,excluded by the set/kit/tool/non-makeup word list,False,False
Pixi,mid_range,7350564094048,create-your-liptreat-trio,Choose Your +Hydra LipTreat Trio,Cheeks,excluded,excluded by the set/kit/tool/non-makeup word list,False,False
Pixi,mid_range,7350561964128,blush-bronze-duo,Choose Your Blush & Bronze Duo,Cheeks,excluded,excluded by the set/kit/tool/non-makeup word list,False,False
Pixi,mid_range,7350554755168,create-your-glow,Choose Your Glow Trio,,excluded,excluded by the set/kit/tool/non-makeup word list,False,False
Pixi,mid_range,1875141623904,mini-peel-polish,Peel & Polish Petite Size,GWP,excluded,excluded by the set/kit/tool/non-makeup word list,False,False
Pixi,mid_range,1330424873056,glow-tonic-to-go-dual-packette,Glow Tonic To-Go Dual Packette,,unclassified,no §7 rule matched,False,False
Pixi,mid_range,2256124313696,mini-glow-mud-cleanser-2,Glow Mud Cleanser Petite Size,,excluded,excluded by the set/kit/tool/non-makeup word list,False,False
Pixi,mid_range,7327475236960,golden-hour-bronzing-highlight-duo,Golden Hour Duo,bronzer,excluded,excluded by the set/kit/tool/non-makeup word list,False,False
Pixi,mid_range,7327422709856,champagne-fun-bronzing-highlight-duo,Champagne Fun Duo,bronzer,excluded,excluded by the set/kit/tool/non-makeup word list,False,False
Pixi,mid_range,1505845543008,tonic-bundle,Essential Tonic Trio,Toner,excluded,excluded by the set/kit/tool/non-makeup word list,False,False
Pixi,mid_range,7271803813984,own-your-glow-palette-2,Own Your Glow Palette,,unclassified,no §7 rule matched,False,False
Pixi,mid_range,7236065525856,own-your-glow-palette,Own Your Glow Palette,,unclassified,no §7 rule matched,False,False
Pixi,mid_range,7265363198048,vitamin-c-lippatch,Vitamin-C LipPatch,Lip Care,unclassified,no §7 rule matched,False,False
Pixi,mid_range,7265363034208,rose-ceramide-lippatch,Rose Ceramide LipPatch,Lip Care,unclassified,no §7 rule matched,False,False
Pixi,mid_range,7265362509920,detoxifeye-single-eye-patches,DetoxifEYE Single-Use Eye Patches,Under Eye,unclassified,no §7 rule matched,False,False
Pixi,mid_range,7274951475296,liptone-trio,LipTone Trio,Lip Gloss,excluded,excluded by the set/kit/tool/non-makeup word list,False,False
Pixi,mid_range,7265358413920,liptone,LipTone,Lip Gloss,lip_gloss,lip_gloss <- 'lip gloss' in product_type|title,False,False
Pixi,mid_range,7265357824096,lipblush,LipBlush,Lipstick,lipstick,lipstick <- 'lipstick' in product_type|title,False,False
Pixi,mid_range,7265365000288,roll-on-detoxifeye-serum,Roll-On DetoxifEYE Serum,Undereye,excluded,excluded by the set/kit/tool/non-makeup word list,False,False
Rare Beauty,high_end,5216430162055,store-credit-gift-card,Store Credit Gift Card,Store Credit,excluded,excluded by the set/kit/tool/non-makeup word list,False,False
Rare Beauty,high_end,8561285988487,claw-clip,Claw Clip,Hair Accessories,excluded,excluded by the set/kit/tool/non-makeup word list,False,False
Rare Beauty,high_end,8681843327111,rare-moments-eau-de-parfum-rollerball-duo,Rare Moments Eau de Parfum Rollerball Duo,Fragrance,excluded,excluded by the set/kit/tool/non-makeup word list,False,False
Rare Beauty,high_end,8678054690951,rare-beginnings-eau-de-parfum-travel-spray,Rare Beginnings Eau de Parfum Travel Spray,Fragrance,unclassified,no §7 rule matched,True,False
Rare Beauty,high_end,8678054658183,rare-beginnings-eau-de-parfum,Rare Beginnings Eau de Parfum,Fragrance,unclassified,no §7 rule matched,True,False
Rare Beauty,high_end,8678052790407,rare-beginnings-mini-eau-de-parfum-set,Rare Beginnings Mini Eau de Parfum Set,Fragrance,excluded,excluded by the set/kit/tool/non-makeup word list,False,False
Rare Beauty,high_end,8678052757639,fragrance-layering-balm-sweet-marshmallow,Fragrance Layering Balm – Sweet Marshmallow,Fragrance,unclassified,no §7 rule matched,False,False
Rare Beauty,high_end,8678052724871,fragrance-layering-balm-fruity-pear,Fragrance Layering Balm – Fruity Pear,Fragrance,unclassified,no §7 rule matched,False,False
Rare Beauty,high_end,8675621863559,soft-pinch-must-haves-set,Soft Pinch Must-Haves Set,Bundle,excluded,excluded by the set/kit/tool/non-makeup word list,False,False
Rare Beauty,high_end,8671039717511,soft-pinch-lip-cheek-edit,Soft Pinch Lip & Cheek Edit,Bundle,excluded,excluded by the set/kit/tool/non-makeup word list,False,False
Rare Beauty,high_end,8630998958215,soft-pinch-lip-oil-stick,Soft Pinch Lip Oil Stick,Lip Oil Stick,excluded,excluded by the set/kit/tool/non-makeup word list,False,False
Rare Beauty,high_end,8157483106439,rare-eau-de-parfum-peel-away-card,Rare Eau de Parfum Peel & Sniff Card,Sample,excluded,excluded by the set/kit/tool/non-makeup word list,False,False
Rare Beauty,high_end,8578151579783,bahay-kubo-rare-beauty-headband,bahay kubo x Rare Beauty Headband,Hair Accessories,unclassified,no §7 rule matched,False,False
Rare Beauty,high_end,7393272004743,gift-for-good,Gift for Good,flat-donation,excluded,excluded by the set/kit/tool/non-makeup word list,False,False
Rare Beauty,high_end,7375963684999,soft-pinch-liquid-blush-deluxe-sample-hope,Soft Pinch Liquid Blush Deluxe Sample - Hope,Sample,excluded,excluded by the set/kit/tool/non-makeup word list,False,False
Rare Beauty,high_end,8561286054023,soft-pinch-matte-bouncy-blush-mini,Soft Pinch Matte Bouncy Blush Mini,Cream Blush,excluded,excluded by the set/kit/tool/non-makeup word list,False,False
Rare Beauty,high_end,8536155193479,selena-s-lash-brow-duo,Selena’s Lash & Brow Duo,Eye Set,excluded,excluded by the set/kit/tool/non-makeup word list,False,False
Rare Beauty,high_end,8495907537031,rare-eau-de-parfum-fragrance-gift-set,Rare Eau de Parfum Fragrance Gift Set,Fragrance,excluded,excluded by the set/kit/tool/non-makeup word list,False,True
Rare Beauty,high_end,8072305410183,silicone-sponge-case,Silicone Sponge Case,Sponge,excluded,excluded by the set/kit/tool/non-makeup word list,False,False
Rare Beauty,high_end,8437688729735,true-to-myself-natural-matte-longwear-foundation,True to Myself Natural Matte Longwear Foundation,Foundation,foundation,foundation <- 'foundation' in product_type|title,False,False
Rare Beauty,high_end,8422394658951,soft-touch-makeup-blending-sponge,Soft Touch Makeup Blending Sponge,Sponge,excluded,excluded by the set/kit/tool/non-makeup word list,False,False
Rare Beauty,high_end,8418615885959,puffy-makeup-bag-happy,Puffy Makeup Bag - Happy,Bag,excluded,excluded by the set/kit/tool/non-makeup word list,False,False
Rare Beauty,high_end,8428016959623,liquid-blush-brow-gel-duo,Liquid Blush & Brow Gel Duo,Bundle,excluded,excluded by the set/kit/tool/non-makeup word list,False,False
Rare Beauty,high_end,8418615853191,essential-neutrals-eyeshadow-palette,Essential Neutrals Eyeshadow Palette,Eyeshadow,eyeshadow_palette,eyeshadow_palette <- 'eyeshadow palette' in product_type|title,False,False
Rare Beauty,high_end,8418615820423,perfect-strokes-universal-volumizing-mascara-brown,Perfect Strokes Universal Volumizing Mascara - Brown,Mascara,mascara,mascara <- 'mascara' in product_type|title,False,False
Rare Beauty,high_end,8418615787655,perfect-strokes-matte-liquid-liner-brown,Perfect Strokes Matte Liquid Liner - Brown,Eyeliner,brow,brow <- 'brow' in product_type|title,False,False
Rare Beauty,high_end,8420782375047,warm-wishes-powder-bronzer-brush-duo,Warm Wishes Powder Bronzer & Brush Duo,Bundle,excluded,excluded by the set/kit/tool/non-makeup word list,False,False
Rare Beauty,high_end,7674083377287,dry-brush-cleaner,Dry Brush Cleaner,Brush Cleaner,excluded,excluded by the set/kit/tool/non-makeup word list,False,False
Rare Beauty,high_end,8010098835591,soft-pinch-liquid-blush-duo,Soft Pinch Liquid Blush Duo,Blush,excluded,excluded by the set/kit/tool/non-makeup word list,False,False
Rare Beauty,high_end,8148366426247,brow-gel-pencil-duo,Brow Gel & Pencil Duo,Bundle,excluded,excluded by the set/kit/tool/non-makeup word list,False,False
Rare Beauty,high_end,8099870965895,mascara-brow-gel-duo,Mascara & Brow Gel Duo,Bundle,excluded,excluded by the set/kit/tool/non-makeup word list,False,False
Rare Beauty,high_end,8050450235527,liquid-contour-blush-luminizer-custom-set,"Liquid Contour, Blush, & Luminizer Custom Set",Bundle,excluded,excluded by the set/kit/tool/non-makeup word list,False,False
Rare Beauty,high_end,7442775179399,blush-bronze-luminize-custom-set,"Blush, Bronze, & Luminize Custom Set",Bundle,excluded,excluded by the set/kit/tool/non-makeup word list,False,False
Rare Beauty,high_end,8305227038855,angled-powder-brush,Angled Powder Brush,Brushes,excluded,excluded by the set/kit/tool/non-makeup word list,False,False
Rare Beauty,high_end,8301110460551,warm-wishes-soft-matte-powder-bronzer,Warm Wishes Soft Matte Powder Bronzer,Bronzer,bronzer,bronzer <- 'bronzer' in product_type|title,False,False
Rare Beauty,high_end,8299128062087,warm-radiance-mini-blush-luminizer-duo,Warm Radiance Mini Blush & Luminizer Duo,Cheek,excluded,excluded by the set/kit/tool/non-makeup word list,False,False
Rare Beauty,high_end,8279787700359,find-comfort-lip-butter,Find Comfort Lip Butter,Lip Butter,unclassified,no §7 rule matched,False,False
Rare Beauty,high_end,8277716140167,find-comfort-hydrating-body-mousse-to-oil-feel-seen,Find Comfort Hydrating Body Mousse to Oil - Feel Seen,Body Oil,excluded,excluded by the set/kit/tool/non-makeup word list,False,False
Rare Beauty,high_end,8277716107399,find-comfort-body-hair-fragrance-mist-feel-seen,Find Comfort Body & Hair Fragrance Mist - Feel Seen,Body & Hair Mist,excluded,excluded by the set/kit/tool/non-makeup word list,False,False
Rare Beauty,high_end,8092147024007,find-comfort-body-hair-fragrance-mist-duo,Find Comfort Body & Hair Fragrance Mist Duo,Bundle,excluded,excluded by the set/kit/tool/non-makeup word list,False,False
Rare Beauty,high_end,7544417648775,find-comfort-body-lotion-and-pump,Find Comfort Hydrating Body Lotion with Pump,Bundle,excluded,excluded by the set/kit/tool/non-makeup word list,False,False
Rare Beauty,high_end,8136309735559,rare-eau-de-parfum,Rare Eau de Parfum,Fragrance,unclassified,no §7 rule matched,True,False
Rare Beauty,high_end,8231064436871,glass-effect-lip-liner-gloss-duo,Glass Effect Lip Liner & Gloss Duo,Lip Set,excluded,excluded by the set/kit/tool/non-makeup word list,False,False
Rare Beauty,high_end,7620851040391,mini-puffy-tote-keychain,Mini Puffy Tote Keychain,Keychain,unclassified,no §7 rule matched,False,False
Rare Beauty,high_end,6868993179783,puffy-toiletry-bag,Puffy Toiletry Bag,Bag,excluded,excluded by the set/kit/tool/non-makeup word list,False,False
Rare Beauty,high_end,6610858770567,perfect-strokes-universal-volumizing-mascara-mini,Perfect Strokes Universal Volumizing Mascara Mini,Mascara,mascara,mascara <- 'mascara' in product_type|title,False,False
Rare Beauty,high_end,8157483073671,selena-s-faves-mini-fragrance-blush-set,Selena’s Faves Mini Fragrance & Blush Set,Fragrance,excluded,excluded by the set/kit/tool/non-makeup word list,False,True
Rare Beauty,high_end,8157483008135,soft-pinch-cheek-lip-trio,Soft Pinch Cheek & Lip Trio,Lip & Cheek,excluded,excluded by the set/kit/tool/non-makeup word list,False,False
Rare Beauty,high_end,8157482975367,find-comfort-mini-body-essentials-awaken-confidence,Find Comfort Mini Body Essentials - Awaken Confidence,Body Set,excluded,excluded by the set/kit/tool/non-makeup word list,False,False
Rare Beauty,high_end,8140206473351,mini-rare-eau-de-parfum-set,Mini Rare Eau de Parfum Set,Fragrance,excluded,excluded by the set/kit/tool/non-makeup word list,False,False
Rare Beauty,high_end,5132707954823,blot-glow-blotting-paper-refill-100ct,Blot & Glow Blotting Paper Refill,Finishing Powder,setting_powder,setting_powder <- 'finishing powder' in product_type|title,False,False
Rare Beauty,high_end,8136309801095,fragrance-layering-balm-woody-oak,Fragrance Layering Balm - Woody Oak,Fragrance,unclassified,no §7 rule matched,False,False
Rare Beauty,high_end,8136309899399,fragrance-layering-balm-fresh-bergamot,Fragrance Layering Balm - Fresh Bergamot,Fragrance,unclassified,no §7 rule matched,False,False
Rare Beauty,high_end,8136309866631,fragrance-layering-balm-floral-peony-blossom,Fragrance Layering Balm - Floral Peony Blossom,Fragrance,unclassified,no §7 rule matched,False,False
Rare Beauty,high_end,8136309833863,fragrance-layering-balm-amber-vanilla,Fragrance Layering Balm - Amber Vanilla,Fragrance,unclassified,no §7 rule matched,False,False
Rare Beauty,high_end,8136309768327,rare-eau-de-parfum-travel-spray,Rare Eau de Parfum Travel Spray,Fragrance,unclassified,no §7 rule matched,True,False
Rare Beauty,high_end,7515424587911,find-comfort-under-eye-patches,Find Comfort Hydrating Under Eye Patches,Eye Mask,unclassified,no §7 rule matched,False,False
Rare Beauty,high_end,8097458684039,positive-light-luminizing-lip-gloss,Positive Light Luminizing Lip Gloss,Lip Gloss,lip_gloss,lip_gloss <- 'lip gloss' in product_type|title,False,False
Rare Beauty,high_end,7757424296071,true-to-myself-tinted-pressed-finishing-powder,True To Myself Tinted Pressed Finishing Powder,Tinted Powder,setting_powder,setting_powder <- 'finishing powder' in product_type|title,False,False
Rare Beauty,high_end,8071487553671,find-comfort-travel-organizer,Find Comfort Travel Organizer,Bag,excluded,excluded by the set/kit/tool/non-makeup word list,False,False
Rare Beauty,high_end,5140290044039,liquid-touch-brightening-concealer,Liquid Touch Brightening Concealer,Concealer,concealer,concealer <- 'concealer' in product_type|title,False,False
Rare Beauty,high_end,6610858737799,perfect-strokes-universal-volumizing-mascara,Perfect Strokes Universal Volumizing Mascara,Mascara,mascara,mascara <- 'mascara' in product_type|title,False,False
Rare Beauty,high_end,6831218000007,positive-light-under-eye-brightener-1,Positive Light Under Eye Brightener,Under Eye Brightener,unclassified,no §7 rule matched,False,False
Rare Beauty,high_end,7509801173127,find-comfort-hydrating-body-lotion-pump,Find Comfort Hydrating Body Lotion Pump,Lotion,excluded,excluded by the set/kit/tool/non-makeup word list,False,False
Rare Beauty,high_end,7425571291271,soft-pinch-liquid-blush-mini,Soft Pinch Liquid Blush Mini,Blush,liquid_blush,liquid_blush <- 'liquid blush' in product_type|title,False,False
Rare Beauty,high_end,8097458618503,soft-pinch-tinted-lip-oil-mini,Soft Pinch Tinted Lip Oil Mini,Lip Oil,excluded,excluded by the set/kit/tool/non-makeup word list,False,False
Rare Beauty,high_end,7916503335047,find-comfort-bouncy-body-cream,Find Comfort Bouncy Body Cream - Awaken Confidence,Lotion,excluded,excluded by the set/kit/tool/non-makeup word list,False,False
Rare Beauty,high_end,7926657482887,awaken-confidence-scented-candle,Awaken Confidence Scented Candle,Candle,unclassified,no §7 rule matched,False,False
Rare Beauty,high_end,8028427780231,puffy-carryall-tote,Puffy Carryall Tote,Bag,excluded,excluded by the set/kit/tool/non-makeup word list,False,False
Rare Beauty,high_end,7926657450119,find-comfort-claw-clip-awaken-confidence,Find Comfort Claw Clip – Awaken Confidence,Hair Accessories,excluded,excluded by the set/kit/tool/non-makeup word list,False,False
Rare Beauty,high_end,7918405976199,puffy-carryall-tote-awaken-confidence,Puffy Carryall Tote – Awaken Confidence,Bag,excluded,excluded by the set/kit/tool/non-makeup word list,False,False
Rare Beauty,high_end,8022358556807,find-comfort-gentle-exfoliating-body-wash-mini,Find Comfort Gentle Exfoliating Body Wash Mini,Body Wash,excluded,excluded by the set/kit/tool/non-makeup word list,False,False
Rare Beauty,high_end,8022358524039,find-comfort-hydrating-body-lotion-mini,Find Comfort Hydrating Body Lotion Mini,Lotion,excluded,excluded by the set/kit/tool/non-makeup word list,False,False
Rare Beauty,high_end,8022358491271,find-comfort-body-hair-fragrance-mist-mini,Find Comfort Body & Hair Fragrance Mist Mini,Body & Hair Mist,excluded,excluded by the set/kit/tool/non-makeup word list,False,False
Rare Beauty,high_end,7916503269511,find-comfort-body-hair-fragrance-mist-awaken-confidence,Find Comfort Body & Hair Fragrance Mist - Awaken Confidence,Body & Hair Mist,excluded,excluded by the set/kit/tool/non-makeup word list,False,False
Rare Beauty,high_end,8001289781383,soft-pinch-mini-cheek-lip-set,Soft Pinch Mini Cheek & Lip Set,Face,excluded,excluded by the set/kit/tool/non-makeup word list,False,False
Rare Beauty,high_end,7853184286855,selena-s-essential-eye-duo,Selena’s Essential Eye Duo,Mascara,excluded,excluded by the set/kit/tool/non-makeup word list,False,False
Rare Beauty,high_end,7735059611783,soft-touch-powder-puff,Soft Touch Powder Puff,Sponge,excluded,excluded by the set/kit/tool/non-makeup word list,False,False
Rare Beauty,high_end,7670420144263,find-comfort-gentle-exfoliating-body-wash,Find Comfort Gentle Exfoliating Body Wash,Body Wash,excluded,excluded by the set/kit/tool/non-makeup word list,False,False
Rare Beauty,high_end,7439190622343,find-comfort-stop-soothe-aromatherapy-pen,Find Comfort Stop & Soothe Aromatherapy Pen,Body Oil,excluded,excluded by the set/kit/tool/non-makeup word list,False,False
Rare Beauty,high_end,7439190589575,find-comfort-body-hair-fragrance-mist,Find Comfort Body & Hair Fragrance Mist,Body & Hair Mist,excluded,excluded by the set/kit/tool/non-makeup word list,False,False
Rare Beauty,high_end,7439190556807,find-comfort-hydrating-hand-cream,Find Comfort Hydrating Hand Cream,Hand Cream,excluded,excluded by the set/kit/tool/non-makeup word list,False,False
Rare Beauty,high_end,7439190524039,find-comfort-hydrating-body-lotion,Find Comfort Hydrating Body Lotion,Lotion,excluded,excluded by the set/kit/tool/non-makeup word list,False,False
Rare Beauty,high_end,7406238793863,brow-harmony-flexible-lifting-gel,Brow Harmony Tinted Flexible Lifting Gel,Brow Gel,brow,brow <- 'brow' in product_type|title,False,False
Rare Beauty,high_end,6825439789191,positive-light-precision-highlighter-brush,Positive Light Precision Highlighter Brush,Brushes,excluded,excluded by the set/kit/tool/non-makeup word list,False,False
Rare Beauty,high_end,6714340016263,always-an-optimist-4-in-1-mist-mini,Always an Optimist 4-In-1 Mist Mini,Setting Spray,setting_spray,setting_spray <- 'setting spray' in product_type|title,False,False
Rare Beauty,high_end,6636433768583,soft-pinch-blush-brush,Soft Pinch Blush Brush,Brushes,excluded,excluded by the set/kit/tool/non-makeup word list,False,False
Rare Beauty,high_end,7853184385159,soft-pooch-blush-dog-toy-faith,Soft Pooch Blush Dog Toy - Faith,Dog Toy,powder_blush,powder_blush <- 'blush' in product_type|title,False,False
Rare Beauty,high_end,6540287017095,always-an-optimist-weightless-eye-primer,Always an Optimist Weightless Eye Primer,Primer,primer,primer <- 'primer' in product_type|title,False,False
Rare Beauty,high_end,5247177687175,stay-vulnerable-all-over-eyeshadow-brush,Stay Vulnerable All-Over Eyeshadow Brush,Brushes,excluded,excluded by the set/kit/tool/non-makeup word list,False,False
Rare Beauty,high_end,5140251377799,always-an-optimist-illuminating-primer,Always An Optimist Illuminating Primer Mini,Primer,primer,primer <- 'primer' in product_type|title,False,False
Rare Beauty,high_end,6540286984327,always-an-optimist-pore-diffusing-primer-mini,Always an Optimist Pore Diffusing Primer Mini,Primer,primer,primer <- 'primer' in product_type|title,False,False
Rare Beauty,high_end,6540286951559,always-an-optimist-pore-diffusing-primer,Always an Optimist Pore Diffusing Primer,Primer,primer,primer <- 'primer' in product_type|title,False,False
Rare Beauty,high_end,5154776907911,always-an-optimist-illuminating-primer-1,Always an Optimist Illuminating Primer,Primer,primer,primer <- 'primer' in product_type|title,False,False
Rare Beauty,high_end,5132717129863,liquid-touch-foundation-brush,Liquid Touch Foundation Brush,Brushes,excluded,excluded by the set/kit/tool/non-makeup word list,False,False
Rare Beauty,high_end,5132717064327,liquid-touch-concealer-brush,Liquid Touch Concealer Brush,Brushes,excluded,excluded by the set/kit/tool/non-makeup word list,False,False
Rare Beauty,high_end,5132586909831,always-an-optimist-4-in-1-mist-translucent,Always an Optimist 4-In-1 Mist,Setting Spray,setting_spray,setting_spray <- 'setting spray' in product_type|title,False,False
Rare Beauty,high_end,5132721782919,perfect-strokes-matte-liquid-liner-black,Perfect Strokes Matte Liquid Liner - Black,Eyeliner,out_of_scope,out of scope <- 'eyeliner' (not a §7 category),False,False
Rare Beauty,high_end,7388719775879,rare-impact-backpack,Rare Impact Backpack,Bag,excluded,excluded by the set/kit/tool/non-makeup word list,False,False
Rare Beauty,high_end,8022358589575,soft-pinch-matte-bouncy-blush,Soft Pinch Matte Bouncy Blush,Cream Blush,excluded,excluded by the set/kit/tool/non-makeup word list,False,False
Rare Beauty,high_end,7825232134279,mini-puffy-tote-keychain-merlot,Mini Puffy Tote Keychain - Merlot,Bag,excluded,excluded by the set/kit/tool/non-makeup word list,False,False
Rare Beauty,high_end,8001289715847,soft-pinch-liquid-contour,Soft Pinch Liquid Contour,Contour,unclassified,no §7 rule matched,False,False
Rare Beauty,high_end,6822058131591,positive-light-liquid-luminizer-1,Positive Light Liquid Luminizer,Luminizer,unclassified,no §7 rule matched,False,False
Rare Beauty,high_end,7926657417351,puffy-essentials-pouch,Puffy Essentials Pouch,Bag,excluded,excluded by the set/kit/tool/non-makeup word list,False,False
Rare Beauty,high_end,7534183907463,powder-pouch,Powder Pouch,Bag,excluded,excluded by the set/kit/tool/non-makeup word list,False,False
Rare Beauty,high_end,7825232199815,everyday-quarter-zip-sweatshirt,Everyday Quarter Zip Sweatshirt,Sweater,unclassified,no §7 rule matched,False,False
Rare Beauty,high_end,7547573698695,positive-light-liquid-luminizer-mini,Positive Light Liquid Luminizer Mini,Luminizer,unclassified,no §7 rule matched,False,False
Rare Beauty,high_end,7547573665927,soft-pinch-luminous-powder-blush,Soft Pinch Luminous Powder Blush,Powder Blush,powder_blush,powder_blush <- 'blush' in product_type|title,False,False
Rare Beauty,high_end,7422603952263,comfy-sweatpant,Comfy Sweatpants,Pants,unclassified,no §7 rule matched,False,False
Rare Beauty,high_end,7422603919495,comfy-hoodie,Comfy Hoodie,Sweater,unclassified,no §7 rule matched,False,False
Rare Beauty,high_end,7400648736903,brow-harmony-precision-pencil,Brow Harmony Precision Pencil,Brow Pencil,brow,brow <- 'brow' in product_type|title,False,False
Rare Beauty,high_end,7400648671367,all-of-the-above-weightless-eyeshadow-stick,Rare Beauty All of the Above Weightless Eyeshadow Stick,Eyeshadow,eyeshadow_single,eyeshadow_single <- 'eyeshadow' in product_type|title,False,False
Rare Beauty,high_end,7400648638599,perfect-strokes-longwear-gel-eyeliner,Perfect Strokes Longwear Gel Eyeliner,Eyeliner,out_of_scope,out of scope <- 'eyeliner' (not a §7 category),False,False
Rare Beauty,high_end,7370338926727,soft-pinch-tinted-lip-oil,Soft Pinch Tinted Lip Oil,Lip Oil,excluded,excluded by the set/kit/tool/non-makeup word list,False,False
Rare Beauty,high_end,7368260157575,rare-beauty-t-shirt,Rare Beauty T-Shirt,T-Shirt,unclassified,no §7 rule matched,False,False
Rare Beauty,high_end,6825439723655,positive-light-silky-touch-highlighter,Positive Light Silky Touch Highlighter,Highlighter,highlighter,highlighter <- 'highlight' in product_type|title,False,False
Rare Beauty,high_end,6822058459271,liquid-touch-weightless-foundation-1,Liquid Touch Weightless Foundation,Foundation,foundation,foundation <- 'foundation' in product_type|title,False,False
Rare Beauty,high_end,6714339917959,kind-words-matte-lip-liner,Kind Words Matte Lip Liner,Lip Liner,lip_liner,lip_liner <- 'lip liner' in product_type|title,False,False
Rare Beauty,high_end,6713975963783,kind-words-matte-lipstick,Kind Words Matte Lipstick,Lipstick,lipstick,lipstick <- 'lipstick' in product_type|title,False,False
Rare Beauty,high_end,6677056487559,positive-light-tinted-moisturizer-broad-spectrum-spf-20-sunscreen,Positive Light Tinted Moisturizer Broad Spectrum SPF 20 Sunscreen,Tinted Moisturizer,excluded,excluded by the set/kit/tool/non-makeup word list,False,False
Rare Beauty,high_end,6638638760071,warm-wishes-effortless-bronzer-stick,Warm Wishes Effortless Bronzer Stick,Bronzer,bronzer,bronzer <- 'bronzer' in product_type|title,False,False
Rare Beauty,high_end,6638638727303,always-an-optimist-soft-radiance-setting-powder,Always an Optimist Soft Radiance Setting Powder,Setting Powder,setting_powder,setting_powder <- 'setting powder' in product_type|title,False,False
Rare Beauty,high_end,5248928088199,stay-vulnerable-liquid-eyeshadow,Stay Vulnerable Liquid Eyeshadow,Eyeshadow,eyeshadow_single,eyeshadow_single <- 'eyeshadow' in product_type|title,False,False
Rare Beauty,high_end,5248928055431,stay-vulnerable-glossy-lip-balm,Stay Vulnerable Glossy Lip Balm,Lip Balm,lipstick,lipstick <- 'lip balm' in product_type|title,False,False
Rare Beauty,high_end,5248927203463,stay-vulnerable-melting-blush,Stay Vulnerable Melting Blush,Blush,powder_blush,powder_blush <- 'blush' in product_type|title,False,False
Rare Beauty,high_end,5140290928775,soft-pinch-liquid-blush,Soft Pinch Liquid Blush,Blush,liquid_blush,liquid_blush <- 'liquid blush' in product_type|title,False,False
Rare Beauty,high_end,5140289847431,lip-souffle-matte-lip-cream,Lip Soufflé Matte Lip Cream,Lip Cream,excluded,excluded by the set/kit/tool/non-makeup word list,False,False
Rare Beauty,high_end,5144209784967,gift-card,Rare Beauty E-Gift Cards,Gift Card,excluded,excluded by the set/kit/tool/non-makeup word list,False,False
Rare Beauty,high_end,7477236301959,find-comfort-tinted-clutch,Find Comfort Tinted Clutch,Bag,excluded,excluded by the set/kit/tool/non-makeup word list,False,False
Rare Beauty,high_end,7516777382023,puffy-makeup-bag-mauve,Puffy Makeup Bag - Mauve,Bag,excluded,excluded by the set/kit/tool/non-makeup word list,False,False
Rare Beauty,high_end,7515424653447,find-comfort-puffy-toiletry-bag,Puffy Toiletry Bag - Mauve,Bag,excluded,excluded by the set/kit/tool/non-makeup word list,False,False
Rare Beauty,high_end,6867419496583,puffy-traveler-tote,Puffy Traveler Tote,Bag,excluded,excluded by the set/kit/tool/non-makeup word list,False,False
Rare Beauty,high_end,7515424686215,puffy-traveler-tote-black,Puffy Traveler Tote – Black,Bag,excluded,excluded by the set/kit/tool/non-makeup word list,False,False
Rare Beauty,high_end,7515424620679,puffy-belt-bag,Puffy Belt Bag,Bag,excluded,excluded by the set/kit/tool/non-makeup word list,False,False
Rare Beauty,high_end,5247177851015,rare-beauty-decal-stickers,Rare Beauty Decal Stickers,Merch,unclassified,no §7 rule matched,False,False
Rare Beauty,high_end,5153509408903,enamel-stickers,Rare Beauty Enamel Stickers,Merch,unclassified,no §7 rule matched,False,False
Rare Beauty,high_end,5145032982663,makeup-puffy-bag-peach,Puffy Makeup Bag,Bag,excluded,excluded by the set/kit/tool/non-makeup word list,False,False
Saie,high_end,8078212235440,double-ended-eye-shadow-brush,The Double-Ended Eyeshadow Brush,Finished Good,excluded,excluded by the set/kit/tool/non-makeup word list,False,False
Saie,high_end,8099988832432,supersuede-baked-eyeshadow,SuperSuede™ Baked Eyeshadow,Finished Good,eyeshadow_single,eyeshadow_single <- 'eyeshadow' in product_type|title,False,False
Saie,high_end,8099959242928,the-beach-case,The Beach Case,Bundle,excluded,excluded by the set/kit/tool/non-makeup word list,False,False
Saie,high_end,8088479662256,vanity-case-bestseller-bundle,The Bestseller Case,Bundle,excluded,excluded by the set/kit/tool/non-makeup word list,False,False
Saie,high_end,8087386390704,saie-karen-wazen-sunglasses,Saie x Karen Wazen Sunglasses,Bundle,excluded,excluded by the set/kit/tool/non-makeup word list,False,False
Saie,high_end,8078211940528,saie-x-karen-wazen-glasses,Saie x Karen Wazen Glasses,Finished Good,unclassified,no §7 rule matched,False,False
Saie,high_end,7983483879600,mini-cityset-case,Mini CitySet™ Case,Merchandise,excluded,excluded by the set/kit/tool/non-makeup word list,False,False
Saie,high_end,8079524298928,lilac-cosmetic-pouch,Lilac Cosmetic Pouch,Merchandise,excluded,excluded by the set/kit/tool/non-makeup word list,False,False
Saie,high_end,7838332813488,summer-bundle,Summer Bundle,Bundle,excluded,excluded by the set/kit/tool/non-makeup word list,False,False
Saie,high_end,8004795760816,supersuede-radiant-baked-bronzer,SuperSuede™ Radiant Baked Bronzer,Finished Good,bronzer,bronzer <- 'bronzer' in product_type|title,False,False
Saie,high_end,7987714130096,mini-dew-blush,Mini Dew Blush™,Finished Good,powder_blush,powder_blush <- 'blush' in product_type|title,False,False
Saie,high_end,7983483715760,mini-cityset-lightweight-setting-spray,Mini CitySet™ Lightweight Setting Spray,Makeup,setting_spray,setting_spray <- 'setting spray' in product_type|title,False,False
Saie,high_end,7983483682992,cityset-lightweight-setting-spray,CitySet™ Lightweight Setting Spray,Finished Good,setting_spray,setting_spray <- 'setting spray' in product_type|title,False,False
Saie,high_end,4138299818044,eyelash-curler,Lash Curler,Lash Curler,excluded,excluded by the set/kit/tool/non-makeup word list,False,False
Saie,high_end,7798674653360,the-mini-vanity-case,The Mini Vanity Case,Shopify,excluded,excluded by the set/kit/tool/non-makeup word list,False,False
Saie,high_end,7600576757936,the-vanity-case-1,The Vanity Case,Finished Good,excluded,excluded by the set/kit/tool/non-makeup word list,False,False
Saie,high_end,7874955641008,the-all-over-powder-brush,The All-Over Powder Brush,Finished Good,excluded,excluded by the set/kit/tool/non-makeup word list,False,False
Saie,high_end,7875431792816,slip-tint-undetectable-baked-setting-powder,Slip Tint™ Undetectable Baked Setting Powder,Makeup,lipstick,lipstick <- 'lip tint' in product_type|title,False,False
Saie,high_end,7838332747952,sunkissed-bundle,Toasty Fall Bundle,Bundle,excluded,excluded by the set/kit/tool/non-makeup word list,False,False
Saie,high_end,7797606973616,strawberry-gelato-bundle,Strawberry Gelato Bundle,Shopify,excluded,excluded by the set/kit/tool/non-makeup word list,False,False
Saie,high_end,7792515023024,the-supersuede-stack,The SuperSuede™ Stack,Finished Good,unclassified,no §7 rule matched,False,False
Saie,high_end,7786735730864,the-powder-blush-brush,The Powder Blush Brush,Finished Good,excluded,excluded by the set/kit/tool/non-makeup word list,False,False
Saie,high_end,7782814384304,supersuede,SuperSuede™ Baked Powder Blush,Finished Good,powder_blush,powder_blush <- 'blush' in product_type|title,False,False
Saie,high_end,7612902408368,the-dew-fam,The Dew-O,Duo,excluded,excluded by the set/kit/tool/non-makeup word list,False,False
Saie,high_end,7502781382832,the-slip-tint-family,The Slip Tint™ Family,Bundle,excluded,excluded by the set/kit/tool/non-makeup word list,False,False
Saie,high_end,7441294229680,the-brush-collection,The Brush Collection,Bundle,excluded,excluded by the set/kit/tool/non-makeup word list,False,False
Saie,high_end,7722546561200,the-allure-bundle-2024,The Allure Bundle 2024,Bundle,excluded,excluded by the set/kit/tool/non-makeup word list,False,False
Saie,high_end,7312898162864,super-skin-duo,Super Skin Duo,Duo,excluded,excluded by the set/kit/tool/non-makeup word list,False,False
Saie,high_end,7713544175792,lip-combo,Lip Combo,Bundle,excluded,excluded by the set/kit/tool/non-makeup word list,False,False
Saie,high_end,7450638450864,flushed-from-within-duo,Blush + Blend Duo,Duo,excluded,excluded by the set/kit/tool/non-makeup word list,False,False
Saie,high_end,7366032359600,glossybounce-duo,Glossybounce™ Duo,Duo,excluded,excluded by the set/kit/tool/non-makeup word list,False,False
Saie,high_end,6877747839152,slip-brush-duo,Slip Brush Duo,Duo,excluded,excluded by the set/kit/tool/non-makeup word list,False,False
Saie,high_end,6583469834416,skin-glow-duo,Skin Glow Duo,Duo,excluded,excluded by the set/kit/tool/non-makeup word list,False,False
Saie,high_end,7612889727152,dew-bronze-duo,Dew Bronze™ Duo,Duo,excluded,excluded by the set/kit/tool/non-makeup word list,False,False
Saie,high_end,7502730297520,concealer-brush-duo,Concealer Brush Duo,Duo,excluded,excluded by the set/kit/tool/non-makeup word list,False,False
Saie,high_end,7017052405936,the-do-it-all-duo,Saieglow™ Duo,Duo,excluded,excluded by the set/kit/tool/non-makeup word list,False,False
Saie,high_end,6839578919088,complexion-boost,Complexion Boost,Duo,excluded,excluded by the set/kit/tool/non-makeup word list,False,False
Saie,high_end,7689630515376,blush-n-glow,Blush n’ Glow,Duo,excluded,excluded by the set/kit/tool/non-makeup word list,False,False
Saie,high_end,7705792479408,bestsellers-bundle,Bestsellers Bundle,Bundle,excluded,excluded by the set/kit/tool/non-makeup word list,False,False
Saie,high_end,7702529671344,lip-liner-101,Lip Liner 101™,Finished Good,lip_liner,lip_liner <- 'lip liner' in product_type|title,False,False
Saie,high_end,7539788349616,dew-bronze,Dew Bronze™,Finished Good,unclassified,no §7 rule matched,False,False
Saie,high_end,7472529539248,slip-tint-concealer,Slip Tint Radiant All-Over Concealer,Finished Good,lipstick,lipstick <- 'lip tint' in product_type|title,False,False
Saie,high_end,7374850097328,the-saie-water-bottle,The Saie Water Bottle,Merch,unclassified,no §7 rule matched,False,False
Saie,high_end,6986795188400,the-fluffy-brush,The Fluffy Brush,,excluded,excluded by the set/kit/tool/non-makeup word list,False,False
Saie,high_end,7362040332464,glossybounce,Glossybounce™,Finished Good,unclassified,no §7 rule matched,False,False
Saie,high_end,7334324109488,the-double-brush,The Double Brush,Finished Good,excluded,excluded by the set/kit/tool/non-makeup word list,False,False
Saie,high_end,7331723083952,glow-sculpt,Glow Sculpt™,Finished Good,unclassified,no §7 rule matched,False,False
Saie,high_end,7312902193328,the-base-brush,The Base Brush,,excluded,excluded by the set/kit/tool/non-makeup word list,False,False
Saie,high_end,7296966000816,glowy-super-skin-tint-foundation,Glowy Super Skin Tint Foundation,Finished Good,foundation,foundation <- 'skin tint' in product_type|title,False,False
Saie,high_end,7214076985520,sunvisor-mini,Mini Sunvisor™,,unclassified,no §7 rule matched,False,False
Saie,high_end,6986793386160,airset,Airset,Finished Good,unclassified,no §7 rule matched,False,False
Saie,high_end,6982993543344,saie-gift-card,Saie Gift Card,Gift Cards,excluded,excluded by the set/kit/tool/non-makeup word list,False,False
Saie,high_end,6938601750704,mini-mascara-101,Mini Mascara 101™,Finished Good,mascara,mascara <- 'mascara' in product_type|title,False,False
Saie,high_end,6950595362992,mini-glowy-super-gel,Mini Glowy Super™ Gel,Finished Good,unclassified,no §7 rule matched,False,False
Saie,high_end,6677428371632,the-big-brush,The Big Brush,Finished Good,excluded,excluded by the set/kit/tool/non-makeup word list,False,False
Saie,high_end,6702661730480,sun-melt,Sun Melt,Finished Good,unclassified,no §7 rule matched,False,False
Saie,high_end,6535822311600,dew-blush,Dew Blush™,Finished Good,powder_blush,powder_blush <- 'blush' in product_type|title,False,False
Saie,high_end,6147150282928,sunvisor,Sunvisor™,,unclassified,no §7 rule matched,False,False
Saie,high_end,4642375139388,slip-tint-tinted-moisturizer,Slip Tint™ Tinted Moisturizer,Makeup,excluded,excluded by the set/kit/tool/non-makeup word list,False,False
Saie,high_end,4455329759292,glowy-super-gel-luminizer,Glowy Super™ Gel,Finished Good,unclassified,no §7 rule matched,False,False
Saie,high_end,4138299752508,mascara-101,Mascara 101™,Finished Good,mascara,mascara <- 'mascara' in product_type|title,False,False
Tarte,high_end,15922944999793,mini-custom-kit-promo,mini custom kit promo,,excluded,excluded by the set/kit/tool/non-makeup word list,False,False
Tarte,high_end,10607912747030,maracuja-juicy-cherry-crush-best-selling-lip-duo,maracuja juicy cherry crush & best-selling lip duo,Makeup Set,excluded,excluded by the set/kit/tool/non-makeup word list,False,False
Tarte,high_end,15567964242289,maracuja-juicy-blush-bronzer-multi-stick-brush,maracuja juicy blush & bronzer multi-stick + brush,Makeup Set,excluded,excluded by the set/kit/tool/non-makeup word list,False,False
Tarte,high_end,15332405182833,itsmaureenkelly-trippin-must-haves,@itsmaureenkelly #trippin must haves,Makeup Set,excluded,excluded by the set/kit/tool/non-makeup word list,False,False
Tarte,high_end,15255916216689,tarte-x-amber-massey,tarte™ x Amber Massey glow pot & brush,Makeup Set,excluded,excluded by the set/kit/tool/non-makeup word list,False,False
Tarte,high_end,10725089247254,tarte-x-dunkin-maracuja-juicy-lip-xl-tubing-mascara-duo-free-charm,maracuja juicy lip & XL tubing mascara duo + FREE charm,Makeup Set,excluded,excluded by the set/kit/tool/non-makeup word list,False,False
Tarte,high_end,10595303620630,creaseless-creamy-full-coverage-concealer-paw-brush-duo,creaseless creamy full-coverage concealer & paw brush duo,Makeup Set,excluded,excluded by the set/kit/tool/non-makeup word list,False,False
Tarte,high_end,10585295847446,stain-plump-lip-and-liner-duo,stain & plump lip and liner duo,Makeup Set,excluded,excluded by the set/kit/tool/non-makeup word list,False,False
Tarte,high_end,10585295650838,big-stick-energy-duo,Big Stick Energy™ duo,Makeup Set,excluded,excluded by the set/kit/tool/non-makeup word list,False,False
Tarte,high_end,10585295355926,tarte-locked-in-duo,tarte locked in duo,Makeup Set,excluded,excluded by the set/kit/tool/non-makeup word list,False,False
Tarte,high_end,15567981773169,summer-skin-essentials,summer skin essentials,Makeup Set,excluded,excluded by the set/kit/tool/non-makeup word list,False,False
Tarte,high_end,15541786182001,1-tubing-mascara-liquid-eyeliner-duo,#1 tubing mascara & liquid eyeliner duo,Makeup Set,excluded,excluded by the set/kit/tool/non-makeup word list,False,False
Tarte,high_end,15531968037233,maneater-foundation-stick-brush-bundle,maneater™ foundation stick & brush bundle,Makeup Set,excluded,excluded by the set/kit/tool/non-makeup word list,False,False
Tarte,high_end,15492836524401,double-take-clay-pot-shadow-liner-brush,double take clay pot shadow liner + brush,Makeup Set,excluded,excluded by the set/kit/tool/non-makeup word list,False,False
Tarte,high_end,15469484147057,timeless-hydrating-foundation-buffer-brush-duo,timeless hydrating foundation & brush duo,Makeup Set,excluded,excluded by the set/kit/tool/non-makeup word list,False,False
Tarte,high_end,15438883586417,key-largo-glow-body-stick-smoothing-body-brush-duo,key largo GLOW body stick & smoothing body brush duo,Makeup Set,excluded,excluded by the set/kit/tool/non-makeup word list,False,False
Tarte,high_end,15438842560881,tarte-x-finnsul-cc-undereye-free-xl-tubing-mascara,tarte x FINNSUL CC undereye + FREE XL tubing mascara,Makeup Set,excluded,excluded by the set/kit/tool/non-makeup word list,False,False
Tarte,high_end,15438840365425,tarte-x-finnsul-cc-undereye-free-tubing-mascara,tarte x FINNSUL CC undereye + FREE tubing mascara,Makeup Set,excluded,excluded by the set/kit/tool/non-makeup word list,False,False
Tarte,high_end,15438833615217,finnsul-lips-tubing-og,tarte x FINNSUL tubing mascara + FREE juicy gloss,Makeup Set,excluded,excluded by the set/kit/tool/non-makeup word list,False,False
Tarte,high_end,15438732951921,macaron-sculpt-bronze-duo-brush,macaron sculpt & bronze duo + brush,Makeup Set,excluded,excluded by the set/kit/tool/non-makeup word list,False,False
Tarte,high_end,15438720336241,itsmaureenkelly-highlight-reel-cheek-wardrobe-brush-bundle,@itsmaureenkelly highlight reel cheek wardrobe + brush bundle,Makeup Set,excluded,excluded by the set/kit/tool/non-makeup word list,False,False
Tarte,high_end,15408314843505,shape-tape-blur-blush-blurring-concealer-stick-macaron-blush-and-glow-duo,shape tape™ blur & blush - blurring concealer stick & macaron blush and glow duo,Makeup Set,excluded,excluded by the set/kit/tool/non-makeup word list,False,False
Tarte,high_end,15401296003441,shape-bake-shape-tape-creaseless-powder-duo,shape & bake shape tape™ & creaseless powder duo,Makeup Set,excluded,excluded by the set/kit/tool/non-makeup word list,False,False
Tarte,high_end,15386297827697,line-define-xl-tubing-mascara-double-take-eyeliner-duo-free-charm,line & define XL tubing mascara & double take eyeliner duo + FREE charm,Makeup Set,excluded,excluded by the set/kit/tool/non-makeup word list,False,False
Tarte,high_end,15365886771569,shape-tape-creamy-eye-lift-effect-trio,shape tape™ creamy eye lift effect trio,Makeup Set,excluded,excluded by the set/kit/tool/non-makeup word list,False,False
Tarte,high_end,15348412907889,maracuja-oil-and-lip-oil,rethink natural™ juicy lips & skin,Makeup Set,excluded,excluded by the set/kit/tool/non-makeup word list,False,False
Tarte,high_end,15332366221681,trippinwithtarte-shape-bake-duo,#trippinwithtarte shape & bake duo,Makeup Set,excluded,excluded by the set/kit/tool/non-makeup word list,False,False
Tarte,high_end,15332337582449,vinyl-drip-lip-gloss-plump-liner-free-mystery-charms,vinyl drip lip gloss & plump liner + FREE mystery charms,Makeup Set,excluded,excluded by the set/kit/tool/non-makeup word list,False,False
Tarte,high_end,15304822489457,tana-lip-kit-free-maneater-mascara,tarte™ x Tana lip kit + free maneater™ mascara,Makeup Set,excluded,excluded by the set/kit/tool/non-makeup word list,False,False
Tarte,high_end,15304150450545,macaron-blush-glow-duo-brush,macaron blush & glow™ duo + brush,Makeup Set,excluded,excluded by the set/kit/tool/non-makeup word list,False,False
Tarte,high_end,15265459700081,glow-pot-eyeshadow-brush,glow pot eyeshadow & brush,Makeup Set,excluded,excluded by the set/kit/tool/non-makeup word list,False,False
Tarte,high_end,15262320591217,the-lime-edit-must-haves,the lime edit must-haves,Makeup Set,excluded,excluded by the set/kit/tool/non-makeup word list,False,False
Tarte,high_end,10732356894742,stay-spray-setting-spray-duo,stay spray setting spray duo,Makeup Set,excluded,excluded by the set/kit/tool/non-makeup word list,False,False
Tarte,high_end,10725085446166,tarte-x-dunkin-maracuja-juicy-lip-tubing-mascara-duo-free-charm,maracuja juicy lip & tubing mascara duo + FREE charm,Makeup Set,excluded,excluded by the set/kit/tool/non-makeup word list,False,False
Tarte,high_end,10690419359766,key-largo-body-oil-kabuki-body-brush-duo,Key Largo GLOW body oil & kabuki body brush duo,Makeup Set,excluded,excluded by the set/kit/tool/non-makeup word list,False,False
Tarte,high_end,10690416377878,cc-undereye-dark-circle-defense-brush-duo,CC undereye & dark circle defense™ corrector brush duo,Makeup Set,excluded,excluded by the set/kit/tool/non-makeup word list,False,False
Tarte,high_end,10690413756438,maracuja-tinted-moisturizer-angled-complexion-brush-duo,maracuja tinted moisturizer & angled complexion brush duo,Makeup Set,excluded,excluded by the set/kit/tool/non-makeup word list,False,False
Tarte,high_end,10595303555094,itsmaureenkelly-lash-cocktail,@itsmaureenkelly lash cocktail,Makeup Set,excluded,excluded by the set/kit/tool/non-makeup word list,False,False
Tarte,high_end,10585296175126,sculpt-tape-brush-duo,sculpt tape & brush duo,Makeup Set,excluded,excluded by the set/kit/tool/non-makeup word list,False,False
Tarte,high_end,10585295749142,full-coverage-favorites-bundle,full coverage favorites bundle,Makeup Set,excluded,excluded by the set/kit/tool/non-makeup word list,False,False
Tarte,high_end,10585295716374,tarte-perfect-set-kit,tarte perfect & set kit,Makeup Set,excluded,excluded by the set/kit/tool/non-makeup word list,False,False
Tarte,high_end,10585295618070,plumped-up-lashes-lips-bundle,plumped up lashes & lips bundle,Makeup Set,excluded,excluded by the set/kit/tool/non-makeup word list,False,False
Tarte,high_end,10585295585302,tarte-trending-trio,#tarte trending trio,Makeup Set,excluded,excluded by the set/kit/tool/non-makeup word list,False,False
Tarte,high_end,10583673896982,face-tape-all-stars-bundle,face tape™ all stars bundle,Makeup Set,excluded,excluded by the set/kit/tool/non-makeup word list,False,False
Tarte,high_end,10582565683222,day-to-night-lip-kit,day to night lip kit,Makeup Set,excluded,excluded by the set/kit/tool/non-makeup word list,False,False
Tarte,high_end,10725878956054,maneater-plumped-up-travel-must-haves,maneater™ plumped up travel must-haves,Makeup Set,excluded,excluded by the set/kit/tool/non-makeup word list,False,False
Tarte,high_end,10582909845526,tarte-creaseless-creamy-concealer-duo,tarte™ creaseless creamy concealer duo,Makeup Set,excluded,excluded by the set/kit/tool/non-makeup word list,False,False
Tarte,high_end,10662883688470,maracuja-juicy-lip-balm-best-sellers-duo-1,maracuja juicy lip plump best-sellers duo,Makeup Set,excluded,excluded by the set/kit/tool/non-makeup word list,False,False
Tarte,high_end,10582108241942,amazonian-clay-waterproof-bronzer,Amazonian clay waterproof bronzer,Bronzer,bronzer,bronzer <- 'bronzer' in product_type|title,False,False
Tarte,high_end,10595303751702,exposed-amazonian-clay-travel-palette,exposed Amazonian clay travel palette,Eyeshadow Palette,eyeshadow_palette,eyeshadow_palette <- 'eyeshadow palette' in product_type|title,False,False
Tarte,high_end,15531947590001,maracuja-juicy-lip-sculptor-lipstick-lip-gloss,maracuja juicy lip sculptor lipstick & lip gloss,Lip Gloss,lip_gloss,lip_gloss <- 'lip gloss' in product_type|title,False,False
Tarte,high_end,15891242811761,snatch-stick,snatch stick,Bronzer,bronzer,bronzer <- 'bronzer' in product_type|title,False,False
Tarte,high_end,15886481391985,limited-edition-park-ave-princess-face-body-bronzer,limited-edition park ave princess™ face & body bronzer,Bronzer,excluded,excluded by the set/kit/tool/non-makeup word list,False,False
Tarte,high_end,10703238037526,tarte-s-kindness-cafe-collectors-set,tarte™’s kindness cafe collectors set,Makeup Set,excluded,excluded by the set/kit/tool/non-makeup word list,False,False
Tarte,high_end,10582915710998,deluxe-tartelette-tubing-mascara,deluxe tartelette™ tubing mascara,,mascara,mascara <- 'mascara' in product_type|title,False,False
Tarte,high_end,10582109552662,stay-golden-amazonian-clay-cheek-set,stay golden Amazonian clay cheek set,Makeup Set,excluded,excluded by the set/kit/tool/non-makeup word list,False,False
Tarte,high_end,10582111256598,donation,Heart To Tarte Donation,Donation,unclassified,no §7 rule matched,False,False
Tarte,high_end,10582113615894,blush-glow-tape-travel-set,blush & glow tape travel set,Makeup Set,excluded,excluded by the set/kit/tool/non-makeup word list,False,False
Tarte,high_end,10725874335766,limited-edition-creaseless-setting-powder,limited-edition creaseless setting powder,Setting Powder,setting_powder,setting_powder <- 'setting powder' in product_type|title,False,False
Tarte,high_end,15567942648177,tarte-freckle-stick,tarte freckle stick™,Freckle,unclassified,no §7 rule matched,False,False
Tarte,high_end,15567936717169,double-ended-blush-bronzer-brush,double-ended blush & bronzer brush,Cheek Brush,excluded,excluded by the set/kit/tool/non-makeup word list,False,False
Tarte,high_end,15567911551345,maracuja-juicy-blush-bronzer-multi-stick,maracuja juicy blush & bronzer multi-stick,"Blush, Bronzer",bronzer,bronzer <- 'bronzer' in product_type|title,False,False
Tarte,high_end,15560258650481,cc-tinted-serum,CC color-correcting tinted serum,Foundation,excluded,excluded by the set/kit/tool/non-makeup word list,False,False
Tarte,high_end,10582121447446,whipped-body-butter,whipped body butter,Skincare,excluded,excluded by the set/kit/tool/non-makeup word list,False,False
Tarte,high_end,15472917938545,maracuja-juicy-lip-plump-liner,maracuja juicy lip plump liner,Lip Liner,lip_liner,lip_liner <- 'lip liner' in product_type|title,False,False
Tarte,high_end,15531731845489,tartelette-tubing-liquid-eyeliner,tartelette™ tubing liquid eyeliner,Eyeliner,out_of_scope,out of scope <- 'eyeliner' (not a §7 category),False,False
Tarte,high_end,10662565019670,tarte-most-wanted-set,shape your future™ set,Makeup Set,excluded,excluded by the set/kit/tool/non-makeup word list,False,False
Tarte,high_end,15396932518257,charm-bar,Charm Bar,,unclassified,no §7 rule matched,False,False
Tarte,high_end,10582914334742,shape-tape-dab-go-hair-concealer,shape tape™ dab & go hair concealer,Hair Care,concealer,concealer <- 'concealer' in product_type|title,False,False
Tarte,high_end,15491165978993,vintage-vibe-makeup-bag-in-brown,vintage vibe makeup bag in brown,Makeup Bag,excluded,excluded by the set/kit/tool/non-makeup word list,False,False
Tarte,high_end,15491165618545,vintage-vibe-makeup-bag-in-black,vintage vibe makeup bag in black,Makeup Bag,excluded,excluded by the set/kit/tool/non-makeup word list,False,False
Tarte,high_end,10582115287062,simply-chic-makeup-bag,simply chic makeup bag,Makeup Bag,excluded,excluded by the set/kit/tool/non-makeup word list,False,False
Tarte,high_end,15497734750577,amazonian-clay-tinted-serum,Amazonian clay tinted serum,Foundation,excluded,excluded by the set/kit/tool/non-makeup word list,False,False
Tarte,high_end,15497745531249,maneater-foundation-stick,maneater™ foundation stick,Foundation,foundation,foundation <- 'foundation' in product_type|title,False,False
Tarte,high_end,15506494194033,maneater-foundation-stick-brush,maneater™ foundation stick brush,Complexion Brush,excluded,excluded by the set/kit/tool/non-makeup word list,False,False
Tarte,high_end,15531947491697,amazonian-clay-baked-blush,Amazonian clay baked blush,Blush,powder_blush,powder_blush <- 'blush' in product_type|title,False,False
Tarte,high_end,15531935924593,lights-camera-lashes-precision-liner-sharpener,"lights, camera, lashes™ precision liner + sharpener",Eyeliner,excluded,excluded by the set/kit/tool/non-makeup word list,False,False
Tarte,high_end,15531935203697,quick-stick-double-ended-shadow-liner-trio,quick stick™ double-ended shadow liner trio,Eyeliner,excluded,excluded by the set/kit/tool/non-makeup word list,False,False
Tarte,high_end,15531934417265,maneater-emphaseyes-high-definition-brow,maneater™ emphasEYES™ high definition brow,Eyebrow,brow,brow <- 'eyebrow' in product_type|title,False,False
Tarte,high_end,15531933991281,amazonian-clay-precision-brow-lift,Amazonian clay precision brow lift,Eyebrow,brow,brow <- 'eyebrow' in product_type|title,False,False
Tarte,high_end,15491170140529,pretty-in-pink-amazonian-clay-palette,pretty in pink Amazonian clay palette,Eyeshadow Palette,eyeshadow_palette,eyeshadow_palette <- 'eyeshadow palette' in product_type|title,False,False
Tarte,high_end,15491170730353,flower-power-amazonian-clay-palette,flower power Amazonian clay palette,Eyeshadow Palette,eyeshadow_palette,eyeshadow_palette <- 'eyeshadow palette' in product_type|title,False,False
Tarte,high_end,15491175842161,boho-babe-amazonian-clay-palette,boho babe Amazonian clay palette,Eyeshadow Palette,eyeshadow_palette,eyeshadow_palette <- 'eyeshadow palette' in product_type|title,False,False
Tarte,high_end,15491179544945,retro-remix-amazonian-clay-palette,retro remix Amazonian clay palette,Eyeshadow Palette,eyeshadow_palette,eyeshadow_palette <- 'eyeshadow palette' in product_type|title,False,False
Tarte,high_end,15507164037489,mystery-charm,mystery charm,Merch,excluded,excluded by the set/kit/tool/non-makeup word list,False,False
Tarte,high_end,15491166273905,vintage-vibe-makeup-bag-in-cream,vintage vibe makeup bag in cream,Makeup Bag,excluded,excluded by the set/kit/tool/non-makeup word list,False,False
Tarte,high_end,15489536590193,double-ended-shadow-liner-brush,double-ended shadow & liner brush,Eyeshadow Brush,excluded,excluded by the set/kit/tool/non-makeup word list,False,False
Tarte,high_end,15489532264817,double-take-clay-pot-shadow-liner,double take clay pot shadow liner,Eyeliner,out_of_scope,out of scope <- 'eyeliner' (not a §7 category),False,False
Tarte,high_end,15497020572017,shape-tape-cream-foundation-brush,shape tape™ cream foundation brush,Foundation Brush,excluded,excluded by the set/kit/tool/non-makeup word list,False,False
Tarte,high_end,15461448679793,vacay-flush-cheek-wardrobe,vacay flush cheek wardrobe,"Blush, Highlighter",highlighter,highlighter <- 'highlight' in product_type|title,False,False
Tarte,high_end,10595304013846,tarte-puffy-makeup-bag-in-slate,tarte™ puffy makeup bag in slate,Makeup Bag,excluded,excluded by the set/kit/tool/non-makeup word list,False,False
Tarte,high_end,10595303817238,tarte-puffy-makeup-bag-in-cream,tarte™ puffy makeup bag in cream,Makeup Bag,excluded,excluded by the set/kit/tool/non-makeup word list,False,False
Tarte,high_end,10595303718934,tarte-puffy-makeup-bag-in-black,tarte™ puffy makeup bag in black,Makeup Bag,excluded,excluded by the set/kit/tool/non-makeup word list,False,False
Tarte,high_end,10595303456790,tarte-puffy-makeup-bag-in-lavender,tarte™ puffy makeup bag in lavender,Makeup Bag,excluded,excluded by the set/kit/tool/non-makeup word list,False,False
Tarte,high_end,15438635368817,smoothing-body-brush,smoothing body brush,Complexion Brush,excluded,excluded by the set/kit/tool/non-makeup word list,False,False
Tarte,high_end,15438634484081,key-largo-glow-body-stick,key largo GLOW body stick,Bronzer,excluded,excluded by the set/kit/tool/non-makeup word list,False,False
Tarte,high_end,15439475802481,go-with-the-faux-freckle-stamp-starstruck,go with the faux freckle stamp in starstruck,Freckle,unclassified,no §7 rule matched,False,False
Tarte,high_end,15438632943985,fake-awake-duochrome-liner,fake awake™ duochrome liner,Eyeliner,out_of_scope,out of scope <- 'eyeliner' (not a §7 category),False,False
Tarte,high_end,15477932327281,serum-foundation-brush,serum foundation brush,Foundation Brush,excluded,excluded by the set/kit/tool/non-makeup word list,False,False
Tarte,high_end,15438630486385,tarte-x-finnsul-lip-sip-set,tarte x FINNSUL lip & sip set,Lip Gloss,excluded,excluded by the set/kit/tool/non-makeup word list,False,False
Tarte,high_end,15438632485233,tarte-x-finnsul-flutter-focus-xl-tubing-mascara-set,tarte x FINNSUL flutter & focus XL tubing mascara set,Mascara,excluded,excluded by the set/kit/tool/non-makeup word list,False,False
Tarte,high_end,15438632223089,tarte-x-finnsul-flutter-focus-tubing-mascara-set,tarte x FINNSUL flutter & focus tubing mascara set,Mascara,excluded,excluded by the set/kit/tool/non-makeup word list,False,False
Tarte,high_end,15438630060401,double-ended-cream-powder-bronzer-brush,double-ended cream & powder bronzer brush,Cheek Brush,excluded,excluded by the set/kit/tool/non-makeup word list,False,False
Tarte,high_end,15438629044593,macaron-sculpt-bronze-duo,macaron sculpt & bronze duo,Bronzer,excluded,excluded by the set/kit/tool/non-makeup word list,False,False
Tarte,high_end,15468196331889,timeless-hydrating-foundation,timeless hydrating foundation,Foundation,foundation,foundation <- 'foundation' in product_type|title,False,False
Tarte,high_end,15439473312113,travel-size-ballin-base-poreless-glow-primer,travel-size ballin’ base™ poreless glow primer,Face Primer,primer,primer <- 'primer' in product_type|title,False,False
Tarte,high_end,15424249037169,ballin-base-poreless-primer,ballin’ base™ poreless primer,Face Primer,primer,primer <- 'primer' in product_type|title,False,False
Tarte,high_end,15438628127089,creaseless-spf-30-mineral-powder-sunscreen,creaseless SPF 30 mineral powder sunscreen,Setting Powder,setting_powder,setting_powder <- 'setting powder' in product_type|title,False,False
Tarte,high_end,15438608826737,blush-tape-glow-tape-duo,blush tape™ & glow tape™ duo,Makeup Set,excluded,excluded by the set/kit/tool/non-makeup word list,False,False
Tarte,high_end,15421223043441,itsmaureenkelly-highlight-reel-cheek-wardrobe,@itsmaureenkelly highlight reel cheek wardrobe,"Blush, Highlighter",highlighter,highlighter <- 'highlight' in product_type|title,False,False
Tarte,high_end,10582109585430,poised-perfection-makeup-bag,poised perfection makeup bag,Makeup Bag,excluded,excluded by the set/kit/tool/non-makeup word list,False,False
Tarte,high_end,15273007120753,maracuja-juicy-loop-daisy-charm,maracuja juicy loop - daisy charm,Merch,unclassified,no §7 rule matched,False,False
Tarte,high_end,10709871558678,maracuja-juicy-loop-heart,maracuja juicy loop - heart,Merch,unclassified,no §7 rule matched,False,False
Tarte,high_end,10656708395030,cream-cheek-brush,cream cheek brush,Cheek Brush,excluded,excluded by the set/kit/tool/non-makeup word list,False,False
Tarte,high_end,15381991293297,double-take-eyeliner-with-charm,limited-edition double take eyeliner + FREE charm,Eyeliner,out_of_scope,out of scope <- 'eyeliner' (not a §7 category),False,False
Tarte,high_end,15381987721585,set-go-heart-powder-puff,set & go heart powder puff,Face Tool,excluded,excluded by the set/kit/tool/non-makeup word list,False,False
Tarte,high_end,15304279458161,wakeup-makeup-shape-tape-fake-awake-duo,wakeup makeup shape tape™ & fake awake™ duo,Makeup Set,excluded,excluded by the set/kit/tool/non-makeup word list,False,False
Tarte,high_end,15312398483825,maracuja-juicy-lip-plump-liner-with-limited-edition-charm,maracuja juicy lip plump liner with limited-edition charm,Lip Liner,lip_liner,lip_liner <- 'lip liner' in product_type|title,False,False
Tarte,high_end,15312393994609,maracuja-juicy-lip-gloss-with-limited-edition-charm,maracuja juicy lip gloss with limited-edition charm,Lip Gloss,lip_gloss,lip_gloss <- 'lip gloss' in product_type|title,False,False
Tarte,high_end,15304157233521,double-ended-cream-powder-cheek-brush,double-ended cream & powder cheek brush,Cheek Brush,excluded,excluded by the set/kit/tool/non-makeup word list,False,False
Tarte,high_end,15302330155377,macaron-blush-glow-duo,macaron blush & glow™ duo,Blush,excluded,excluded by the set/kit/tool/non-makeup word list,False,False
Tarte,high_end,15332140450161,angled-blur-brush,angled blur brush,Complexion Brush,excluded,excluded by the set/kit/tool/non-makeup word list,False,False
Tarte,high_end,10664003174422,tarte-x-dunkin-maracuja-juicy-loop-coffee-charm,maracuja juicy loop coffee charm,Merch,unclassified,no §7 rule matched,False,False
Tarte,high_end,15275686560113,maracuja-juicy-loop-cowboy-boot-charm,maracuja juicy loop - cowboy boot charm,Merch,unclassified,no §7 rule matched,False,False
Tarte,high_end,15256490934641,glow-pot-eyeshadow,glow pot eyeshadow,Eyeshadow,eyeshadow_single,eyeshadow_single <- 'eyeshadow' in product_type|title,False,False
Tarte,high_end,10582914465814,deluxe-lights-camera-lashes-4-in-1-mascara,"deluxe lights, camera, lashes™ 4-in-1 mascara",Sample,excluded,excluded by the set/kit/tool/non-makeup word list,False,False
Tarte,high_end,15272974352753,glow-wardrobe-highlighting-brush,glow wardrobe highlighting brush,Cheek Brush,excluded,excluded by the set/kit/tool/non-makeup word list,False,False
Tarte,high_end,15259083178353,lime-coded-tartelette-tubing-mascara,lime-coded tartelette™ tubing mascara,Mascara,mascara,mascara <- 'mascara' in product_type|title,False,False
Tarte,high_end,15259082686833,lime-coded-maracuja-juicy-lip-shift,lime-coded maracuja juicy lip shift,Lip Gloss,lip_gloss,lip_gloss <- 'lip gloss' in product_type|title,False,False
Tarte,high_end,15259082129777,lime-coded-maracuja-juicy-lip-cheek-shift,lime-coded maracuja juicy lip & cheek shift,Lip Plump,unclassified,no §7 rule matched,False,False
Tarte,high_end,15250152554865,glow-pot-eye-cheek-brush,glow pot eye & cheek brush,"Eyeshadow Brush, Cheek Brush",excluded,excluded by the set/kit/tool/non-makeup word list,False,False
Tarte,high_end,15250144297329,tarte-x-amber-massey-glow-pot,tarte™ x Amber Massey glow pot,Eyeshadow,eyeshadow_single,eyeshadow_single <- 'eyeshadow' in product_type|title,False,False
Tarte,high_end,10725846253590,gift-card,tarte™ gift card,Gift Card,excluded,excluded by the set/kit/tool/non-makeup word list,False,False
Tarte,high_end,10742221537302,maracuja-juicy-bow-loop,maracuja juicy loop - bow charm,Merch,unclassified,no §7 rule matched,False,False
Tarte,high_end,10725873090582,maracuja-juicy-lip-icons-plumping-lip-oil-liner-duo,maracuja juicy lip icons plumping lip oil & liner duo,Makeup Set,excluded,excluded by the set/kit/tool/non-makeup word list,False,False
Tarte,high_end,10725870600214,maracuja-juicy-lip-icons-plump-liner-duo-1,maracuja juicy lip icons plump & liner duo,Makeup Set,excluded,excluded by the set/kit/tool/non-makeup word list,False,False
Tarte,high_end,10730863230998,maracuja-juicy-loop,maracuja juicy loop,Merch,unclassified,no §7 rule matched,False,False
Tarte,high_end,10730861297686,maracuja-juicy-loop-star-charm,maracuja juicy loop - star charm,Merch,unclassified,no §7 rule matched,False,False
Tarte,high_end,10725860605974,tarte-train-case-makeup-bag,tarte™ train case makeup bag,Makeup Bag,excluded,excluded by the set/kit/tool/non-makeup word list,False,False
Tarte,high_end,10717460594710,maracuja-juicy-lip-vanilla-collection,vanilla icing juicy lip - choose your formula,Makeup Set,excluded,excluded by the set/kit/tool/non-makeup word list,False,False
Tarte,high_end,10717465411606,tasty-treats-maracuja-juicy-lip-duo,tasty treats maracuja juicy lip duo,Makeup Set,excluded,excluded by the set/kit/tool/non-makeup word list,False,False
Tarte,high_end,10724981211158,tarte-x-dunkin-maracuja-juicy-loop-hot-pink-donut-charm,maracuja juicy loop hot pink donut charm,Merch,unclassified,no §7 rule matched,False,False
Tarte,high_end,10724982030358,tarte-x-dunkin-maracuja-juicy-loop-lavender-donut-charm,maracuja juicy loop lavender donut charm,Merch,unclassified,no §7 rule matched,False,False
Tarte,high_end,10703243706390,tartelette-tubing-must-haves-vault,tartelette™ tubing must-haves vault,Makeup Set,excluded,excluded by the set/kit/tool/non-makeup word list,False,False
Tarte,high_end,10688888995862,tarte-x-tana-melt-mask-liner-duo,tarte™ x Tana melt mask & liner duo,Makeup Set,excluded,excluded by the set/kit/tool/non-makeup word list,False,False
Tarte,high_end,10644773666838,cruelty-free-lashes,cruelty-free lashes,False Lashes,excluded,excluded by the set/kit/tool/non-makeup word list,False,False
Tarte,high_end,10711258923030,travel-size-key-largo-glow-bronzing-drops,travel-size Key Largo glow bronzing drops,"Skincare, Bronzer",excluded,excluded by the set/kit/tool/non-makeup word list,False,False
Tarte,high_end,10656709574678,eye-definer-line-smudge-brush,eye definer line & smudge brush,Eyeliner Brush,excluded,excluded by the set/kit/tool/non-makeup word list,False,False
Tarte,high_end,10657864515606,jumbo-quickie-blending-sponge,jumbo quickie blending sponge,Foundation Brush,excluded,excluded by the set/kit/tool/non-makeup word list,False,False
Tarte,high_end,10681437126678,kabuki-body-brush,kabuki body brush,Skincare,excluded,excluded by the set/kit/tool/non-makeup word list,False,False
Tarte,high_end,10681435684886,sculpting-cheek-brush,sculpting cheek brush,Cheek Brush,excluded,excluded by the set/kit/tool/non-makeup word list,False,False
Tarte,high_end,10681433980950,angled-complexion-brush,angled complexion brush,Foundation Brush,excluded,excluded by the set/kit/tool/non-makeup word list,False,False
Tarte,high_end,10681431752726,dark-circle-defense-corrector-brush,dark circle defense™ corrector brush,Concealer Brush,excluded,excluded by the set/kit/tool/non-makeup word list,False,False
Tarte,high_end,10595304112150,tartelette-lash-curler,tartelette™ lash curler,Eyelash Curlers,excluded,excluded by the set/kit/tool/non-makeup word list,False,False
Tarte,high_end,10582910631958,shape-tape-cloud-cream,shape tape™ cloud cream,Foundation,excluded,excluded by the set/kit/tool/non-makeup word list,False,False
Tarte,high_end,10582914433046,shape-tape-quickie-blending-sponge,shape tape™ quickie blending sponge,Face Tool,excluded,excluded by the set/kit/tool/non-makeup word list,False,False
Tarte,high_end,10595303850006,tarte-puffy-makeup-bag-in-white,tarte™ puffy makeup bag in white,Makeup Bag,excluded,excluded by the set/kit/tool/non-makeup word list,False,False
Tarte,high_end,10657876672534,smoldereyes-shadow-liner,smolderEYES™ shadow liner,Eyeliner,out_of_scope,out of scope <- 'eyeliner' (not a §7 category),False,False
Tarte,high_end,10582117187606,travel-size-maracuja-juicy-lip-creme,travel-size maracuja juicy lip crème,Lipstick,liquid_lipstick,liquid_lipstick <- 'lip crème' in product_type|title,False,False
Tarte,high_end,10662562496534,maracuja-juicy-lip-balm-best-sellers-duo,maracuja juicy lip balm best-sellers duo,Makeup Set,excluded,excluded by the set/kit/tool/non-makeup word list,False,False
Tarte,high_end,10653769990166,maneater-after-dark-volume-ii-eyeshadow-palette,maneater™ after dark volume II eyeshadow palette,Eyeshadow Palette,eyeshadow_palette,eyeshadow_palette <- 'eyeshadow palette' in product_type|title,False,False
Tarte,high_end,10653711925270,key-largo-glow-self-tanning-mist,Key Largo GLOW self-tanning mist,Skincare,excluded,excluded by the set/kit/tool/non-makeup word list,False,False
Tarte,high_end,10645724954646,tarte-travel-size-face-tape-foundation,tarte travel-size face tape™ foundation,Foundation,foundation,foundation <- 'foundation' in product_type|title,False,False
Tarte,high_end,10582112829462,quickie-blending-sponge,quickie blending sponge,Face Tool,excluded,excluded by the set/kit/tool/non-makeup word list,False,False
Tarte,high_end,10607912779798,maracuja-juicy-multi-stick,maracuja multi-stick cream blush stick & lip tint,"Blush, Lip Tint",excluded,excluded by the set/kit/tool/non-makeup word list,False,False
Tarte,high_end,10615202381846,tarte-travel-size-shape-tape-concealer,tarte travel-size shape tape™ concealer,Concealer,concealer,concealer <- 'concealer' in product_type|title,False,False
Tarte,high_end,10582910500886,tarte-shape-tape-blur-concealer-stick,tarte shape tape™ blur concealer stick,Concealer,concealer,concealer <- 'concealer' in product_type|title,False,False
Tarte,high_end,10607912714262,tartelette-in-bloom-amazonian-clay-palette,tartelette™ in bloom Amazonian clay palette,Eyeshadow Palette,eyeshadow_palette,eyeshadow_palette <- 'eyeshadow palette' in product_type|title,False,False
Tarte,high_end,10607912812566,tartelette-toasted-eyeshadow-palette,tartelette™ toasted eyeshadow palette,Eyeshadow Palette,eyeshadow_palette,eyeshadow_palette <- 'eyeshadow palette' in product_type|title,False,False
Tarte,high_end,10595304669206,maneater-mascara,maneater™ mascara,Mascara,mascara,mascara <- 'mascara' in product_type|title,False,False
Tarte,high_end,10595304636438,tartelette-quick-stick-liner,tartelette quick stick™ liner,Eyeliner,out_of_scope,out of scope <- 'eyeliner' (not a §7 category),False,False
Tarte,high_end,10595304144918,travel-size-creaseless-setting-brightening-powder,travel-size creaseless setting & brightening powder,Setting Powder,setting_powder,setting_powder <- 'setting powder' in product_type|title,False,False
Tarte,high_end,10595303489558,concealer-paw-perfect-brush,concealer paw & perfect brush,Concealer Brush,excluded,excluded by the set/kit/tool/non-makeup word list,False,False
Tarte,high_end,10595303358486,smooth-operator-amazonian-clay-finishing-powder,smooth operator™ Amazonian clay finishing powder,Setting Powder,setting_powder,setting_powder <- 'setting powder' in product_type|title,False,False
Tarte,high_end,10595303325718,chin-up-face-neck-roller,chin up face & neck roller,Skincare,excluded,excluded by the set/kit/tool/non-makeup word list,False,False
Tarte,high_end,10595303292950,everyday-essentials-eyeshadow-brush,everyday essentials eyeshadow brush,Eyeshadow Brush,excluded,excluded by the set/kit/tool/non-makeup word list,False,False
Tarte,high_end,10595304374294,trippinwithtarte-amazonian-clay-palette,#trippinwithtarte Amazonian clay palette,Eyeshadow Palette,eyeshadow_palette,eyeshadow_palette <- 'eyeshadow palette' in product_type|title,False,False
Tarte,high_end,10595304308758,busy-gal-brows-tinted-brow-gel,busy gal BROWS tinted brow gel,Eyebrow,brow,brow <- 'eyebrow' in product_type|title,False,False
Tarte,high_end,10595304177686,tartelette-amazonian-clay-matte-palette,tartelette™ Amazonian clay matte palette,Eyeshadow Palette,eyeshadow_palette,eyeshadow_palette <- 'eyeshadow palette' in product_type|title,False,False
Tarte,high_end,10595304079382,maracuja-juicy-lip-tattoo,maracuja juicy lip tattoo,Lip Stain,lipstick,lipstick <- 'lip stain' in product_type|title,False,False
Tarte,high_end,10595303981078,cherry-crush-collection,cherry crush juicy lip - choose your formula,Lip Balm,lipstick,lipstick <- 'lip balm' in product_type|title,False,False
Tarte,high_end,10595303686166,glamazon-amazonian-clay-eyeshadow-palette,glamazon™ Amazonian clay eyeshadow palette,Eyeshadow Palette,eyeshadow_palette,eyeshadow_palette <- 'eyeshadow palette' in product_type|title,False,False
Tarte,high_end,10595303587862,maracuja-juicy-lip-creme,maracuja juicy lip crème,Lipstick,liquid_lipstick,liquid_lipstick <- 'lip crème' in product_type|title,False,False
Tarte,high_end,10595303915542,travel-size-maracuja-juicy-lip-liner,travel-size maracuja juicy lip liner,Lip Liner,lip_liner,lip_liner <- 'lip liner' in product_type|title,False,False
Tarte,high_end,10595303784470,travel-size-maracuja-juicy-melt-mask,travel-size maracuja juicy melt mask,Lip Mask,unclassified,no §7 rule matched,False,False
Tarte,high_end,10595303653398,tartelette-tubing-lash-primer,tartelette™ tubing lash primer,Mascara,excluded,excluded by the set/kit/tool/non-makeup word list,False,False
Tarte,high_end,10595303522326,travel-size-tartelette-tubing-lash-primer,travel-size tartelette™ tubing lash primer,Mascara,excluded,excluded by the set/kit/tool/non-makeup word list,False,False
Tarte,high_end,10595303391254,tartelette-amazonian-clay-travel-palette,tartelette™ Amazonian clay travel palette,Eyeshadow Palette,eyeshadow_palette,eyeshadow_palette <- 'eyeshadow palette' in product_type|title,False,False
Tarte,high_end,10582916038678,travel-size-shape-tape-creamy-concealer,travel-size shape tape™ creamy concealer,Concealer,concealer,concealer <- 'concealer' in product_type|title,False,False
Tarte,high_end,10582916005910,tarte-loves-teachers-tote-bag,tarte™ loves teachers tote bag,Merch,excluded,excluded by the set/kit/tool/non-makeup word list,False,False
Tarte,high_end,10582916202518,amazonian-clay-12-hour-blush-energy,Amazonian clay 12-hour blush in energy,Blush,powder_blush,powder_blush <- 'blush' in product_type|title,False,False
Tarte,high_end,10582916136982,shape-tape-pressed-powder,shape tape™ pressed powder,Setting Powder,setting_powder,setting_powder <- 'setting powder' in product_type|title,False,False
Tarte,high_end,10582915907606,travel-size-opening-act-lash-primer,travel-size opening act™ lash primer,Mascara,excluded,excluded by the set/kit/tool/non-makeup word list,False,False
Tarte,high_end,10582915874838,travel-size-maracuja-c-brighter-eye-treatment,travel size maracuja C-brighter™ eye treatment,Skincare,excluded,excluded by the set/kit/tool/non-makeup word list,False,False
Tarte,high_end,10582915842070,travel-size-big-ego-vegan-mascara,travel-size big ego™ vegan mascara,Mascara,mascara,mascara <- 'mascara' in product_type|title,False,False
Tarte,high_end,10582915776534,power-smoother-buffing-brush,power smoother™ buffing brush,Foundation Brush,excluded,excluded by the set/kit/tool/non-makeup word list,False,False
Tarte,high_end,10582915678230,travel-size-face-tape-smoothing-primer,travel-size face tape™ smoothing primer,Face Primer,primer,primer <- 'primer' in product_type|title,False,False
Tarte,high_end,10582915645462,opening-act-lash-primer,opening act™ lash primer,Mascara,excluded,excluded by the set/kit/tool/non-makeup word list,False,False
Tarte,high_end,10582915579926,park-ave-princess-cream-face-brush,park ave princess™ cream face brush,Cheek Brush,excluded,excluded by the set/kit/tool/non-makeup word list,False,False
Tarte,high_end,10582915514390,tarte-eyeshadow-stick-duo,tarte™ eyeshadow stick duo,Makeup Set,excluded,excluded by the set/kit/tool/non-makeup word list,False,False
Tarte,high_end,10582915416086,park-ave-princess-cream-cheek-duo,park ave princess™ cream cheek duo,"Blush, Bronzer",excluded,excluded by the set/kit/tool/non-makeup word list,False,False
Tarte,high_end,10582915219478,face-tape-pressed-powder-brush,shape tape™ pressed powder brush,Foundation Brush,excluded,excluded by the set/kit/tool/non-makeup word list,False,False
Tarte,high_end,10582915186710,travel-size-base-tape-hydrating-primer,travel-size base tape™ hydrating primer,Face Primer,primer,primer <- 'primer' in product_type|title,False,False
Tarte,high_end,10582915153942,foundcealer-foundation-broad-spectrum-spf-20,foundcealer™ foundation Broad Spectrum SPF 20,Foundation,foundation,foundation <- 'foundation' in product_type|title,False,False
Tarte,high_end,10582915121174,the-buffer-brush,the buffer™ brush,Foundation Brush,excluded,excluded by the set/kit/tool/non-makeup word list,False,False
Tarte,high_end,10582914990102,foundcealer-brush,foundcealer™ brush,Foundation Brush,excluded,excluded by the set/kit/tool/non-makeup word list,False,False
Tarte,high_end,10582914859030,shape-tape-radiant-concealer,shape tape™ radiant concealer,Concealer,concealer,concealer <- 'concealer' in product_type|title,False,False
Tarte,high_end,10582914957334,big-ego-vegan-mascara,big ego™ vegan mascara,Mascara,mascara,mascara <- 'mascara' in product_type|title,False,False
Tarte,high_end,10582914662422,tartelette-xl-tubing-mascara,tartelette™ XL tubing mascara,Mascara,mascara,mascara <- 'mascara' in product_type|title,False,False
Tarte,high_end,10582914891798,stippling-blush-brush,stippling blush brush,Cheek Brush,excluded,excluded by the set/kit/tool/non-makeup word list,False,False
Tarte,high_end,10582914760726,lights-camera-lashes-platinum-mascara,"lights, camera, lashes™ platinum mascara",Mascara,excluded,excluded by the set/kit/tool/non-makeup word list,False,False
Tarte,high_end,10582914727958,tartelette-tubing-mascara,tartelette™ tubing mascara,Mascara,mascara,mascara <- 'mascara' in product_type|title,False,False
Tarte,high_end,10582914695190,lights-camera-lashes-4-in-1-mascara,"lights, camera, lashes™ 4-in-1 mascara",Mascara,excluded,excluded by the set/kit/tool/non-makeup word list,False,False
Tarte,high_end,10582914564118,maracuja-c-tighter-face-roller,maracuja C-tighter™ face roller,Skincare,excluded,excluded by the set/kit/tool/non-makeup word list,False,False
Tarte,high_end,10582914531350,maracuja-c-brighter-eye-treatment,maracuja C-brighter™ eye treatment,Skincare,excluded,excluded by the set/kit/tool/non-makeup word list,False,False
Tarte,high_end,10582914236438,picture-perfect-lash-curler,picture perfect™ lash curler,Eyelash Curlers,excluded,excluded by the set/kit/tool/non-makeup word list,False,False
Tarte,high_end,10582914170902,maneater-satin-blush-cheek-plump,maneater™ satin blush cheek plump,Blush,powder_blush,powder_blush <- 'blush' in product_type|title,False,False
Tarte,high_end,10582914138134,shape-tape-blur-concealer-brush,shape tape™ blur concealer brush,Concealer Brush,excluded,excluded by the set/kit/tool/non-makeup word list,False,False
Tarte,high_end,10582913974294,travel-size-lights-camera-lashes-platinum-mascara,"travel-size lights, camera, lashes™ platinum mascara",Mascara,excluded,excluded by the set/kit/tool/non-makeup word list,False,False
Tarte,high_end,10582913941526,tarte-corduroy-hat,tarte™ corduroy hat,Merch,unclassified,no §7 rule matched,False,False
Tarte,high_end,10582913908758,tartelette-in-bloom-mini-amazonian-clay-palette,tartelette™ in bloom mini Amazonian clay palette,Eyeshadow Palette,eyeshadow_palette,eyeshadow_palette <- 'eyeshadow palette' in product_type|title,False,False
Tarte,high_end,10582913875990,shape-tape-glow-powder,shape tape™ glow powder,Highlighter,highlighter,highlighter <- 'highlight' in product_type|title,False,False
Tarte,high_end,10582913777686,travel-size-maracuja-creaseless-full-coverage-concealer,travel-size maracuja creaseless full coverage concealer,Concealer,concealer,concealer <- 'concealer' in product_type|title,False,False
Tarte,high_end,10582913810454,big-ego-diy-brow-detailing-pen,big ego DIY brow™ detailing pen,Eyebrow,brow,brow <- 'eyebrow' in product_type|title,False,False
Tarte,high_end,10582913712150,frameworker-brow-pomade,frameworker™ brow pomade,Eyebrow,brow,brow <- 'eyebrow' in product_type|title,False,False
Tarte,high_end,10582913679382,fullfill-framer-brow-pencil,FULLfill framer™ brow pencil,Eyebrow,brow,brow <- 'eyebrow' in product_type|title,False,False
Tarte,high_end,10582913613846,shape-tape-corrector,shape tape™ corrector,Concealer,concealer,concealer <- 'concealer' in product_type|title,False,False
Tarte,high_end,10582913581078,travel-size-maneater-waterproof-mascara,travel-size maneater™ waterproof mascara,Mascara,mascara,mascara <- 'mascara' in product_type|title,False,False
Tarte,high_end,10582913548310,tartelette-shadow-stick,tartelette™ shadow stick,Eyeshadow,eyeshadow_single,eyeshadow_single <- 'eyeshadow' in product_type|title,False,False
Tarte,high_end,10582913417238,travel-size-glow-tape-highlighter,travel-size glow tape™ highlighter,Highlighter,highlighter,highlighter <- 'highlight' in product_type|title,False,False
Tarte,high_end,10582913286166,park-ave-princess-matte-face-body-bronzer,park ave princess™ matte face & body bronzer,Bronzer,excluded,excluded by the set/kit/tool/non-makeup word list,False,False
Tarte,high_end,10582913515542,smooth-operator-amazonian-clay-pressed-finishing-powder,smooth operator™ Amazonian clay pressed finishing powder,Setting Powder,setting_powder,setting_powder <- 'setting powder' in product_type|title,False,False
Tarte,high_end,10582913482774,sculpt-tape-brush,sculpt tape™ brush,Cheek Brush,excluded,excluded by the set/kit/tool/non-makeup word list,False,False
Tarte,high_end,10582913450006,sculpt-tape-blush-tape-duo,sculpt tape™ & blush tape™ duo,Makeup Set,excluded,excluded by the set/kit/tool/non-makeup word list,False,False
Tarte,high_end,10582913351702,glamazon-cheek-brush,glamazon™ cheek brush,Cheek Brush,excluded,excluded by the set/kit/tool/non-makeup word list,False,False
Tarte,high_end,10582913318934,travel-size-tartelette-xl-tubing-mascara,travel-size tartelette™ XL tubing mascara,Mascara,mascara,mascara <- 'mascara' in product_type|title,False,False
Tarte,high_end,10582913187862,fake-awake-eye-highlight,fake awake™ eye highlight,Eyeliner,out_of_scope,out of scope <- 'eyeliner' (not a §7 category),False,False
Tarte,high_end,10582913122326,maneater-silk-stick-brush,maneater™ silk stick brush,Cheek Brush,excluded,excluded by the set/kit/tool/non-makeup word list,False,False
Tarte,high_end,10582913024022,fill-service-brow-brush-spoolie,fill service™ brow brush & spoolie,Eyebrow Brush,excluded,excluded by the set/kit/tool/non-makeup word list,False,False
Tarte,high_end,10582912958486,park-ave-princess-waterproof-face-body-bronzer,park ave princess™ waterproof face & body bronzer,Makeup Set,excluded,excluded by the set/kit/tool/non-makeup word list,False,False
Tarte,high_end,10582912892950,travel-size-tartelette-tubing-mascara,travel-size tartelette™ tubing mascara,Mascara,mascara,mascara <- 'mascara' in product_type|title,False,False
Tarte,high_end,10582912860182,base-tape-hydrating-primer,base tape™ hydrating primer,Face Primer,primer,primer <- 'primer' in product_type|title,False,False
Tarte,high_end,10582912991254,travel-size-sketch-set-brow-pencil-tinted-gel,travel-size sketch & set™ brow pencil & tinted gel,Eyebrow,excluded,excluded by the set/kit/tool/non-makeup word list,False,False
Tarte,high_end,10582912827414,moderneyes-shadow-liner,ModernEYES shadow & liner,Eyeliner,out_of_scope,out of scope <- 'eyeliner' (not a §7 category),False,False
Tarte,high_end,10582912761878,maneater-eyeliner,maneater™ eyeliner,Eyeliner,out_of_scope,out of scope <- 'eyeliner' (not a §7 category),False,False
Tarte,high_end,10582912630806,limited-edition-the-buffer-brush-gold,limited-edition the buffer™ brush,Foundation Brush,excluded,excluded by the set/kit/tool/non-makeup word list,False,False
Tarte,high_end,10582912598038,travel-size-fake-awake-eye-highlight,travel-size fake awake™ eye highlight,Eyeliner,out_of_scope,out of scope <- 'eyeliner' (not a §7 category),False,False
Tarte,high_end,10582912565270,sculpt-tape-contour,sculpt tape™ contour,Bronzer,bronzer,bronzer <- 'bronzer' in product_type|title,False,False
Tarte,high_end,10582912368662,travel-size-shape-tape-radiant-medium-coverage-concealer,travel-size shape tape™ radiant concealer,Concealer,concealer,concealer <- 'concealer' in product_type|title,False,False
Tom Ford Beauty,luxury,9362866274517,ombre-leather-reserve,Ombré Leather Reserve,Fragrance,unclassified,no §7 rule matched,True,False
Tom Ford Beauty,luxury,9362968641749,tom-ford-love-collection-lip-stylo-matte,TOM FORD Love Collection Lip Stylo Matte,Lips,unclassified,no §7 rule matched,True,False
Tom Ford Beauty,luxury,9362967757013,tom-ford-love-collection-soft-matte-blush,TOM FORD Love Collection Soft Matte Blush,Face,powder_blush,powder_blush <- 'blush' in product_type|title,True,False
Tom Ford Beauty,luxury,9362127388885,tom-ford-love-collection-eye-color-duo-lumiere,TOM FORD Love Collection Eye Color Duo Lumiére,Eyes,excluded,excluded by the set/kit/tool/non-makeup word list,True,False
Tom Ford Beauty,luxury,9392915382485,runway-lip-color,Runway Lip Color Clutch Size,Lips,lipstick,lipstick <- 'lip color' in product_type|title,True,False
Tom Ford Beauty,luxury,9267997016277,shade-and-illuminate-soft-radiance-primer-broad-spectrum-spf-25,Shade and Illuminate Soft Radiance Primer Broad Spectrum SPF 25,Face,primer,primer <- 'primer' in product_type|title,True,False
Tom Ford Beauty,luxury,9240618860757,eau-de-grey-vetiver-eau-de-toilette,Eau De Grey Vetiver Eau De Toilette,Fragrance,unclassified,no §7 rule matched,True,False
Tom Ford Beauty,luxury,9298171232469,private-blend-luxe-discovery-set,Private Blend Luxe Discovery Set,Fragrance,excluded,excluded by the set/kit/tool/non-makeup word list,False,False
Tom Ford Beauty,luxury,9200556310741,soleil-blanc-parfum,Soleil Blanc Parfum,Fragrance,unclassified,no §7 rule matched,True,False
Tom Ford Beauty,luxury,9267997245653,soleil-bronzing-powder,Soleil Bronzing Powder,Makeup,bronzer,bronzer <- 'bronzing' in product_type|title,True,False
Tom Ford Beauty,luxury,9275840921813,soleil-hydrating-lip-oil,Soleil Hydrating Lip Oil,Lips,excluded,excluded by the set/kit/tool/non-makeup word list,True,False
Tom Ford Beauty,luxury,9272530534613,soleil-eye-color-quad-lumiere,Soleil Eye Color Quad Lumière,Makeup,unclassified,no §7 rule matched,True,False
Tom Ford Beauty,luxury,9272530436309,soleil-glow-highlighter,Soleil Glow Highlighter,Makeup,highlighter,highlighter <- 'highlight' in product_type|title,True,False
Tom Ford Beauty,luxury,9288315601109,soleil-sunkissed-blush,Soleil Sunkissed Blush,Makeup,powder_blush,powder_blush <- 'blush' in product_type|title,True,False
Tom Ford Beauty,luxury,9275840954581,soleil-tinted-lip-glow,Soleil Tinted Lip Glow,Lips,unclassified,no §7 rule matched,True,False
Tom Ford Beauty,luxury,9271356063957,soleil-blanc-hand-body-moisturizer,Soleil Blanc Hand & Body Moisturizer,Skincare,excluded,excluded by the set/kit/tool/non-makeup word list,True,False
Tom Ford Beauty,luxury,9271356031189,soleil-blanc-hand-body-wash,Soleil Blanc Hand & Body Wash,Skincare,excluded,excluded by the set/kit/tool/non-makeup word list,True,False
Tom Ford Beauty,luxury,9302168633557,jasmin-rouge-eau-de-parfum,Jasmin Rouge Eau de Parfum,Fragrance,unclassified,no §7 rule matched,True,False
Tom Ford Beauty,luxury,9302196355285,oud-wood-deodorant-stick,Oud Wood Deodorant Stick,Skincare,excluded,excluded by the set/kit/tool/non-makeup word list,True,False
Tom Ford Beauty,luxury,9298171298005,lost-cherry-and-soleil-blanc-duo-mini-set,Lost Cherry and Soleil Blanc Duo Mini Set,Fragrance,excluded,excluded by the set/kit/tool/non-makeup word list,False,False
Tom Ford Beauty,luxury,9254344261845,figue-erotique-collection-eye-color-quad,Figue Érotique Collection Eye Color Quad,Eyes,unclassified,no §7 rule matched,True,False
Tom Ford Beauty,luxury,9267997409493,architecture-soft-matte-blush,Architecture Soft Matte Blush,Face,powder_blush,powder_blush <- 'blush' in product_type|title,True,False
Tom Ford Beauty,luxury,9267997311189,taormina-orange-eau-de-parfum,Taormina Orange Eau de Parfum,Fragrance,unclassified,no §7 rule matched,True,False
Tom Ford Beauty,luxury,9260001493205,runway-eye-color-quad-creme,Runway Eye Color Quad Crème,Eyes,unclassified,no §7 rule matched,True,False
Tom Ford Beauty,luxury,9254348619989,runway-lip-stylo-matte,Runway Lip Stylo Matte,Lips,unclassified,no §7 rule matched,True,False
Tom Ford Beauty,luxury,9260001689813,runway-eye-color-quad-poudre,Runway Eye Color Quad Poudre,Eyes,unclassified,no §7 rule matched,True,False
Tom Ford Beauty,luxury,9226053550293,runway-eye-gloss,Runway Eye Gloss,Eyes,lip_gloss,lip_gloss <- 'gloss' in product_type|title,True,False
Tom Ford Beauty,luxury,9090493513941,architecture-brow-pencil,Architecture Brow Pencil,Eyes,brow,brow <- 'brow' in product_type|title,False,False
Tom Ford Beauty,luxury,9090492301525,white-suede-hand-cream,White Suede Hand Cream,Skincare,excluded,excluded by the set/kit/tool/non-makeup word list,True,False
Tom Ford Beauty,luxury,9113772982485,reserve-lip-color-case,Reserve Lip Color Case,Lips,excluded,excluded by the set/kit/tool/non-makeup word list,False,False
Tom Ford Beauty,luxury,9113773998293,reserve-lip-color,Reserve Lip Color Refill,Lips,lipstick,lipstick <- 'lip color' in product_type|title,True,False
Tom Ford Beauty,luxury,9200554442965,gilded-gloss,Figue Érotique Collection Gilded Gloss,Lips,lip_gloss,lip_gloss <- 'gloss' in product_type|title,True,False
Tom Ford Beauty,luxury,9200553656533,lip-color-satin-matte,Figue Érotique Collection Lip Color Satin Matte,Lips,lipstick,lipstick <- 'lip color' in product_type|title,True,False
Tom Ford Beauty,luxury,9200554934485,vanilla-sex-all-over-body-spray,Vanilla Sex All Over Body Spray,Fragrance,excluded,excluded by the set/kit/tool/non-makeup word list,True,False
Tom Ford Beauty,luxury,9200556409045,electric-cherry-all-over-body-spray,Electric Cherry All Over Body Spray,Fragrance,excluded,excluded by the set/kit/tool/non-makeup word list,True,False
Tom Ford Beauty,luxury,9119958794453,eau-dombre-leather-eau-de-toilette,Eau d’Ombré Leather Eau de Toilette,Fragrance,unclassified,no §7 rule matched,True,False
Tom Ford Beauty,luxury,9090497413333,private-blend-deluxe-sample-set,Private Blend Deluxe Sample Set,Fragrance,excluded,excluded by the set/kit/tool/non-makeup word list,False,False
Tom Ford Beauty,luxury,9090496790741,soleil-neige-eau-de-parfum,Soleil Neige Eau de Parfum,Fragrance,unclassified,no §7 rule matched,True,False
Tom Ford Beauty,luxury,9090494595285,figue-erotique-eau-de-parfum,Figue Érotique Eau de Parfum,Fragrance,unclassified,no §7 rule matched,True,False
Tom Ford Beauty,luxury,9090492268757,figue-erotique-candle,Figue Érotique Candle,Fragrance,unclassified,no §7 rule matched,True,False
Tom Ford Beauty,luxury,9090498101461,vanilla-sex-candle,Vanilla Sex Candle,Fragrance,unclassified,no §7 rule matched,True,False
Tom Ford Beauty,luxury,9090496430293,amber-intrigue-eau-de-parfum,Amber Intrigue Eau de Parfum,Fragrance,unclassified,no §7 rule matched,True,False
Tom Ford Beauty,luxury,9090494202069,cafe-rose-eau-de-parfum-set,Café Rose Eau de Parfum Set,Fragrance,excluded,excluded by the set/kit/tool/non-makeup word list,False,True
Tom Ford Beauty,luxury,9090497741013,mini-shimmering-body-oil-duo,Mini Shimmering Body Oil Duo,Skincare,excluded,excluded by the set/kit/tool/non-makeup word list,False,False
Tom Ford Beauty,luxury,9090497937621,lip-color-mini-deluxe-set,Lip Color Mini Deluxe Set,Lips,excluded,excluded by the set/kit/tool/non-makeup word list,False,False
Tom Ford Beauty,luxury,9090497544405,limited-edition-lip-color,Limited Edition Lip Color,Lips,lipstick,lipstick <- 'lip color' in product_type|title,True,False
Tom Ford Beauty,luxury,9090494529749,soleil-neige-eye-color-quad,Soleil Neige Eye Color Quad,Eyes,unclassified,no §7 rule matched,True,False
Tom Ford Beauty,luxury,9090495480021,white-suede-eau-de-parfum-set,White Suede Eau de Parfum Set,Fragrance,excluded,excluded by the set/kit/tool/non-makeup word list,False,True
Tom Ford Beauty,luxury,9090494693589,ebene-fume-eau-de-parfum-set,Ébène Fumé Eau de Parfum Set,Fragrance,excluded,excluded by the set/kit/tool/non-makeup word list,False,True
Tom Ford Beauty,luxury,9090492694741,soleil-neige-creme-blush,Soleil Neige Crème Blush,Face,cream_blush,cream_blush <- 'crème blush' in product_type|title,True,False
Tom Ford Beauty,luxury,9090492432597,oud-minerale-eau-de-parfum-set,Oud Minérale Eau de Parfum Set,Fragrance,excluded,excluded by the set/kit/tool/non-makeup word list,False,True
Tom Ford Beauty,luxury,9090495840469,cafe-rose-and-ombre-leather-duo-mini-set,Ombré Leather and Café Rose Discovery Set,Fragrance,excluded,excluded by the set/kit/tool/non-makeup word list,False,False
Tom Ford Beauty,luxury,9090498003157,neroli-portofino-deodorant-stick,Neroli Portofino Deodorant Stick,Skincare,excluded,excluded by the set/kit/tool/non-makeup word list,True,False
Tom Ford Beauty,luxury,9090492399829,sunlit-rose-lip-balm-clutch-size,Sunlit Rose Lip Balm Clutch Size,Lips,lipstick,lipstick <- 'lip balm' in product_type|title,True,False
Tom Ford Beauty,luxury,9090492367061,noir-extreme-all-over-body-spray,Noir Extreme All Over Body Spray,Fragrance,excluded,excluded by the set/kit/tool/non-makeup word list,True,False
Tom Ford Beauty,luxury,9090492498133,shade-and-illuminate-foundation-brush-2-5,Shade and Illuminate Foundation Brush 2.5,Makeup Brushes,excluded,excluded by the set/kit/tool/non-makeup word list,False,False
Tom Ford Beauty,luxury,9090492465365,azure-lime-eau-de-parfum,Azure Lime Eau de Parfum,Fragrance,unclassified,no §7 rule matched,True,False
Tom Ford Beauty,luxury,9090492596437,neroli-portofino-hand-and-body-wash,Neroli Portofino Hand and Body Wash,Skincare,excluded,excluded by the set/kit/tool/non-makeup word list,True,False
Tom Ford Beauty,luxury,9090492563669,sunlit-rose-lip-balm,Sunlit Rose Lip Balm,Lips,lipstick,lipstick <- 'lip balm' in product_type|title,True,False
Tom Ford Beauty,luxury,9090492629205,foundation-brush-02,Foundation Brush 02,Makeup Brushes,excluded,excluded by the set/kit/tool/non-makeup word list,False,False
Tom Ford Beauty,luxury,9090492760277,cherry-smoke-eau-de-parfum,Cherry Smoke Eau de Parfum,Fragrance,unclassified,no §7 rule matched,True,False
Tom Ford Beauty,luxury,9090492727509,neroli-portofino-all-over-body-spray,Neroli Portofino All Over Body Spray,Fragrance,excluded,excluded by the set/kit/tool/non-makeup word list,True,False
Tom Ford Beauty,luxury,9090492858581,noir-de-noir-eau-de-parfum,Noir de Noir Eau de Parfum,Fragrance,unclassified,no §7 rule matched,True,False
Tom Ford Beauty,luxury,9090492825813,vanille-fatale-eau-de-parfum,Vanille Fatale Eau de Parfum,Fragrance,unclassified,no §7 rule matched,True,False
Tom Ford Beauty,luxury,9090492793045,soleil-neige-lip-blush-clutch-size,Soleil Neige Lip Blush Clutch Size,Lips,powder_blush,powder_blush <- 'blush' in product_type|title,True,False
Tom Ford Beauty,luxury,9090492924117,tom-ford-research-cleansing-concentrate,TOM FORD RESEARCH Cleansing Concentrate,Skincare,excluded,excluded by the set/kit/tool/non-makeup word list,True,False
Tom Ford Beauty,luxury,9090492891349,rose-exposed-eau-de-parfum,Rose Exposed Eau de Parfum,Fragrance,unclassified,no §7 rule matched,True,False
Tom Ford Beauty,luxury,9090493022421,neroli-portofino-hand-and-body-moisturizer,Neroli Portofino Hand and Body Moisturizer,Skincare,excluded,excluded by the set/kit/tool/non-makeup word list,True,False
Tom Ford Beauty,luxury,9090492989653,oud-wood-parfum,Oud Wood Parfum,Fragrance,unclassified,no §7 rule matched,True,False
Tom Ford Beauty,luxury,9090492956885,ebene-fume-eau-de-parfum,Ébène Fumé Eau de Parfum,Fragrance,unclassified,no §7 rule matched,True,False
Tom Ford Beauty,luxury,9090493087957,tom-ford-research-intensive-treatment-lotion,TOM FORD RESEARCH Intensive Treatment Lotion,Skincare,excluded,excluded by the set/kit/tool/non-makeup word list,True,False
Tom Ford Beauty,luxury,9090493219029,oud-minerale-eau-de-parfum,Oud Minérale Eau de Parfum,Fragrance,unclassified,no §7 rule matched,True,False
Tom Ford Beauty,luxury,9090493186261,rose-prick-eau-de-parfum,Rose Prick Eau de Parfum,Fragrance,unclassified,no §7 rule matched,True,False
Tom Ford Beauty,luxury,9090493153493,lost-cherry-eau-de-parfum,Lost Cherry Eau de Parfum,Fragrance,unclassified,no §7 rule matched,True,False
Tom Ford Beauty,luxury,9090493284565,concealer-brush-03,Concealer Brush 03,Makeup Brushes,excluded,excluded by the set/kit/tool/non-makeup word list,False,False
Tom Ford Beauty,luxury,9090493382869,soleil-summer-ultra-shine-lip-color,Soleil Summer Ultra-Shine Lip Color,Lips,lipstick,lipstick <- 'lip color' in product_type|title,True,False
Tom Ford Beauty,luxury,9090493350101,black-orchid-discovery-collection,Black Orchid Discovery Collection,Fragrance,unclassified,no §7 rule matched,False,True
Tom Ford Beauty,luxury,9090493415637,grey-vetiver-parfum,Grey Vetiver Parfum,Fragrance,unclassified,no §7 rule matched,True,False
Tom Ford Beauty,luxury,9090493546709,oud-voyager-eau-de-parfum,Oud Voyager Eau de Parfum,Fragrance,unclassified,no §7 rule matched,True,False
Tom Ford Beauty,luxury,9090493612245,ombre-leather-parfum,Ombré Leather Parfum,Fragrance,unclassified,no §7 rule matched,True,False
Tom Ford Beauty,luxury,9090493743317,fucking-fabulous-lip-color,Fucking Fabulous Lip Color,Lips,lipstick,lipstick <- 'lip color' in product_type|title,True,False
Tom Ford Beauty,luxury,9090493710549,liquid-lip-luxe-matte,Liquid Lip Luxe Matte,Lips,liquid_lipstick,liquid_lipstick <- 'liquid lip' in product_type|title,True,False
Tom Ford Beauty,luxury,9090493808853,lip-color,Runway Lip Color,Lips,lipstick,lipstick <- 'lip color' in product_type|title,True,False
Tom Ford Beauty,luxury,9090493776085,gloss-luxe,Gloss Luxe,Lips,lip_gloss,lip_gloss <- 'gloss' in product_type|title,True,False
Tom Ford Beauty,luxury,9090493939925,cheek-brush-06,Cheek Brush 06,Makeup Brushes,excluded,excluded by the set/kit/tool/non-makeup word list,False,False
Tom Ford Beauty,luxury,9090493907157,soleil-blanc-all-over-body-spray,Soleil Blanc All Over Body Spray,Fragrance,excluded,excluded by the set/kit/tool/non-makeup word list,True,False
Tom Ford Beauty,luxury,9090493874389,architecture-soft-matte-blurring-foundation,Architecture Soft Matte Blurring Foundation,Face,foundation,foundation <- 'foundation' in product_type|title,True,False
Tom Ford Beauty,luxury,9090494038229,soleil-clutch-lip-set,Soleil Clutch Lip Set,Lips,excluded,excluded by the set/kit/tool/non-makeup word list,False,False
Tom Ford Beauty,luxury,9090494005461,eye-contour-brush-12,Eye Contour Brush 12,Makeup Brushes,excluded,excluded by the set/kit/tool/non-makeup word list,False,False
Tom Ford Beauty,luxury,9090493972693,neroli-portofino-parfum,Neroli Portofino Parfum,Fragrance,unclassified,no §7 rule matched,True,False
Tom Ford Beauty,luxury,9090494136533,grey-vetiver-eau-de-parfum,Grey Vetiver Eau de Parfum,Fragrance,unclassified,no §7 rule matched,True,False
Tom Ford Beauty,luxury,9090494103765,noir-extreme-eau-de-parfum,Noir Extreme Eau de Parfum,Fragrance,unclassified,no §7 rule matched,True,False
Tom Ford Beauty,luxury,9090494070997,fucking-fabulous-all-over-body-spray,Fucking Fabulous All Over Body Spray,Fragrance,excluded,excluded by the set/kit/tool/non-makeup word list,True,False
Tom Ford Beauty,luxury,9090494267605,rose-damalfi-eau-de-parfum,Rose D'Amalfi Eau de Parfum,Fragrance,unclassified,no §7 rule matched,True,False
Tom Ford Beauty,luxury,9090494169301,soleil-neige-shimmering-body-oil,Soleil Neige Shimmering Body Oil,Skincare,excluded,excluded by the set/kit/tool/non-makeup word list,True,False
Tom Ford Beauty,luxury,9090494365909,soleil-de-feu-eau-de-parfum,Soleil de Feu Eau de Parfum,Fragrance,unclassified,no §7 rule matched,True,False
Tom Ford Beauty,luxury,9090494333141,emotionproof-eye-primer,Emotionproof Eye Primer,Eyes,primer,primer <- 'primer' in product_type|title,True,False
Tom Ford Beauty,luxury,9090494300373,costa-azzurra-parfum,Costa Azzurra Parfum,Fragrance,unclassified,no §7 rule matched,True,False
Tom Ford Beauty,luxury,9090494431445,bois-pacifique-eau-de-parfum,Bois Pacifique Eau de Parfum,Fragrance,unclassified,no §7 rule matched,True,False
Tom Ford Beauty,luxury,9090494398677,black-lacquer-eau-de-parfum,Black Lacquer Eau de Parfum,Fragrance,unclassified,no §7 rule matched,True,False
Tom Ford Beauty,luxury,9090494464213,tobacco-vanille-all-over-body-spray,Tobacco Vanille All Over Body Spray,Fragrance,excluded,excluded by the set/kit/tool/non-makeup word list,True,False
Tom Ford Beauty,luxury,9090494660821,tobacco-vanille-conditioning-beard-oil,Tobacco Vanille Conditioning Beard Oil,Skincare,excluded,excluded by the set/kit/tool/non-makeup word list,True,False
Tom Ford Beauty,luxury,9090494726357,soleil-blanc-eau-de-parfum,Soleil Blanc Eau de Parfum,Fragrance,unclassified,no §7 rule matched,True,False
Tom Ford Beauty,luxury,9090494824661,slim-lip-color-shine,Slim Lip Color Shine,Lips,lipstick,lipstick <- 'lip color' in product_type|title,True,False
Tom Ford Beauty,luxury,9090494759125,extreme-mascara,Extreme Mascara,Mascara,mascara,mascara <- 'mascara' in product_type|title,True,False
Tom Ford Beauty,luxury,9090496561365,tom-ford-research-creme-concentrate,TOM FORD RESEARCH Crème Concentrate,Skincare,excluded,excluded by the set/kit/tool/non-makeup word list,True,False
Tom Ford Beauty,luxury,9090496495829,eau-de-soleil-blanc-eau-de-toilette,Eau de Soleil Blanc Eau de Toilette,Fragrance,unclassified,no §7 rule matched,True,False
Tom Ford Beauty,luxury,9090496364757,fucking-fabulous-parfum,Fucking Fabulous Parfum,Fragrance,unclassified,no §7 rule matched,True,False
Tom Ford Beauty,luxury,9090496331989,electric-cherry-eau-de-parfum,Electric Cherry Eau de Parfum,Fragrance,unclassified,no §7 rule matched,True,False
Tom Ford Beauty,luxury,9090496299221,bitter-peach-all-over-body-spray,Bitter Peach All Over Body Spray,Fragrance,excluded,excluded by the set/kit/tool/non-makeup word list,True,False
Tom Ford Beauty,luxury,9090496266453,shade-and-illuminate-concealer,Shade and Illuminate Concealer,Face,concealer,concealer <- 'concealer' in product_type|title,True,False
Tom Ford Beauty,luxury,9090496233685,ombre-leather-eau-de-parfum,Ombré Leather Eau De Parfum,Fragrance,unclassified,no §7 rule matched,True,False
Tom Ford Beauty,luxury,9090496102613,oud-wood-conditioning-beard-oil,Oud Wood Conditioning Beard Oil,Skincare,excluded,excluded by the set/kit/tool/non-makeup word list,True,False
Tom Ford Beauty,luxury,9090496037077,santal-blush-eau-de-parfum,Santal Blush Eau de Parfum,Fragrance,powder_blush,powder_blush <- 'blush' in product_type|title,True,False
Tom Ford Beauty,luxury,9090496004309,eyebrow-laminator,Eyebrow Laminator,Eyes,brow,brow <- 'eyebrow' in product_type|title,True,False
Tom Ford Beauty,luxury,9090495938773,gel-eyeliner,Gel Eyeliner,Eyes,out_of_scope,out of scope <- 'eyeliner' (not a §7 category),True,False
Tom Ford Beauty,luxury,9090495906005,fucking-fabulous-eau-de-parfum,Fucking Fabulous Eau de Parfum,Fragrance,unclassified,no §7 rule matched,True,False
Tom Ford Beauty,luxury,9090495873237,lost-cherry-all-over-body-spray,Lost Cherry All Over Body Spray,Fragrance,excluded,excluded by the set/kit/tool/non-makeup word list,True,False
Tom Ford Beauty,luxury,9090495807701,tom-ford-research-serum-concentrate,TOM FORD RESEARCH Serum Concentrate,Skincare,excluded,excluded by the set/kit/tool/non-makeup word list,True,False
Tom Ford Beauty,luxury,9090495774933,oud-wood-hand-and-body-wash,Oud Wood Hand and Body Wash,Skincare,excluded,excluded by the set/kit/tool/non-makeup word list,True,False
Tom Ford Beauty,luxury,9090495742165,brow-sculptor,Brow Sculptor,Eyes,brow,brow <- 'brow' in product_type|title,True,False
Tom Ford Beauty,luxury,9090495709397,velvet-orchid-eau-de-parfum,Velvet Orchid Eau de Parfum,Fragrance,unclassified,no §7 rule matched,True,False
Tom Ford Beauty,luxury,9090495676629,bois-marocain-eau-de-parfum,Bois Marocain Eau de Parfum,Fragrance,unclassified,no §7 rule matched,True,False
Tom Ford Beauty,luxury,9090495643861,fougere-dargent-eau-de-parfum,Fougère D'Argent Eau de Parfum,Fragrance,unclassified,no §7 rule matched,True,False
Tom Ford Beauty,luxury,9090495611093,ebene-fume-candle,Ébène Fumé Candle,Fragrance,unclassified,no §7 rule matched,False,False
Tom Ford Beauty,luxury,9090495414485,soleil-lip-blush-clutch-size,Soleil Lip Blush Clutch Size,Lips,powder_blush,powder_blush <- 'blush' in product_type|title,True,False
Tom Ford Beauty,luxury,9090495316181,ombre-leather-all-over-body-spray,Ombré Leather All Over Body Spray,Fragrance,excluded,excluded by the set/kit/tool/non-makeup word list,True,False
Tom Ford Beauty,luxury,9090495250645,traceless-soft-matte-concealer,Traceless Soft Matte Concealer,Face,concealer,concealer <- 'concealer' in product_type|title,True,False
Tom Ford Beauty,luxury,9090495185109,shade-and-illuminate-brush-04,Shade and Illuminate Brush 04,Makeup Brushes,excluded,excluded by the set/kit/tool/non-makeup word list,False,False
Tom Ford Beauty,luxury,9090495152341,tom-ford-research-intensive-treatment-emulsion,TOM FORD RESEARCH Intensive Treatment Emulsion,Skincare,excluded,excluded by the set/kit/tool/non-makeup word list,True,False
Tom Ford Beauty,luxury,9090495119573,tom-ford-research-eye-repair-concentrate,TOM FORD RESEARCH Eye Repair Concentrate,Skincare,excluded,excluded by the set/kit/tool/non-makeup word list,True,False
Tom Ford Beauty,luxury,9090495054037,tuscan-leather-all-over-body-spray,Tuscan Leather All Over Body Spray,Fragrance,excluded,excluded by the set/kit/tool/non-makeup word list,True,False
Tom Ford Beauty,luxury,9090494988501,rose-prick-all-over-body-spray,Rose Prick All Over Body Spray,Fragrance,excluded,excluded by the set/kit/tool/non-makeup word list,True,False
Tom Ford Beauty,luxury,9090494955733,eyeshadow-blend-brush-13,Eyeshadow Blend Brush 13,Makeup Brushes,excluded,excluded by the set/kit/tool/non-makeup word list,False,False
Tom Ford Beauty,luxury,9090494890197,oud-wood-hand-and-body-moisturizer,Oud Wood Hand and Body Moisturizer,Skincare,excluded,excluded by the set/kit/tool/non-makeup word list,True,False
Tom Ford Beauty,luxury,9090496463061,neroli-portofino-eau-de-parfum,Neroli Portofino Eau de Parfum,Fragrance,unclassified,no §7 rule matched,True,False
Tom Ford Beauty,luxury,9090495283413,black-orchid-eau-de-toilette,Black Orchid Eau de Toilette,Fragrance,unclassified,no §7 rule matched,True,False
Tom Ford Beauty,luxury,9090496594133,black-orchid-all-over-body-spray,Black Orchid All Over Body Spray,Fragrance,excluded,excluded by the set/kit/tool/non-makeup word list,True,False
Tom Ford Beauty,luxury,9090494857429,black-orchid-parfum,Black Orchid Parfum,Fragrance,unclassified,no §7 rule matched,True,False
Tom Ford Beauty,luxury,9090494234837,black-orchid-eau-de-parfum,Black Orchid Eau de Parfum,Fragrance,unclassified,no §7 rule matched,True,False
Tom Ford Beauty,luxury,9090496200917,bronzer-brush-05,Bronzer Brush 05,Makeup Brushes,excluded,excluded by the set/kit/tool/non-makeup word list,False,False
Tom Ford Beauty,luxury,9090498232533,fucking-fabulous-candle,Fucking Fabulous Candle,Fragrance,unclassified,no §7 rule matched,False,False
Tom Ford Beauty,luxury,9090498199765,mandarino-di-amalfi-eau-de-parfum,Mandarino di Amalfi Eau de Parfum,Fragrance,unclassified,no §7 rule matched,True,False
Tom Ford Beauty,luxury,9090498166997,white-suede-all-over-body-spray,White Suede All Over Body Spray,Fragrance,excluded,excluded by the set/kit/tool/non-makeup word list,True,False
Tom Ford Beauty,luxury,9090498134229,lip-pencil,Lip Pencil,Lips,lip_liner,lip_liner <- 'lip pencil' in product_type|title,True,False
Tom Ford Beauty,luxury,9090498068693,emotionproof-mascara,Emotionproof Mascara,Mascara,mascara,mascara <- 'mascara' in product_type|title,True,False
Tom Ford Beauty,luxury,9090498035925,cafe-rose-eau-de-parfum,Café Rose Eau de Parfum,Fragrance,unclassified,no §7 rule matched,True,False
Tom Ford Beauty,luxury,9090497970389,costa-azzurra-eau-de-parfum,Costa Azzurra Eau de Parfum,Fragrance,unclassified,no §7 rule matched,True,False
Tom Ford Beauty,luxury,9090497872085,white-suede-eau-de-parfum,White Suede Eau de Parfum,Fragrance,unclassified,no §7 rule matched,True,False
Tom Ford Beauty,luxury,9090497806549,noir-extreme-parfum,Noir Extreme Parfum,Fragrance,unclassified,no §7 rule matched,True,False
Tom Ford Beauty,luxury,9090497708245,black-orchid-eau-de-parfum-set,Black Orchid Eau de Parfum Set,Fragrance,excluded,excluded by the set/kit/tool/non-makeup word list,False,True
Tom Ford Beauty,luxury,9090497675477,black-orchid-reserve-parfum,Black Orchid Reserve Parfum,Fragrance,unclassified,no §7 rule matched,True,False
Tom Ford Beauty,luxury,9090497642709,soleil-summer-spark-lip-balm-clutch-size,Soleil Summer Spark Lip Balm Clutch Size,Lips,lipstick,lipstick <- 'lip balm' in product_type|title,True,False
Tom Ford Beauty,luxury,9090497609941,soleil-lip-blush,Soleil Lip Blush,Lips,powder_blush,powder_blush <- 'blush' in product_type|title,True,False
Tom Ford Beauty,luxury,9090497511637,lip-color-matte,Lip Color Matte,Lips,lipstick,lipstick <- 'lip color' in product_type|title,True,False
Tom Ford Beauty,luxury,9090497446101,hyaluronic-energizing-mist,Hyaluronic Energizing Mist,Face,unclassified,no §7 rule matched,True,False
Tom Ford Beauty,luxury,9090497347797,bitter-peach-eau-de-parfum,Bitter Peach Eau de Parfum,Fragrance,unclassified,no §7 rule matched,True,False
Tom Ford Beauty,luxury,9090497315029,oud-wood-eau-de-parfum,Oud Wood Eau de Parfum,Fragrance,unclassified,no §7 rule matched,True,False
Tom Ford Beauty,luxury,9090497249493,soleil-summer-lip-balm,Soleil Summer Lip Balm,Lips,lipstick,lipstick <- 'lip balm' in product_type|title,True,False
Tom Ford Beauty,luxury,9090497183957,eye-defining-pen,Eye Defining Pen,Eyes,unclassified,no §7 rule matched,True,False
Tom Ford Beauty,luxury,9090497151189,ebene-fume-all-over-body-spray,Ébène Fumé All Over Body Spray,Fragrance,excluded,excluded by the set/kit/tool/non-makeup word list,True,False
Tom Ford Beauty,luxury,9090497085653,oud-wood-candle,Oud Wood Candle,Fragrance,unclassified,no §7 rule matched,False,False
Tom Ford Beauty,luxury,9090497052885,smokey-eye-brush-14,Smokey Eye Brush 14,Makeup Brushes,excluded,excluded by the set/kit/tool/non-makeup word list,False,False
Tom Ford Beauty,luxury,9090497020117,tuscan-leather-eau-de-parfum,Tuscan Leather Eau de Parfum,Fragrance,unclassified,no §7 rule matched,True,False
Tom Ford Beauty,luxury,9090496987349,myrrhe-mystere-eau-de-parfum,Myrrhe Mystère Eau de Parfum,Fragrance,unclassified,no §7 rule matched,True,False
Tom Ford Beauty,luxury,9090496889045,oud-wood-all-over-body-spray,Oud Wood All Over Body Spray,Fragrance,excluded,excluded by the set/kit/tool/non-makeup word list,True,False
Tom Ford Beauty,luxury,9090496856277,tobacco-vanille-eau-de-parfum,Tobacco Vanille Eau de Parfum,Fragrance,unclassified,no §7 rule matched,True,False
Tom Ford Beauty,luxury,9090496823509,architecture-radiance-hydrating-foundation-broad-spectrum-spf-50,Architecture Radiance Hydrating Foundation Broad Spectrum SPF 50+,Face,foundation,foundation <- 'foundation' in product_type|title,True,False
Tom Ford Beauty,luxury,9090496725205,ultra-shine-lip-color,Ultra-Shine Lip Color,Lips,lipstick,lipstick <- 'lip color' in product_type|title,True,False
Tom Ford Beauty,luxury,9090496692437,vanilla-sex-eau-de-parfum,Vanilla Sex Eau de Parfum,Fragrance,unclassified,no §7 rule matched,True,False
Tom Ford Beauty,luxury,9090496659669,eyeshadow-brush-11,Eyeshadow Brush 11,Makeup Brushes,excluded,excluded by the set/kit/tool/non-makeup word list,False,False
Tower 28,high_end,7502507114551,brush-03-baby-blender-brush,Brush 03 - Baby Blender Brush,,excluded,excluded by the set/kit/tool/non-makeup word list,False,False
Tower 28,high_end,7495064911927,blender-brush,Brush 01 - Big Blender Brush,,excluded,excluded by the set/kit/tool/non-makeup word list,False,False
Tower 28,high_end,7492755882039,swipe-foundation,Swipe Serum Foundation,Foundations & Concealers,excluded,excluded by the set/kit/tool/non-makeup word list,False,False
Tower 28,high_end,7425954578487,shineon-plumping-lip-jelly,ShineOn Plumping Lip Jelly,,lip_gloss,lip_gloss <- 'plumping' in product_type|title,False,False
Tower 28,high_end,7395287597111,sos-store-our-stuff-makeup-bag-1,The Mini Pouch,,excluded,excluded by the set/kit/tool/non-makeup word list,False,False
Tower 28,high_end,6878346281015,sos-spray-duo,SOS Spray Duo,,excluded,excluded by the set/kit/tool/non-makeup word list,False,False
Tower 28,high_end,7351645634615,hair-clip,The ‘W’ Claw Clip,,excluded,excluded by the set/kit/tool/non-makeup word list,False,False
Tower 28,high_end,7290604257335,the-sunset-crewneck,The Sunset Crewneck,,unclassified,no §7 rule matched,False,False
Tower 28,high_end,7286214656055,keep-it-together-keychain,Keep-It Together Keychain,,unclassified,no §7 rule matched,False,False
Tower 28,high_end,7422842863671,the-grippy-socks,The Grippy Socks,,unclassified,no §7 rule matched,False,False
Tower 28,high_end,7440152428599,shineon-lip-gloss-in-pistachio,ShineOn Lip Gloss in Pistachio,,lip_gloss,lip_gloss <- 'lip gloss' in product_type|title,False,False
Tower 28,high_end,6878796316727,makewaves®-mascara-gift-with-purchase,MakeWaves Mascara,,excluded,excluded by the set/kit/tool/non-makeup word list,False,False
Tower 28,high_end,7276010405943,sos-faceguard-spf-30-sample,SOS FaceGuard™ SPF 30 - Sample,,excluded,excluded by the set/kit/tool/non-makeup word list,False,False
Tower 28,high_end,7415928979511,travel-sos-recovery-cream-20ml-copy,SOS FaceGuard™ SPF 30 20ML,,excluded,excluded by the set/kit/tool/non-makeup word list,False,False
Tower 28,high_end,6914813132855,makewaves®-mascara-set-with-mini,MakeWaves® Mascara Set,,excluded,excluded by the set/kit/tool/non-makeup word list,False,False
Tower 28,high_end,7233775435831,gift-with-purchase-charms,Gift With Purchase,,excluded,excluded by the set/kit/tool/non-makeup word list,False,False
Tower 28,high_end,7386030440503,sos-rescue-relief-body-wash-treatment,SOS Rescue + Relief Body Wash Treatment,,excluded,excluded by the set/kit/tool/non-makeup word list,False,False
Tower 28,high_end,6699446042679,tower-28-essentials,Tower 28 Essentials Set,set,excluded,excluded by the set/kit/tool/non-makeup word list,False,False
Tower 28,high_end,7223406690359,deluxe-lipsoftie-gift-set,LipSoftie® Deluxe Gift Set,,excluded,excluded by the set/kit/tool/non-makeup word list,False,False
Tower 28,high_end,6601210626103,sunnydays-spf-30-tinted-sunscreen-sample,SunnyDays™ Tinted SPF 30 - Sample,Foundations & Concealers,excluded,excluded by the set/kit/tool/non-makeup word list,False,False
Tower 28,high_end,7340785270839,shineon-lip-jelly-sample,ShineOn Lip Oil Jelly - Sample,,excluded,excluded by the set/kit/tool/non-makeup word list,False,False
Tower 28,high_end,6820046667831,swipe-serum-concealer-sample,Swipe Serum Concealer - Sample,,excluded,excluded by the set/kit/tool/non-makeup word list,False,False
Tower 28,high_end,7201833418807,lilsoftie-in-watermelon-kiwi,Cyber Monday Gift,,excluded,excluded by the set/kit/tool/non-makeup word list,False,False
Tower 28,high_end,7334460620855,sos-1-2-3-starter-kit,SOS Skincare Minis Kit,,excluded,excluded by the set/kit/tool/non-makeup word list,False,False
Tower 28,high_end,7327832375351,gogo-shimmer-eyeshadow-stick,GoGo Cooling Shimmer Eyeshadow,,eyeshadow_single,eyeshadow_single <- 'eyeshadow' in product_type|title,False,False
Tower 28,high_end,7221646098487,getset-blur-set-matte-powder-blush,GetSet® Matte Powder Blush,,excluded,excluded by the set/kit/tool/non-makeup word list,False,False
Tower 28,high_end,7314369347639,t28-x-toni-bravo-getset-powder-blush,Toni Bravo GetSet® Matte Powder Blush,,powder_blush,powder_blush <- 'blush' in product_type|title,False,False
Tower 28,high_end,7202977775671,gift-with-purchase-makewaves-mini-mascara,Mini MakeWaves Mascara in Jet,,excluded,excluded by the set/kit/tool/non-makeup word list,False,False
Tower 28,high_end,7273772154935,sos-faceguard-spf-30,SOS FaceGuard™ SPF 30 Sunscreen PA+++,,unclassified,no §7 rule matched,False,False
Tower 28,high_end,7146342088759,powder-puff-duo,GetSet® Powder Puff Duo,,excluded,excluded by the set/kit/tool/non-makeup word list,False,False
Tower 28,high_end,7257619497015,line-shine-lucky-lip-kit,Line + Shine Lip Kit,,excluded,excluded by the set/kit/tool/non-makeup word list,False,False
Tower 28,high_end,7239612923959,cheeky-duo,The Cheeky Duo,,excluded,excluded by the set/kit/tool/non-makeup word list,False,False
Tower 28,high_end,7237659000887,sos-rescue-spray-jumbo-refill,SOS Rescue Spray Refill,,unclassified,no §7 rule matched,False,False
Tower 28,high_end,7150059683895,lipsoftie-lip-treatment-set,LipSoftie® Lip Treatment Set,,excluded,excluded by the set/kit/tool/non-makeup word list,False,False
Tower 28,high_end,7209198714935,gift-card-10-back,$10 Gift Card,,excluded,excluded by the set/kit/tool/non-makeup word list,False,False
Tower 28,high_end,7203880861751,sos-store-our-stuff-makeup-bag,SOS (Store. Our. Stuff.) Makeup Bag,,excluded,excluded by the set/kit/tool/non-makeup word list,False,False
Tower 28,high_end,6806054928439,sos-daily-barrier-recovery-cream,SOS Recovery Cream,,excluded,excluded by the set/kit/tool/non-makeup word list,False,False
Tower 28,high_end,7146146889783,getset-blur-set-pressed-powder,GetSet® Pressed Powder,,excluded,excluded by the set/kit/tool/non-makeup word list,False,False
Tower 28,high_end,6716235481143,makewaves_mini-mascara,MakeWaves® Mini Mascara,,mascara,mascara <- 'mascara' in product_type|title,False,False
Tower 28,high_end,7139496689719,sos-rescue-set,SOS 3-Step Skincare Set,,excluded,excluded by the set/kit/tool/non-makeup word list,False,False
Tower 28,high_end,7139434790967,sos-gel-cleanser,SOS Gel Cleanser,,excluded,excluded by the set/kit/tool/non-makeup word list,False,False
Tower 28,high_end,7091933806647,everyday-baseics-set,Everyday Base-ics Set,set,excluded,excluded by the set/kit/tool/non-makeup word list,False,False
Tower 28,high_end,6925838155831,sos-lipsoftie-lip-treatment,SOS LipSoftie® Lip Treatment,,unclassified,no §7 rule matched,False,False
Tower 28,high_end,6921708306487,lipsoftie-treatment-duo,LipSoftie® Treatment Duo,set,excluded,excluded by the set/kit/tool/non-makeup word list,False,False
Tower 28,high_end,6915231776823,lipsoftie-lip-treatment,LipSoftie® Lip Treatment,,unclassified,no §7 rule matched,False,False
Tower 28,high_end,6891021860919,gift-card,Gift Card,,excluded,excluded by the set/kit/tool/non-makeup word list,False,False
Tower 28,high_end,1535432392759,shine-on-lip-gloss-jelly,ShineOn Lip Oil Jelly,,excluded,excluded by the set/kit/tool/non-makeup word list,False,False
Tower 28,high_end,6822716178487,go-to-set,Go-To Set,set,excluded,excluded by the set/kit/tool/non-makeup word list,False,False
Tower 28,high_end,4599169646647,shineon-milky-lip-jelly,ShineOn Milky Lip Oil Jelly,,excluded,excluded by the set/kit/tool/non-makeup word list,False,False
Tower 28,high_end,6813856235575,swipe-serum-concealer,Swipe Serum Concealer®,Foundations & Concealers,excluded,excluded by the set/kit/tool/non-makeup word list,False,False
Tower 28,high_end,6770752159799,sculptino-soft-cream-contour,Sculptino® Cream Contour,,excluded,excluded by the set/kit/tool/non-makeup word list,False,False
Tower 28,high_end,6687550406711,makewaves-mascara,MakeWaves® Mascara,,mascara,mascara <- 'mascara' in product_type|title,False,False
Tower 28,high_end,6701144539191,oneliner-multi-liner,OneLiner® Lip Liner,,lip_liner,lip_liner <- 'lip liner' in product_type|title,False,False
Tower 28,high_end,4666877476919,try-sos-daily-rescue-facial-spray,SOS Rescue Spray - Standard Size,,unclassified,no §7 rule matched,False,False
Tower 28,high_end,6699447025719,sos-daily-rescue-facial-spray-travel,Travel SOS Rescue Spray,,unclassified,no §7 rule matched,False,False
Tower 28,high_end,6656058425399,sos-intensive-rescue-serum,SOS Rescue Serum,,excluded,excluded by the set/kit/tool/non-makeup word list,False,False
Tower 28,high_end,6646955409463,shineon-milky-lip-jelly-collection,Milky Lip Set,,excluded,excluded by the set/kit/tool/non-makeup word list,False,False
Tower 28,high_end,6565267701815,sunnydays-tinted-spf,SunnyDays™ Tinted SPF 30,Foundations & Concealers,concealer,concealer <- 'concealer' in product_type|title,False,False
Tower 28,high_end,4489543286839,bronzino-illuminating-bronzer,Bronzino® Cream Bronzer,,excluded,excluded by the set/kit/tool/non-makeup word list,False,False
Tower 28,high_end,1454226898999,beachplease-luminous-tinted-balm-blush,BeachPlease Cream Blush,,excluded,excluded by the set/kit/tool/non-makeup word list,False,False
Tower 28,high_end,1512793538615,sos-daily-facial-rescue-spray,SOS Rescue Spray,,unclassified,no §7 rule matched,False,False
Tower 28,high_end,1378471706679,superdew-shimmer-free-highlighter,SuperDew Highlighter,,highlighter,highlighter <- 'highlight' in product_type|title,False,False
Wet n Wild,drugstore,10099274907922,megalast-liquid-catsuit-matte-lipstick-give-me-mocha,MegaLast Liquid Catsuit Matte Lipstick | Give Me Mocha,Lipsticks,liquid_lipstick,liquid_lipstick <- 'liquid catsuit' in product_type|title,False,False
Wet n Wild,drugstore,10099323928850,photo-focus-dewy-foundation-classic-beige,Photo Focus Dewy Foundation | Classic Beige,Foundations & Concealers,concealer,concealer <- 'concealer' in product_type|title,False,False
Wet n Wild,drugstore,10099323765010,photo-focus-dewy-foundation-bronze-beige,Photo Focus Dewy Foundation | Bronze Beige,Foundations & Concealers,concealer,concealer <- 'concealer' in product_type|title,False,False
Wet n Wild,drugstore,10099284410642,photo-focus-matte-setting-spray-matte-appeal,Photo Focus Matte Setting Spray | Matte Appeal,Makeup Finishing Sprays,setting_spray,setting_spray <- 'finishing spray' in product_type|title,False,False
Wet n Wild,drugstore,10099321930002,megaglo-blushlighter-after-sex-glow,MegaGlo Blushlighter | I Met Someone,Highlighters & Luminizers,highlighter,highlighter <- 'highlight' in product_type|title,False,False
Wet n Wild,drugstore,10099270058258,proline-felt-tip-eyeliner-black-proline-felt-tip-eyeliner,ProLine™ Felt Tip Eyeliner | Black,Eyeliner,out_of_scope,out of scope <- 'eyeliner' (not a §7 category),False,False
Wet n Wild,drugstore,10099389333778,breakup-proof-waterproof-retractable-gel-eyeliner-charcoal,Breakup Proof Waterproof Retractable Gel Eyeliner | Charcoal,Eye Primers,primer,primer <- 'primer' in product_type|title,False,False
Wet n Wild,drugstore,10099340673298,big-poppa-mascara,Big Poppa Mascara,Mascaras,mascara,mascara <- 'mascara' in product_type|title,False,False
Wet n Wild,drugstore,10099331531026,perfect-pout-day-lip-treatment,Perfect Pout Lip Treatment,Lip Balms,lipstick,lipstick <- 'lip balm' in product_type|title,False,False
Wet n Wild,drugstore,10099447955730,bare-focus-niacinamide-skin-tint-medium-beige,Bare Focus Niacinamide Skin Tint | Medium Beige,Foundations & Concealers,concealer,concealer <- 'concealer' in product_type|title,False,False
Wet n Wild,drugstore,10099448643858,bare-focus-niacinamide-skin-tint-caramel,Bare Focus Niacinamide Skin Tint | Caramel,Foundations & Concealers,concealer,concealer <- 'concealer' in product_type|title,False,False
Wet n Wild,drugstore,10099263832338,photo-focus-matte-face-primer-partners-in-prime,Photo Focus Matte Face Primer,Face Primers,primer,primer <- 'primer' in product_type|title,False,False
Wet n Wild,drugstore,10099273171218,megaglo-highlighting-powder-bloom-time,MegaGlo Highlighting Powder | Bloom Time,Highlighters & Luminizers,highlighter,highlighter <- 'highlight' in product_type|title,False,False
Wet n Wild,drugstore,10099398574354,megalast-lock-n-shine-lip-color-gloss-dark-wisteria,Megalast Lock 'N' Shine Lip Color + Gloss | Dark Wisteria,Lip Gloss,lip_gloss,lip_gloss <- 'lip gloss' in product_type|title,False,False
Wet n Wild,drugstore,10099398705426,megalast-lock-n-shine-lip-color-gloss-utaupia,Megalast Lock 'N' Shine Lip Color + Gloss | Utaupia,Lip Gloss,lip_gloss,lip_gloss <- 'lip gloss' in product_type|title,False,False
Wet n Wild,drugstore,10099397951762,megalast-lock-n-shine-lip-color-gloss-nude-illusion,Megalast Lock 'N' Shine Lip Color + Gloss | Nude Illusion,Lip Gloss,lip_gloss,lip_gloss <- 'lip gloss' in product_type|title,False,False
Wet n Wild,drugstore,10099401294098,color-icon-lip-gloss-aries,Color Icon Zodiac Lip Gloss | Aries,Lip Gloss,lip_gloss,lip_gloss <- 'lip gloss' in product_type|title,False,False
Wet n Wild,drugstore,10099361579282,perfect-pout-so-pouty-lip-gloss-balm-coconuts-for-you,Perfect Pout So Pouty Lip Gloss Balm | Coconuts For You,Lip Gloss,lip_gloss,lip_gloss <- 'lip gloss' in product_type|title,False,False
Wet n Wild,drugstore,10099339329810,color-icon-10-pan-palette-heart-sol,Color Icon 10-Pan Palette | Heart & Sol,Eye Shadows,eyeshadow_single,eyeshadow_single <- 'eye shadow' in product_type|title,False,False
Wet n Wild,drugstore,10099361218834,bare-focus-clarifying-finishing-powder-medium-tan,Bare Focus Clarifying Finishing Powder | Medium-Tan,Face Powder,setting_powder,setting_powder <- 'finishing powder' in product_type|title,False,False
Wet n Wild,drugstore,10099446317330,bare-focus-niacinamide-skin-tint-fair-light-beige,Bare Focus Niacinamide Skin Tint | Fair Light Beige,Foundations & Concealers,concealer,concealer <- 'concealer' in product_type|title,False,False
Wet n Wild,drugstore,10099450937618,bare-focus-niacinamide-skin-tint-praline,Bare Focus Niacinamide Skin Tint | Praline,Foundations & Concealers,concealer,concealer <- 'concealer' in product_type|title,False,False
Wet n Wild,drugstore,10099431702802,bare-focus-niacinamide-skin-tint-natural-light,Bare Focus Niacinamide Skin Tint | Natural Light,Foundations & Concealers,concealer,concealer <- 'concealer' in product_type|title,False,False
Wet n Wild,drugstore,10099454902546,bare-focus-niacinamide-skin-tint-buff-bisque,Bare Focus Niacinamide Skin Tint | Buff Bisque,Foundations & Concealers,concealer,concealer <- 'concealer' in product_type|title,False,False
Wet n Wild,drugstore,10099433275666,bare-focus-niacinamide-skin-tint-amber-beige,Bare Focus Niacinamide Skin Tint | Amber Beige,Foundations & Concealers,concealer,concealer <- 'concealer' in product_type|title,False,False
Wet n Wild,drugstore,10099452313874,bare-focus-niacinamide-skin-tint-truffle,Bare Focus Niacinamide Skin Tint | Truffle,Foundations & Concealers,concealer,concealer <- 'concealer' in product_type|title,False,False
Wet n Wild,drugstore,10099445858578,bare-focus-niacinamide-skin-tint-peach-ivory,Bare Focus Niacinamide Skin Tint | Peach Ivory,Foundations & Concealers,concealer,concealer <- 'concealer' in product_type|title,False,False
Wet n Wild,drugstore,10099449889042,bare-focus-niacinamide-skin-tint-cocoa,Bare Focus Niacinamide Skin Tint | Cocoa,Foundations & Concealers,concealer,concealer <- 'concealer' in product_type|title,False,False
Wet n Wild,drugstore,10099455852818,bare-focus-niacinamide-skin-tint-light,Bare Focus Niacinamide Skin Tint | Light,Foundations & Concealers,concealer,concealer <- 'concealer' in product_type|title,False,False
Wet n Wild,drugstore,10099443826962,bare-focus-niacinamide-skin-tint-fair,Bare Focus Niacinamide Skin Tint | Fair,Foundations & Concealers,concealer,concealer <- 'concealer' in product_type|title,False,False
Wet n Wild,drugstore,10099450347794,bare-focus-niacinamide-skin-tint-mocha,Bare Focus Niacinamide Skin Tint | Mocha,Foundations & Concealers,concealer,concealer <- 'concealer' in product_type|title,False,False
Wet n Wild,drugstore,10099449299218,bare-focus-niacinamide-skin-tint-toffee,Bare Focus Niacinamide Skin Tint | Toffee,Foundations & Concealers,concealer,concealer <- 'concealer' in product_type|title,False,False
Wet n Wild,drugstore,10099454017810,bare-focus-niacinamide-skin-tint-light-medium-sand,Bare Focus Niacinamide Skin Tint | Light Medium Sand,Foundations & Concealers,concealer,concealer <- 'concealer' in product_type|title,False,False
Wet n Wild,drugstore,10099433734418,bare-focus-niacinamide-skin-tint-deep,Bare Focus Niacinamide Skin Tint | Deep,Foundations & Concealers,concealer,concealer <- 'concealer' in product_type|title,False,False
Wet n Wild,drugstore,10099431538962,bare-focus-niacinamide-skin-tint-fair-beige,Bare Focus Niacinamide Skin Tint | Fair Beige,Foundations & Concealers,concealer,concealer <- 'concealer' in product_type|title,False,False
Wet n Wild,drugstore,10099447169298,bare-focus-niacinamide-skin-tint-buff,Bare Focus Niacinamide Skin Tint | Buff,Foundations & Concealers,concealer,concealer <- 'concealer' in product_type|title,False,False
Wet n Wild,drugstore,10099434291474,bare-focus-niacinamide-skin-tint-deep-tan,Bare Focus Niacinamide Skin Tint | Deep Tan,Foundations & Concealers,concealer,concealer <- 'concealer' in product_type|title,False,False
Wet n Wild,drugstore,10099434979602,bare-focus-niacinamide-skin-tint-deep-brown,Bare Focus Niacinamide Skin Tint | Deep Brown,Foundations & Concealers,brow,brow <- 'brow' in product_type|title,False,False
Wet n Wild,drugstore,10099444547858,bare-focus-niacinamide-skin-tint-porcelain,Bare Focus Niacinamide Skin Tint | Porcelain,Foundations & Concealers,concealer,concealer <- 'concealer' in product_type|title,False,False
Wet n Wild,drugstore,10099445039378,bare-focus-niacinamide-skin-tint-soft-ivory,Bare Focus Niacinamide Skin Tint | Soft Ivory,Foundations & Concealers,concealer,concealer <- 'concealer' in product_type|title,False,False
Wet n Wild,drugstore,10099348799762,fast-dry-af-nail-color-get-stoned,Fast Dry AF Nail Color | Get Stoned,Nail Polishes,excluded,excluded by the set/kit/tool/non-makeup word list,False,False
Wet n Wild,drugstore,10099347325202,fast-dry-af-nail-color-cotton-candy,Fast Dry AF Nail Color | Cotton Candy,Nail Polishes,excluded,excluded by the set/kit/tool/non-makeup word list,False,False
Wet n Wild,drugstore,10099347718418,fast-dry-af-nail-color-red-light-district,Fast Dry AF Nail Color | Red Light District,Nail Polishes,excluded,excluded by the set/kit/tool/non-makeup word list,False,False
Wet n Wild,drugstore,10099347226898,fast-dry-af-nail-color-sorry-i-m-latte,"Fast Dry AF Nail Color | Sorry, I'm Latte",Nail Polishes,excluded,excluded by the set/kit/tool/non-makeup word list,False,False
Wet n Wild,drugstore,10099347882258,fast-dry-af-nail-color-southern-belle,Fast Dry AF Nail Color | Southern Belle,Nail Polishes,excluded,excluded by the set/kit/tool/non-makeup word list,False,False
Wet n Wild,drugstore,10099348242706,fast-dry-af-nail-color-out-of-pistachios,Fast Dry AF Nail Color | Out Of Pistachios,Nail Polishes,excluded,excluded by the set/kit/tool/non-makeup word list,False,False
Wet n Wild,drugstore,10099397624082,megalast-lock-n-shine-lip-color-gloss-la-pink,Megalast Lock 'N' Shine Lip Color + Gloss | LA Pink,Lip Gloss,lip_gloss,lip_gloss <- 'lip gloss' in product_type|title,False,False
Wet n Wild,drugstore,10099398115602,megalast-lock-n-shine-lip-color-gloss-red-y-for-me,Megalast Lock 'N' Shine Lip Color + Gloss | Red-Y For Me,Lip Gloss,lip_gloss,lip_gloss <- 'lip gloss' in product_type|title,False,False
Wet n Wild,drugstore,10099396903186,megalast-lock-n-shine-lip-color-gloss-affogato-dreams,Megalast Lock 'N' Shine Lip Color + Gloss | Affogato Dreams,Lip Gloss,lip_gloss,lip_gloss <- 'lip gloss' in product_type|title,False,False
Wet n Wild,drugstore,10099398377746,megalast-lock-n-shine-lip-color-gloss-shining-hybiscus,Megalast Lock 'N' Shine Lip Color + Gloss | Shining Hybiscus,Lip Gloss,lip_gloss,lip_gloss <- 'lip gloss' in product_type|title,False,False
Wet n Wild,drugstore,10099398181138,megalast-lock-n-shine-lip-color-gloss-irresistable,Megalast Lock 'N' Shine Lip Color + Gloss | Irresistable,Lip Gloss,lip_gloss,lip_gloss <- 'lip gloss' in product_type|title,False,False
Wet n Wild,drugstore,10099397427474,megalast-lock-n-shine-lip-color-gloss-big-pout-energy,Megalast Lock 'N' Shine Lip Color + Gloss | Big Pout Energy,Lip Gloss,lip_gloss,lip_gloss <- 'lip gloss' in product_type|title,False,False
Wet n Wild,drugstore,10099397787922,megalast-lock-n-shine-lip-color-gloss-sizzling-siren,Megalast Lock 'N' Shine Lip Color + Gloss | Sizzling Siren,Lip Gloss,lip_gloss,lip_gloss <- 'lip gloss' in product_type|title,False,False
Wet n Wild,drugstore,10099297779986,megalast-liquid-catsuit-high-shine-lipstick-bad-girl-s-club,MegaLast Liquid Catsuit High-Shine Lipstick | Bad Girl's Club,Lipsticks,liquid_lipstick,liquid_lipstick <- 'liquid catsuit' in product_type|title,False,False
Wet n Wild,drugstore,10099401687314,color-icon-lip-gloss-scorpio,Color Icon Zodiac Lip Gloss | Scorpio,Lip Gloss,lip_gloss,lip_gloss <- 'lip gloss' in product_type|title,False,False
Wet n Wild,drugstore,10099293487378,color-icon-lip-gloss-leo,Color Icon Zodiac Lip Gloss | Leo,Lip Gloss,lip_gloss,lip_gloss <- 'lip gloss' in product_type|title,False,False
Wet n Wild,drugstore,10099400868114,color-icon-lip-gloss-aquarius,Color Icon Zodiac Lip Gloss | Aquarius,Lip Gloss,lip_gloss,lip_gloss <- 'lip gloss' in product_type|title,False,False
Wet n Wild,drugstore,10099443532050,photo-focus-matte-finish-setting-mist,Photo Focus Matte Finish Setting Mist,Makeup Finishing Sprays,setting_spray,setting_spray <- 'finishing spray' in product_type|title,False,False
Wet n Wild,drugstore,10099290276114,megaglo-liquid-highlighter-halo-goodbye,"MegaGlo Liquid Highlighter | Halo, Goodbye",Highlighters & Luminizers,highlighter,highlighter <- 'highlight' in product_type|title,False,False
Wet n Wild,drugstore,10099339526418,color-icon-10-pan-palette-lights-off,Color Icon 10-Pan Palette | Lights Off,Eye Shadows,eyeshadow_single,eyeshadow_single <- 'eye shadow' in product_type|title,False,False
Wet n Wild,drugstore,10300629877010,chameleon-chrome-eyeshadow-moon-flare,Chameleon Chrome Eyeshadow | Moon Flare,Eye Shadows,eyeshadow_single,eyeshadow_single <- 'eye shadow' in product_type|title,False,False
Wet n Wild,drugstore,10300630794514,chameleon-chrome-eyeshadow-lunar-voltage,Chameleon Chrome Eyeshadow | Lunar Voltage,Eye Shadows,eyeshadow_single,eyeshadow_single <- 'eye shadow' in product_type|title,False,False
Wet n Wild,drugstore,10183565213970,kelp-shake-dual-phase-setting-mist,KELP SHAKE DUAL PHASE SETTING MIST,Makeup Finishing Sprays,setting_spray,setting_spray <- 'finishing spray' in product_type|title,False,False
Wet n Wild,drugstore,10205812621586,color-icon-multi-stick-pearl,Color Icon Multi-Stick | Pearl,Eye Makeup,unclassified,no §7 rule matched,False,False
Wet n Wild,drugstore,10301844619538,perfect-pout-lip-liner-stain-cherry-crimes,Perfect Pout Lip Liner Stain | Cherry Crimes,Lip Liners,lip_liner,lip_liner <- 'lip liner' in product_type|title,False,False
Wet n Wild,drugstore,10301816865042,perfect-pout-lip-liner-stain-pretty-in-nude,Perfect Pout Lip Liner Stain | Pretty in Nude,Lip Liners,lip_liner,lip_liner <- 'lip liner' in product_type|title,False,False
Wet n Wild,drugstore,10099264094482,smoky-liner-brush,Smoky Liner Brush,Makeup Brushes,excluded,excluded by the set/kit/tool/non-makeup word list,False,False
Wet n Wild,drugstore,10099282739474,megaglo-makeup-stick-you-re-a-natural,MegaGlo Vitamin E Makeup Stick | You're A Natural,Highlighters & Luminizers,highlighter,highlighter <- 'highlight' in product_type|title,False,False
Wet n Wild,drugstore,10099271991570,megaslickstm-lip-gloss-strawberry-ice-megaslicks-lip-gloss,MegaSlicks™ Lip Gloss | Strawberry Ice,Lip Gloss,lip_gloss,lip_gloss <- 'lip gloss' in product_type|title,False,False
Wet n Wild,drugstore,10099271794962,megaslickstm-lip-gloss-rose-gold-megaslicks-lip-gloss,MegaSlicks™ Lip Gloss | Rose Gold,Lip Gloss,lip_gloss,lip_gloss <- 'lip gloss' in product_type|title,False,False
Wet n Wild,drugstore,10205827727634,slanted-tweezers,SLANTED TWEEZERS,Tweezers,unclassified,no §7 rule matched,False,False
Wet n Wild,drugstore,10205820780818,microfiber-makeup-sponge-1,MICROFIBER MAKEUP SPONGE,Makeup Sponges,excluded,excluded by the set/kit/tool/non-makeup word list,False,False
Wet n Wild,drugstore,10099338969362,brow-sessive-brow-pencil-taupe,Brow-Sessive Brow Pencil | Taupe,Eyebrow Enhancers,brow,brow <- 'eyebrow' in product_type|title,False,False
Wet n Wild,drugstore,10099338903826,brow-sessive-brow-pencil-medium-brown,Brow-Sessive Brow Pencil | Medium Brown,Eyebrow Enhancers,brow,brow <- 'eyebrow' in product_type|title,False,False
Wet n Wild,drugstore,10099338838290,brow-sessive-brow-pencil-dark-brown,Brow-Sessive Brow Pencil | Dark Brown,Eyebrow Enhancers,brow,brow <- 'eyebrow' in product_type|title,False,False
Wet n Wild,drugstore,10205815046418,color-icon-multi-stick-green,Color Icon Multi-Stick | Green,Eye Makeup,unclassified,no §7 rule matched,False,False
Wet n Wild,drugstore,10205810852114,color-icon-multi-stick-white,Color Icon Multi-Stick | White,Eye Makeup,unclassified,no §7 rule matched,False,False
Wet n Wild,drugstore,10099333628178,mega-last-breakup-proof-retractable-eyeliner-black,Breakup Proof Waterproof Retractable Gel Eyeliner | Black,Eyeliner,out_of_scope,out of scope <- 'eyeliner' (not a §7 category),False,False
Wet n Wild,drugstore,10099258884370,color-icon-lipliner-plumberry,Color Icon Lipliner | Plumberry,Lip Liners,lip_liner,lip_liner <- 'lip liner' in product_type|title,False,False
Wet n Wild,drugstore,10099502743826,perfect-pout-lip-liner-stain-nude-tights,Perfect Pout Lip Liner Stain | Nude Tights,Lip Liners,lip_liner,lip_liner <- 'lip liner' in product_type|title,False,False
Wet n Wild,drugstore,10281056731410,chameleon-chrome-highlighter-aurora-glaze,Chameleon Chrome Highlighter | Aurora Glaze,Highlighters,highlighter,highlighter <- 'highlight' in product_type|title,False,False
Wet n Wild,drugstore,10099259703570,silk-finish-lipstick-will-you-be-with-me,Silk Finish Lipstick | Will You Be With Me?,Lipsticks,lipstick,lipstick <- 'lipstick' in product_type|title,False,False
Wet n Wild,drugstore,10317008109842,headband-eeyore,Headband | Eeyore,,unclassified,no §7 rule matched,False,False
Wet n Wild,drugstore,10317008077074,headband-tigger,Headband | Tigger,,unclassified,no §7 rule matched,False,False
Wet n Wild,drugstore,10317007978770,headband-piglet,Headband | Piglet,,unclassified,no §7 rule matched,False,False
Wet n Wild,drugstore,10317007913234,headband-pooh,Headband | Pooh,,unclassified,no §7 rule matched,False,False
Wet n Wild,drugstore,10300629483794,chameleon-chrome-all-over-glitter-mist-milkier-way,Chameleon Chrome All Over Glitter Mist | Milkier Way,Makeup Finishing Sprays,setting_spray,setting_spray <- 'finishing spray' in product_type|title,False,False
Wet n Wild,drugstore,10300624175378,mother-fluffer-cloud-bronzer-cool-brew,Mother Fluffer Cloud Bronzer | Cool Brew,Blushes & Bronzers,bronzer,bronzer <- 'bronzer' in product_type|title,False,False
Wet n Wild,drugstore,10300661956882,chameleon-chrome-lip-foil-moonshift-bloom,Chameleon Chrome Lip Foil | Moonshift Bloom,Lip Gloss,lip_gloss,lip_gloss <- 'lip gloss' in product_type|title,False,False
Wet n Wild,drugstore,10300663431442,chameleon-chrome-lip-foil-heatwave-star,Chameleon Chrome Lip Foil | Heatwave Star,Lip Gloss,lip_gloss,lip_gloss <- 'lip gloss' in product_type|title,False,False
Wet n Wild,drugstore,10300659073298,chameleon-chrome-lip-foil-purple-matter,Chameleon Chrome Lip Foil | Purple Matter,Lip Gloss,lip_gloss,lip_gloss <- 'lip gloss' in product_type|title,False,False
Wet n Wild,drugstore,10300658417938,chameleon-chrome-eyeshadow-foil-starwave,Chameleon Chrome Eyeshadow Foil | Starwave,Eye Shadows,eyeshadow_single,eyeshadow_single <- 'eye shadow' in product_type|title,False,False
Wet n Wild,drugstore,10300658254098,chameleon-chrome-eyeshadow-foil-gravity-glitch,Chameleon Chrome Eyeshadow Foil | Gravity Glitch,Eye Shadows,eyeshadow_single,eyeshadow_single <- 'eye shadow' in product_type|title,False,False
Wet n Wild,drugstore,10300632203538,chameleon-chrome-eyeshadow-foil-nova-beat,Chameleon Chrome Eyeshadow Foil | Nova Beat,Eye Shadows,eyeshadow_single,eyeshadow_single <- 'eye shadow' in product_type|title,False,False
Wet n Wild,drugstore,10205847486738,h2o-proof-liquid-eyeliner-black,H2O PROOF LIQUID EYELINER | BLACK,Eyeliner,out_of_scope,out of scope <- 'eyeliner' (not a §7 category),False,False
Wet n Wild,drugstore,10300624961810,mother-fluffer-cloud-blush-phresh-peony,Mother Fluffer Cloud Blush | Phresh Peony,Blushes & Bronzers,bronzer,bronzer <- 'bronzer' in product_type|title,False,False
Wet n Wild,drugstore,10300626501906,mother-fluffer-cloud-bronzer-cocoa-crush,Mother Fluffer Cloud Bronzer | Cocoa Crush,Blushes & Bronzers,bronzer,bronzer <- 'bronzer' in product_type|title,False,False
Wet n Wild,drugstore,10301860839698,mother-fluffer-cloud-blush-mauve-forever,Mother Fluffer Cloud Blush | Mauve Forever,Blushes & Bronzers,bronzer,bronzer <- 'bronzer' in product_type|title,False,False
Wet n Wild,drugstore,10281103393042,mother-fluffer-cloud-bronzer-holy-mocha,Mother Fluffer Cloud Bronzer | Holy Mocha,Blushes & Bronzers,bronzer,bronzer <- 'bronzer' in product_type|title,False,False
Wet n Wild,drugstore,10281103065362,mother-fluffer-cloud-blush-berry-chill,Mother Fluffer Cloud Blush | Berry Chill,Blushes & Bronzers,bronzer,bronzer <- 'bronzer' in product_type|title,False,False
Wet n Wild,drugstore,10281102967058,lip-oil-injector-plumping-lip-oil-hottest-flame,Lip Oil Injector Plumping Lip Oil | Hottest Flame,Lip Oils,excluded,excluded by the set/kit/tool/non-makeup word list,False,False
Wet n Wild,drugstore,10281102868754,lip-oil-injector-plumping-lip-oil-flirt-filter,Lip Oil Injector Plumping Lip Oil | Flirt Filter,Lip Oils,excluded,excluded by the set/kit/tool/non-makeup word list,False,False
Wet n Wild,drugstore,10281101820178,lip-oil-injector-plumping-lip-oil-sweet-n-spicy,Lip Oil Injector Plumping Lip Oil | Sweet n' Spicy,Lip Oils,excluded,excluded by the set/kit/tool/non-makeup word list,False,False
Wet n Wild,drugstore,10281101558034,lip-oil-injector-plumping-lip-oil-just-a-hint,Lip Oil Injector Plumping Lip Oil | Just a Hint,Lip Oils,excluded,excluded by the set/kit/tool/non-makeup word list,False,False
Wet n Wild,drugstore,10281101361426,lip-oil-injector-plumping-lip-oil-shimmer-me-baby,Lip Oil Injector Plumping Lip Oil | Shimmer Me Baby,Lip Oils,excluded,excluded by the set/kit/tool/non-makeup word list,False,False
Wet n Wild,drugstore,10281101295890,jelly-drip-lip-glaze-raspberry-crush,Jelly Drip Lip Glaze | Raspberry Crush,Lip Gloss,lip_gloss,lip_gloss <- 'lip gloss' in product_type|title,False,False
Wet n Wild,drugstore,10281100378386,jelly-drip-lip-glaze-berry-squish,Jelly Drip Lip Glaze | Berry Squish,Lip Gloss,lip_gloss,lip_gloss <- 'lip gloss' in product_type|title,False,False
Wet n Wild,drugstore,10281100280082,jelly-drip-lip-glaze-blush-guava,Jelly Drip Lip Glaze | Blush Guava,Lip Gloss,lip_gloss,lip_gloss <- 'lip gloss' in product_type|title,False,False
Wet n Wild,drugstore,10281100149010,mega-inky-lip-color-red-revival,Mega Inky Lip Color | Red Revival,Lipsticks,lipstick,lipstick <- 'lipstick' in product_type|title,False,False
Wet n Wild,drugstore,10281063547154,mega-inky-lip-color-desert-crush,Mega Inky Lip Color | Desert Crush,Lipsticks,lipstick,lipstick <- 'lipstick' in product_type|title,False,False
Wet n Wild,drugstore,10281062105362,mega-inky-lip-color-bare-intentions,Mega Inky Lip Color | Bare Intentions,Lipsticks,lipstick,lipstick <- 'lipstick' in product_type|title,False,False
Wet n Wild,drugstore,10281062007058,ultimate-brow-brow-pen-dark-brown,Ultimate Brow Brow Pen | Dark Brown,Eyebrow Enhancers,brow,brow <- 'eyebrow' in product_type|title,False,False
Wet n Wild,drugstore,10281060860178,ultimate-brow-brow-pen-medium-brown,Ultimate Brow Brow Pen | Medium Brown,Eyebrow Enhancers,brow,brow <- 'eyebrow' in product_type|title,False,False
Wet n Wild,drugstore,10281060827410,ultimate-brow-brow-pen-taupe,Ultimate Brow Brow Pen | Taupe,Eyebrow Enhancers,brow,brow <- 'eyebrow' in product_type|title,False,False
Wet n Wild,drugstore,10281060729106,chameleon-chrome-liquid-eyeliner-galaxy-dancer,Chameleon Chrome Liquid Eyeliner | Galaxy Dancer,Eyeliner,out_of_scope,out of scope <- 'eyeliner' (not a §7 category),False,False
Wet n Wild,drugstore,10281060598034,chameleon-chrome-liquid-eyeliner-astro-pulse,Chameleon Chrome Liquid Eyeliner | Astro Pulse,Eyeliner,out_of_scope,out of scope <- 'eyeliner' (not a §7 category),False,False
Wet n Wild,drugstore,10281060565266,chameleon-chrome-liquid-eyeliner-turbo-dream,Chameleon Chrome Liquid Eyeliner | Turbo Dream,Eyeliner,out_of_scope,out of scope <- 'eyeliner' (not a §7 category),False,False
Wet n Wild,drugstore,10281059614994,chameleon-chrome-eyeshadow-meteor-muse,Chameleon Chrome Eyeshadow | Meteor Muse,Eye Shadows,eyeshadow_single,eyeshadow_single <- 'eye shadow' in product_type|title,False,False
Wet n Wild,drugstore,10281059516690,chameleon-chrome-eyeshadow-nebula-rush,Chameleon Chrome Eyeshadow | Nebula Rush,Eye Shadows,eyeshadow_single,eyeshadow_single <- 'eye shadow' in product_type|title,False,False
Wet n Wild,drugstore,10281058500882,chameleon-chrome-eyeshadow-comet-culture,Chameleon Chrome Eyeshadow | Comet Couture,Eye Shadows,eyeshadow_single,eyeshadow_single <- 'eye shadow' in product_type|title,False,False
Wet n Wild,drugstore,10281057157394,chameleon-chrome-eyeshadow-starlight-fever,Chameleon Chrome Eyeshadow | Starlight Fever,Eye Shadows,eyeshadow_single,eyeshadow_single <- 'eye shadow' in product_type|title,False,False
Wet n Wild,drugstore,10281057059090,chameleon-chrome-highlighter-solar-ember,Chameleon Chrome Highlighter | Solar Ember,Highlighters,highlighter,highlighter <- 'highlight' in product_type|title,False,False
Wet n Wild,drugstore,10281054503186,mother-fluffer-cloud-bronzer-bronzer-name-tbd,Mother Fluffer Cloud Bronzer - Toasty Maple,Blushes & Bronzers,bronzer,bronzer <- 'bronzer' in product_type|title,False,False
Wet n Wild,drugstore,10281052537106,mother-fluffer-cloud-bronzer-toasty-maple,Mother Fluffer Cloud Bronzer | Beige Please,Blushes & Bronzers,bronzer,bronzer <- 'bronzer' in product_type|title,False,False
Wet n Wild,drugstore,10281050145042,mother-fluffer-cloud-blush-pink-a-boo,Mother Fluffer Cloud Blush | Pink-A-Boo,Blushes & Bronzers,bronzer,bronzer <- 'bronzer' in product_type|title,False,False
Wet n Wild,drugstore,10281048670482,mother-fluffer-cloud-blush-rose-the-roof,Mother Fluffer Cloud Blush | Rose the Roof,Blushes & Bronzers,bronzer,bronzer <- 'bronzer' in product_type|title,False,False
Wet n Wild,drugstore,10293980201234,color-icon-lipliner-pencil-brandy-wine-copy,Color Icon Lipliner Pencil | Brandy Wine,Lip Liners,lip_liner,lip_liner <- 'lip liner' in product_type|title,False,False
Wet n Wild,drugstore,10099260358930,silk-finish-lipstick-breeze,Silk Finish Lipstick | Breeze,Lipsticks,lipstick,lipstick <- 'lipstick' in product_type|title,False,False
Wet n Wild,drugstore,10099258753298,color-icon-lipliner-chestnut,Color Icon Lipliner | Chestnut,Lip Liners,lip_liner,lip_liner <- 'lip liner' in product_type|title,False,False
Wet n Wild,drugstore,10099275497746,perfect-pout-gel-lip-liner-bare-to-comment,Perfect Pout Gel Lip Liner | Bare To Comment,Lip Liners,lip_liner,lip_liner <- 'lip liner' in product_type|title,False,False
Wet n Wild,drugstore,10099275759890,perfect-pout-gel-lip-liner-lay-down-the-mauves,Perfect Pout Gel Lip Liner | Lay Down the Mauves,Lip Liners,lip_liner,lip_liner <- 'lip liner' in product_type|title,False,False
Wet n Wild,drugstore,10099435634962,breakup-proof-waterproof-liquid-eyeliner-brown,Breakup Proof Waterproof Liquid Eyeliner | Brown,Eyeliner,brow,brow <- 'brow' in product_type|title,False,False
Wet n Wild,drugstore,10206387962130,disney-villians-pr-box,DISNEY VILLIANS PR BOX,Entertainment Cards,unclassified,no §7 rule matched,False,False
Wet n Wild,drugstore,10099500843282,perfect-pout-lip-liner-stain-im-blushing,Perfect Pout Lip Liner Stain | I'm Blushing,Lip Liners,lip_liner,lip_liner <- 'lip liner' in product_type|title,False,False
Wet n Wild,drugstore,10217945891090,glitter-palette-for-eye-face-candy-wasted,GLITTER PALETTE FOR EYE & FACE | CANDY WASTED,Body Makeup,excluded,excluded by the set/kit/tool/non-makeup word list,False,False
Wet n Wild,drugstore,10220346638610,paint-palette-rainbow,PAINT PALETTE | RAINBOW,Costume & Stage Makeup,unclassified,no §7 rule matched,False,False
Wet n Wild,drugstore,10219542937874,glitter-body-illuminator-fountain-of-gold,GLITTER BODY ILLUMINATOR | FOUNTAIN OF GOLD,Body & Hair Glitter,excluded,excluded by the set/kit/tool/non-makeup word list,False,False
Wet n Wild,drugstore,10099333136658,mega-last-breakup-proof-retractable-eyeliner-blackest-black,Breakup Proof Waterproof Retractable Gel Eyeliner | Blackest Black,Eyeliner,out_of_scope,out of scope <- 'eyeliner' (not a §7 category),False,False
Wet n Wild,drugstore,10099489571090,chameleon-chrome-lip-foil-celestial-dance,Chameleon Chrome Lip Foil | Celestial Dance,Lip Gloss,lip_gloss,lip_gloss <- 'lip gloss' in product_type|title,False,False
Wet n Wild,drugstore,10099503792402,prime-focus-clingy-serum-primer,Prime Focus Clingy Serum Primer,Face Primers,excluded,excluded by the set/kit/tool/non-makeup word list,False,False
Wet n Wild,drugstore,10202272399634,spongebob-pr-box,SpongeBob PR Box,Cosmetic Sets,excluded,excluded by the set/kit/tool/non-makeup word list,False,False
Wet n Wild,drugstore,10099333759250,mega-last-breakup-proof-retractable-eyeliner-dark-brown,Breakup Proof Waterproof Retractable Gel Eyeliner | Black Brown,Eyeliner,brow,brow <- 'brow' in product_type|title,False,False
Wet n Wild,drugstore,10099304694034,ultimate-browtm-micro-brow-pencil-deep-brown,Ultimate Brow™ Micro Brow Pencil | Deep Brown,Eyebrow Enhancers,brow,brow <- 'eyebrow' in product_type|title,False,False
Wet n Wild,drugstore,10099261505810,silk-finish-lipstick-secret-muse,Silk Finish Lipstick | Secret Muse,Lipsticks,lipstick,lipstick <- 'lipstick' in product_type|title,False,False
Wet n Wild,drugstore,10099312820498,perfect-pout-lip-color-my-blackberry-broke,Perfect Pout Lip Color | My Blackberry Broke,Lipsticks,lipstick,lipstick <- 'lipstick' in product_type|title,False,False
Wet n Wild,drugstore,10099271303442,megaslickstm-lip-gloss-wined-and-dined-megaslicks-lip-gloss,MegaSlicks™ Lip Gloss | Wined and Dined,Lip Gloss,lip_gloss,lip_gloss <- 'lip gloss' in product_type|title,False,False
Wet n Wild,drugstore,10099271237906,megaslickstm-lip-gloss-that-s-my-jam-megaslicks-lip-gloss,MegaSlicks™ Lip Gloss | That's My Jam,Lip Gloss,lip_gloss,lip_gloss <- 'lip gloss' in product_type|title,False,False
Wet n Wild,drugstore,10099271893266,megaslickstm-lip-gloss-sun-glaze-megaslicks-lip-gloss,MegaSlicks™ Lip Gloss | Sun Glaze,Lip Gloss,lip_gloss,lip_gloss <- 'lip gloss' in product_type|title,False,False
Wet n Wild,drugstore,10099271467282,megaslickstm-lip-gloss-red-sensation-megaslicks-lip-gloss,MegaSlicks™ Lip Gloss | Red Sensation,Lip Gloss,lip_gloss,lip_gloss <- 'lip gloss' in product_type|title,False,False
Wet n Wild,drugstore,10099271663890,megaslickstm-lip-gloss-rasp-berry-voice-megaslicks-lip-gloss,MegaSlicks™ Lip Gloss | Rasp | berry Voice,Lip Gloss,lip_gloss,lip_gloss <- 'lip gloss' in product_type|title,False,False
Wet n Wild,drugstore,10099271368978,megaslickstm-lip-gloss-my-cherry-amour-megaslicks-lip-gloss,MegaSlicks™ Lip Gloss | My Cherry Amour,Lip Gloss,lip_gloss,lip_gloss <- 'lip gloss' in product_type|title,False,False
Wet n Wild,drugstore,10099272057106,megaslickstm-lip-gloss-great-coral-ation-megaslicks-lip-gloss,MegaSlicks™ Lip Gloss | Great Coral | ation,Lip Gloss,lip_gloss,lip_gloss <- 'lip gloss' in product_type|title,False,False
Wet n Wild,drugstore,10099270844690,megaslickstm-lip-gloss-crystal-clear-megaslicks-lip-gloss,MegaSlicks™ Lip Gloss | Crystal Clear,Lip Gloss,lip_gloss,lip_gloss <- 'lip gloss' in product_type|title,False,False
Wet n Wild,drugstore,10099271041298,megaslickstm-lip-gloss-crushed-grapes-megaslicks-lip-gloss,MegaSlicks™ Lip Gloss | Crushed Grapes,Lip Gloss,lip_gloss,lip_gloss <- 'lip gloss' in product_type|title,False,False
Wet n Wild,drugstore,10099271074066,megaslickstm-lip-gloss-cotton-candy-megaslicks-lip-gloss,MegaSlicks™ Lip Gloss | Cotton Candy,Lip Gloss,lip_gloss,lip_gloss <- 'lip gloss' in product_type|title,False,False
Wet n Wild,drugstore,10099271926034,megaslickstm-lip-gloss-cherish-megaslicks-lip-gloss,MegaSlicks™ Lip Gloss | Cherish,Lip Gloss,lip_gloss,lip_gloss <- 'lip gloss' in product_type|title,False,False
Wet n Wild,drugstore,10099271762194,megaslickstm-lip-gloss-bronze-berry-megaslicks-lip-gloss,MegaSlicks™ Lip Gloss | Bronze Berry,Lip Gloss,lip_gloss,lip_gloss <- 'lip gloss' in product_type|title,False,False
Wet n Wild,drugstore,10099364266258,color-icon-blush-pearlscent-pink,Color Icon Blush | Pearlscent Pink,Blushes & Bronzers,bronzer,bronzer <- 'bronzer' in product_type|title,False,False
Wet n Wild,drugstore,10183566033170,squidward-makeup-sponge,Squidward Makeup Sponge,Makeup Sponges,excluded,excluded by the set/kit/tool/non-makeup word list,False,False
Wet n Wild,drugstore,10183565967634,patrick-makeup-sponge,Patrick Makeup Sponge,Makeup Sponges,excluded,excluded by the set/kit/tool/non-makeup word list,False,False
Wet n Wild,drugstore,10183565836562,spongebob-makeup-sponge,SpongeBob Makeup Sponge,Makeup Sponges,excluded,excluded by the set/kit/tool/non-makeup word list,False,False
Wet n Wild,drugstore,10183565738258,the-waters-fine-5-piece-makeup-brush-set,The Water's Fine! 5-Piece Makeup Brush Set,Makeup Brushes,excluded,excluded by the set/kit/tool/non-makeup word list,False,False
Wet n Wild,drugstore,10183565476114,bikini-bottom-cooling-lip-oil-thar-she-blows,Bikini Bottom Cooling Lip Oil  | Thar She Blows,Lip Oils,excluded,excluded by the set/kit/tool/non-makeup word list,False,False
Wet n Wild,drugstore,10183565148434,always-sunny-in-bikini-bottom-bronzing-drops,Always Sunny in Bikini Bottom Bronzing Drops,Blushes & Bronzers,bronzer,bronzer <- 'bronzer' in product_type|title,False,False
Wet n Wild,drugstore,10183564755218,always-looking-up-mirror-and-keychain-set,Always Looking Up Mirror and Keychain Set,Face Mirrors,excluded,excluded by the set/kit/tool/non-makeup word list,False,False
Wet n Wild,drugstore,10183564689682,makeup-bag-krabby-patty-style,Makeup Bag | Krabby Patty Style,Makeup Bags,excluded,excluded by the set/kit/tool/non-makeup word list,False,False
Wet n Wild,drugstore,10099503661330,breakup-proof-wing-out-waterproof-liquid-eyeliner-ultra-black,Breakup Proof Wing Out Waterproof Liquid Eyeliner | Ultra Black,Eyeliner,out_of_scope,out of scope <- 'eyeliner' (not a §7 category),False,False
Wet n Wild,drugstore,10099503235346,perfect-pout-lip-liner-stain-spilled-wine,Perfect Pout Lip Liner Stain | Spilled Wine,Lip Liners,lip_liner,lip_liner <- 'lip liner' in product_type|title,False,False
Wet n Wild,drugstore,10099502186770,powder-puff,Powder Puff,Makeup Sponges,pressed_powder,pressed_powder <- 'powder' in product_type|title,False,False
Wet n Wild,drugstore,10099501465874,3-piece-cushion-sponge-set,3 Piece Cushion Sponge Set,Makeup Tools,excluded,excluded by the set/kit/tool/non-makeup word list,False,False
Wet n Wild,drugstore,10099500613906,mega-stay-extreme-hold-brow-gel-clear,Mega Stay Extreme Hold Brow Gel | Clear,Eyebrow Enhancers,brow,brow <- 'eyebrow' in product_type|title,False,False
Wet n Wild,drugstore,10099500384530,mega-glitter-shimmer-liquid-lipstick-hear-me-out,Mega Glitter Shimmer Liquid Lipstick | Hear Me Out,Lipsticks,liquid_lipstick,liquid_lipstick <- 'liquid lip' in product_type|title,False,False
Wet n Wild,drugstore,10099500187922,photo-focus-loose-setting-powder-soft-pink,Photo Focus Loose Setting Powder | Soft Pink,Face Powder,setting_powder,setting_powder <- 'setting powder' in product_type|title,False,False
Wet n Wild,drugstore,10099499958546,mega-glitter-shimmer-liquid-lipstick-new-soulmate,Mega Glitter Shimmer Liquid Lipstick | New Soulmate,Lipsticks,liquid_lipstick,liquid_lipstick <- 'liquid lip' in product_type|title,False,False
Wet n Wild,drugstore,10099499761938,mega-glitter-shimmer-liquid-lipstick-pink-future,Mega Glitter Shimmer Liquid Lipstick | Pink Future,Lipsticks,liquid_lipstick,liquid_lipstick <- 'liquid lip' in product_type|title,False,False
Wet n Wild,drugstore,10099493962002,chrome-eyeliner-cosmic-seeker,Chameleon Chrome Eyeliner | Cosmic Seeker,Eyeliner,out_of_scope,out of scope <- 'eyeliner' (not a §7 category),False,False
Wet n Wild,drugstore,10099491569938,chameleon-chrome-eyeliner-superstar-suit,Chameleon Chrome Eyeliner | Superstar Suit,Eyeliner,out_of_scope,out of scope <- 'eyeliner' (not a §7 category),False,False
Wet n Wild,drugstore,10099490095378,chameleon-chrome-eyeliner-planet-disco,Chameleon Chrome Eyeliner| Planet Disco,Eyeliner,out_of_scope,out of scope <- 'eyeliner' (not a §7 category),False,False
Wet n Wild,drugstore,10099490357522,chrome-eyeliner-electric-prism,Chameleon Chrome Eyeliner | Electric Prism,Eyeliner,out_of_scope,out of scope <- 'eyeliner' (not a §7 category),False,False
Wet n Wild,drugstore,10099490259218,chrome-highlighter-venus-swing,Chameleon Chrome Highlighter | Venus Swing,Highlighters & Luminizers,highlighter,highlighter <- 'highlight' in product_type|title,False,False
Wet n Wild,drugstore,10099489931538,chameleon-chrome-eyeshadow-foil-matrix-moves,Chameleon Chrome Eyeshadow Foil | Matrix Moves,Eye Shadows,eyeshadow_single,eyeshadow_single <- 'eye shadow' in product_type|title,False,False
Wet n Wild,drugstore,10099489702162,chameleon-chrome-lip-foil-halos-way,Chameleon Chrome Lip Foil | Halo's Way,Lip Gloss,lip_gloss,lip_gloss <- 'lip gloss' in product_type|title,False,False
Wet n Wild,drugstore,10099489407250,chrome-highlighter-too-sirius,Chameleon Chrome Highlighter | Too Sirius,Highlighters & Luminizers,highlighter,highlighter <- 'highlight' in product_type|title,False,False
Wet n Wild,drugstore,10099489177874,lip-oil-crystal-ball-2,Lip Oil | Crystal Ball,Lip Oils,excluded,excluded by the set/kit/tool/non-makeup word list,False,False
Wet n Wild,drugstore,10099488981266,lip-oil-merlot-glass,Lip Oil | Merlot Glass,Lip Oils,excluded,excluded by the set/kit/tool/non-makeup word list,False,False
Wet n Wild,drugstore,10099488817426,lip-oil-heart-rate,Lip Oil | Heart Rate,Lip Oils,excluded,excluded by the set/kit/tool/non-makeup word list,False,False
Wet n Wild,drugstore,10099488588050,lip-oil-dress-code,Lip Oil | Dress Code,Lip Oils,excluded,excluded by the set/kit/tool/non-makeup word list,False,False
Wet n Wild,drugstore,10099488424210,lip-oil-vintage-society,Lip Oil | Vintage Society,Lip Oils,excluded,excluded by the set/kit/tool/non-makeup word list,False,False
Wet n Wild,drugstore,10099488325906,lip-oil-cedar-rose,Lip Oil | Cedar Rose,Lip Oils,excluded,excluded by the set/kit/tool/non-makeup word list,False,False
Wet n Wild,drugstore,10099488227602,lip-oil-cocoa-rose,Lip Oil | Cocoa Rose,Lip Oils,excluded,excluded by the set/kit/tool/non-makeup word list,False,False
Wet n Wild,drugstore,10099488096530,lip-oil-fuzzy-pillow,Lip Oil | Fuzzy Pillow,Lip Oils,excluded,excluded by the set/kit/tool/non-makeup word list,False,False
Wet n Wild,drugstore,10099487932690,lip-oil-sweet-cherries,Lip Oil | Sweet Cherries,Lip Oils,excluded,excluded by the set/kit/tool/non-makeup word list,False,False
Wet n Wild,drugstore,10099487801618,lip-oil-orange-blossom,Lip Oil | Orange Blossom,Lip Oils,excluded,excluded by the set/kit/tool/non-makeup word list,False,False
Wet n Wild,drugstore,10099487605010,lip-oil-rose-quartz,Lip Oil | Rose Quartz,Lip Oils,excluded,excluded by the set/kit/tool/non-makeup word list,False,False
Wet n Wild,drugstore,10099431244050,bare-focus-niacinamide-skin-tint-rosy-light,Bare Focus Niacinamide Skin Tint | Rosy Light,Foundations & Concealers,concealer,concealer <- 'concealer' in product_type|title,False,False
Wet n Wild,drugstore,10099437175058,mega-glo-lip-cheek-color-rosy-romance,Mega Glo Lip & Cheek Color | Rosy Romance,Lipsticks,lipstick,lipstick <- 'lipstick' in product_type|title,False,False
Wet n Wild,drugstore,10099437109522,impossible-primer-stick,Impossible Primer Stick,Face Primers,primer,primer <- 'primer' in product_type|title,False,False
Wet n Wild,drugstore,10099439567122,photo-focus-care-color-corrector-white,Photo Focus Care Color Corrector | White,Foundations & Concealers,concealer,concealer <- 'concealer' in product_type|title,False,False
Wet n Wild,drugstore,10099436945682,cooling-hydra-de-puffer-for-eyes-face,Cooling Hydra De-Puffer For Eyes + Face,Eye Creams,unclassified,no §7 rule matched,False,False
Wet n Wild,drugstore,10099438190866,mega-last-rich-satin-lip-color-hush-lil-beige,Mega Last Rich Satin Lip Color | Hush Lil' Beige,Lipsticks,lipstick,lipstick <- 'lipstick' in product_type|title,False,False
Wet n Wild,drugstore,10099439239442,perfect-pout-gel-lip-liner-comes-naturally,Perfect Pout Gel Lip Liner | Comes Naturally,Lip Liners,lip_liner,lip_liner <- 'lip liner' in product_type|title,False,False
Wet n Wild,drugstore,10099441205522,soft-blur-matte-lipstick-apricot-smoothie,Soft Blur Matte Lipstick | Apricot Smoothie,Lipsticks,lipstick,lipstick <- 'lipstick' in product_type|title,False,False
Wet n Wild,drugstore,10099440025874,so-defined-volumizing-defining-mascara,So Defined Volumizing + Defining Mascara,Mascaras,mascara,mascara <- 'mascara' in product_type|title,False,False
Wet n Wild,drugstore,10099435864338,color-icon-multistick-snowy-skies,Color Icon Multistick | Snowy Skies,Eye Makeup,unclassified,no §7 rule matched,False,False
Wet n Wild,drugstore,10099453755666,brow-sessive-brow-pencil-taupe-1116311,Brow-Sessive Brow Pencil | Taupe,Eyebrow Enhancers,brow,brow <- 'eyebrow' in product_type|title,False,False
Wet n Wild,drugstore,10099453526290,brow-sessive-brow-pencil-medium-brown-1116310,Brow-Sessive Brow Pencil | Medium Brown,Eyebrow Enhancers,brow,brow <- 'eyebrow' in product_type|title,False,False
Wet n Wild,drugstore,10099453264146,brow-sessive-brow-pencil-dark-brown-1116309,Brow-Sessive Brow Pencil | Dark Brown,Eyebrow Enhancers,brow,brow <- 'eyebrow' in product_type|title,False,False
Wet n Wild,drugstore,10099451887890,bare-focus-niacinamide-skin-tint-mahogany,Bare Focus Niacinamide Skin Tint | Mahogany,Foundations & Concealers,concealer,concealer <- 'concealer' in product_type|title,False,False
Wet n Wild,drugstore,10099451330834,bare-focus-niacinamide-skin-tint-chestnut,Bare Focus Niacinamide Skin Tint | Chestnut,Foundations & Concealers,concealer,concealer <- 'concealer' in product_type|title,False,False
Wet n Wild,drugstore,10099443728658,photo-focus-natural-finish-setting-mist,Photo Focus Natural Finish Setting Mist,Makeup Finishing Sprays,setting_spray,setting_spray <- 'finishing spray' in product_type|title,False,False
Wet n Wild,drugstore,10099443368210,megaglo-vitamin-e-makeup-stick-desert-sands,MegaGlo Vitamin E Makeup Stick | Desert Sands,Highlighters & Luminizers,highlighter,highlighter <- 'highlight' in product_type|title,False,False
Wet n Wild,drugstore,10099443204370,megaglo-vitamin-e-makeup-stick-glitzed-spell,MegaGlo Vitamin E Makeup Stick | Glitzed Spell,Highlighters & Luminizers,highlighter,highlighter <- 'highlight' in product_type|title,False,False
Wet n Wild,drugstore,10099442974994,megaglo-vitamin-e-makeup-stick-moonlike,MegaGlo Vitamin E Makeup Stick | Moonlike,Highlighters & Luminizers,highlighter,highlighter <- 'highlight' in product_type|title,False,False
Wet n Wild,drugstore,10099442549010,color-icon-5-pan-palette-full-bloomin,Color Icon 5 Pan Eye & Face Palette | Full Bloomin',Eye Shadows,eyeshadow_single,eyeshadow_single <- 'eye shadow' in product_type|title,False,False
Wet n Wild,drugstore,10099442385170,color-icon-5-pan-palette-gold-whip,Color Icon 5 Pan Eye & Face Palette | Gold Whip,Eye Shadows,eyeshadow_single,eyeshadow_single <- 'eye shadow' in product_type|title,False,False
Wet n Wild,drugstore,10099442155794,soft-blur-matte-lipstick-little-red-rosette,Soft Blur Matte Lipstick | Little Red Rosette,Lipsticks,lipstick,lipstick <- 'lipstick' in product_type|title,False,False
Wet n Wild,drugstore,10099441959186,soft-blur-matte-lipstick-nude-for-love,Soft Blur Matte Lipstick | Nude For Love,Lipsticks,lipstick,lipstick <- 'lipstick' in product_type|title,False,False
Wet n Wild,drugstore,10099441762578,soft-blur-matte-lipstick-im-shy,Soft Blur Matte Lipstick | I'm Shy,Lipsticks,lipstick,lipstick <- 'lipstick' in product_type|title,False,False
Wet n Wild,drugstore,10099441533202,soft-blur-matte-lipstick-homecoming-queen,Soft Blur Matte Lipstick | Homecoming Queen,Lipsticks,lipstick,lipstick <- 'lipstick' in product_type|title,False,False
Wet n Wild,drugstore,10099441402130,soft-blur-matte-lipstick-bali-blossom,Soft Blur Matte Lipstick | Bali Blossom,Lipsticks,lipstick,lipstick <- 'lipstick' in product_type|title,False,False
Wet n Wild,drugstore,10099439894802,photo-focus-care-color-corrector-blue,Photo Focus Care Color Corrector | Blue,Foundations & Concealers,concealer,concealer <- 'concealer' in product_type|title,False,False
Wet n Wild,drugstore,10099439665426,photo-focus-care-color-corrector-green,Photo Focus Care Color Corrector | Green,Foundations & Concealers,concealer,concealer <- 'concealer' in product_type|title,False,False
Wet n Wild,drugstore,10099439436050,perfect-pout-gel-lip-liner-currant-mood,Perfect Pout Gel Lip Liner | Currant Mood,Lip Liners,lip_liner,lip_liner <- 'lip liner' in product_type|title,False,False
Wet n Wild,drugstore,10099439010066,mega-last-rich-satin-lip-color-fire-sign,Mega Last Rich Satin Lip Color | Fire Sign,Lipsticks,lipstick,lipstick <- 'lipstick' in product_type|title,False,False
Wet n Wild,drugstore,10099438878994,mega-last-rich-satin-lip-color-brandy-kiss,Mega Last Rich Satin Lip Color | Brandy Kiss,Lipsticks,lipstick,lipstick <- 'lipstick' in product_type|title,False,False
Wet n Wild,drugstore,10099438682386,mega-last-rich-satin-lip-color-berried-life,Mega Last Rich Satin Lip Color | Berried Life,Lipsticks,lipstick,lipstick <- 'lipstick' in product_type|title,False,False
Wet n Wild,drugstore,10099438453010,mega-last-rich-satin-lip-color-disco-rose,Mega Last Rich Satin Lip Color | Disco Rose,Lipsticks,lipstick,lipstick <- 'lipstick' in product_type|title,False,False
Wet n Wild,drugstore,10099438321938,mega-last-rich-satin-lip-color-one-in-a-milli-melon,Mega Last Rich Satin Lip Color | One In A Milli-Melon,Lipsticks,lipstick,lipstick <- 'lipstick' in product_type|title,False,False
Wet n Wild,drugstore,10099437732114,mega-glo-lip-cheek-color-berry-true,Mega Glo Lip & Cheek Color | Berry True,Lipsticks,lipstick,lipstick <- 'lipstick' in product_type|title,False,False
Wet n Wild,drugstore,10099437371666,mega-glo-lip-cheek-color-coral-dream,Mega Glo Lip & Cheek Color | Coral Dream,Lipsticks,lipstick,lipstick <- 'lipstick' in product_type|title,False,False
Wet n Wild,drugstore,10099436781842,color-icon-multistick-blue-me-away,Color Icon Multistick | Blue Me Away,Eye Makeup,unclassified,no §7 rule matched,False,False
Wet n Wild,drugstore,10099436618002,color-icon-multistick-brown-sugar,Color Icon Multistick | Brown Sugar,Eye Makeup,brow,brow <- 'brow' in product_type|title,False,False
Wet n Wild,drugstore,10099436454162,color-icon-multistick-golden-rush-hour,Color Icon Multistick | Golden Rush Hour,Eye Makeup,unclassified,no §7 rule matched,False,False
Wet n Wild,drugstore,10099436290322,color-icon-multistick-ros-i-locks,Color Icon Multistick | Ros-i-Locks,Eye Makeup,unclassified,no §7 rule matched,False,False
Wet n Wild,drugstore,10099436028178,color-icon-multistick-peachy-crush,Color Icon Multistick | Peachy Crush,Eye Makeup,unclassified,no §7 rule matched,False,False
Wet n Wild,drugstore,10099432751378,bare-focus-niacinamide-skin-tint-cream-beige,Bare Focus Niacinamide Skin Tint | Cream Beige,Foundations & Concealers,excluded,excluded by the set/kit/tool/non-makeup word list,False,False
Wet n Wild,drugstore,10099432161554,bare-focus-niacinamide-skin-tint-light-medium,Bare Focus Niacinamide Skin Tint | Light Medium,Foundations & Concealers,concealer,concealer <- 'concealer' in product_type|title,False,False
Wet n Wild,drugstore,10099321635090,color-icon-blush-pinch-me-pink,Color Icon Blush | Pinch Me Pink,Blushes & Bronzers,bronzer,bronzer <- 'bronzer' in product_type|title,False,False
Wet n Wild,drugstore,10099321504018,color-icon-blush-mellow-wine,Color Icon Blush | Mellow Wine,Blushes & Bronzers,bronzer,bronzer <- 'bronzer' in product_type|title,False,False
Wet n Wild,drugstore,10099321471250,color-icon-blush-pearlescent-pink,Color Icon Blush | Pearlescent Pink,Blushes & Bronzers,bronzer,bronzer <- 'bronzer' in product_type|title,False,False
Wet n Wild,drugstore,10099265405202,powder-brush,Powder Brush,Makeup Brushes,excluded,excluded by the set/kit/tool/non-makeup word list,False,False
Wet n Wild,drugstore,10099265208594,foundation-brush,Foundation Brush,Makeup Brushes,excluded,excluded by the set/kit/tool/non-makeup word list,False,False
Wet n Wild,drugstore,10099397099794,megalast-lock-n-shine-lip-color-gloss-pinky-promise,Megalast Lock 'N' Shine Lip Color + Gloss | Pinky Promise,Lip Gloss,lip_gloss,lip_gloss <- 'lip gloss' in product_type|title,False,False
Wet n Wild,drugstore,10099397296402,megalast-lock-n-shine-lip-color-gloss-lotus-petal,Megalast Lock 'N' Shine Lip Color + Gloss | Lotus Petal,Lip Gloss,lip_gloss,lip_gloss <- 'lip gloss' in product_type|title,False,False
Wet n Wild,drugstore,10099394314514,rose-comforting-lip-color-taffy-daddy,Rose Comforting Lip Color | Taffy Daddy,Lipsticks,lipstick,lipstick <- 'lipstick' in product_type|title,False,False
Wet n Wild,drugstore,10099393724690,rose-comforting-lip-color-so-much-shine,Rose Comforting Lip Color | So Much Shine,Lipsticks,lipstick,lipstick <- 'lipstick' in product_type|title,False,False
Wet n Wild,drugstore,10099394117906,rose-comforting-lip-color-biscotti-mommy,Rose Comforting Lip Color | Biscotti Mommy,Lipsticks,lipstick,lipstick <- 'lipstick' in product_type|title,False,False
Wet n Wild,drugstore,10099393560850,rose-comforting-lip-color-cherry-syrup,Rose Comforting Lip Color | Cherry Syrup,Lipsticks,lipstick,lipstick <- 'lipstick' in product_type|title,False,False
Wet n Wild,drugstore,10099401621778,color-icon-lip-gloss-taurus,Color Icon Zodiac Lip Gloss | Taurus,Lip Gloss,lip_gloss,lip_gloss <- 'lip gloss' in product_type|title,False,False
Wet n Wild,drugstore,10099401490706,color-icon-lip-gloss-gemini,Color Icon Zodiac Lip Gloss | Gemini,Lip Gloss,lip_gloss,lip_gloss <- 'lip gloss' in product_type|title,False,False
