list_rank,brand_rank,brand,product_id,handle,title,product_type,category_guess,category_basis,storefront_url,image_count,image_urls,catalogue_file,catalogue_collected_at
1,1,ColourPop,7287077503058,pallet-town-shadow-palette,Pallet Town,Shadow Palette,eyeshadow_palette,eyeshadow_palette <- 'shadow palette' in product_type|title,https://colourpop.com/products/pallet-town-shadow-palette,8,https://cdn.shopify.com/s/files/1/1338/0845/files/EyePalette-PalletTown-Into-with-UC.jpg?v=1713892603|https://cdn.shopify.com/s/files/1/1338/0845/files/EyePalette-PalletTown_2416.jpg?v=1770226322|https://cdn.shopify.com/s/files/1/1338/0845/files/EyePalette-PalletTown_2459.jpg?v=1770226322|https://cdn.shopify.com/s/files/1/1338/0845/files/EyePalette-PallettTown-PianoSwatch.jpg?v=1713892611|https://cdn.shopify.com/s/files/1/1338/0845/files/EyePalette-PalletTown-Full-Crush.jpg?v=1713892657|https://cdn.shopify.com/s/files/1/1338/0845/files/EyePalette-PalletTown-ArmSwatch-2_403b1857-7ff3-4e26-a75d-5348d726e886.jpg?v=1770226322|https://cdn.shopify.com/s/files/1/1338/0845/files/EyePalette-PalletTown-ArmSwatch-1_99045712-5e11-457b-aed7-a2144b27ddf5.jpg?v=1770226322|https://cdn.shopify.com/s/files/1/1338/0845/files/EyePalette-Pokemon-Half-Closed.jpg?v=1713892696,shopify_colourpop.json,2026-08-21T20:14:37.975476+00:00
2,2,ColourPop,7569522557010,dinner-date-so-juicy-plumping-gloss-balm,Dinner Date,So Juicy Plumping Gloss Balm with Peptides,lip_gloss,lip_gloss <- 'plumping' in product_type|title,https://colourpop.com/products/dinner-date-so-juicy-plumping-gloss-balm,6,https://cdn.shopify.com/s/files/1/1338/0845/files/SoJuicyGlossyBalmStick_DinnerDate_ECOM.jpg?v=1779905150|https://cdn.shopify.com/s/files/1/1338/0845/files/SoJuicyGlossyBalmStick_DinnerDate_Macro_Lip_Grid_Swatch.jpg?v=1779905150|https://cdn.shopify.com/s/files/1/1338/0845/files/SoJuicyPlumpingGlossBalmStick_DinnerDate_ArmSwatch.jpg?v=1779999726|https://cdn.shopify.com/s/files/1/1338/0845/files/SoJuicyPlumpingGlossBalmStick_DinnerDate_Swatch_ShadeName.jpg?v=1779999726|https://cdn.shopify.com/s/files/1/1338/0845/files/SoJuicyGlossyBalmStick_MadeforMe_Infographic.jpg?v=1779905113|https://cdn.shopify.com/s/files/1/1338/0845/files/SoJuicyGlossyBalmStick_DinnerDate_Swatch.jpg?v=1786239002,shopify_colourpop.json,2026-08-21T20:14:37.975476+00:00
3,3,ColourPop,7494884655186,storm-cloud-cloud-whip-liquid-lipstick,Storm Cloud,Cloud Whip Blurring Liquid Lipstick,liquid_lipstick,liquid_lipstick <- 'liquid lip' in product_type|title,https://colourpop.com/products/storm-cloud-cloud-whip-liquid-lipstick,8,https://cdn.shopify.com/s/files/1/1338/0845/files/CloudWhipBlurringLiquidLipstick_StormCloud_ECOM_c0e5a075-135b-49af-b703-af9cf39a0a2d.jpg?v=1786233774|https://cdn.shopify.com/s/files/1/1338/0845/files/CloudWhipBlurringLiquidLipstick_StormCloud_Model_LipMacro_eaeb8b6a-8b09-4a8f-81bd-653af5aeb954.jpg?v=1778614231|https://cdn.shopify.com/s/files/1/1338/0845/files/CloudWhipBlurringLiquidLipstick_StormCloud_Infographic_ColourMeetsComfort.jpg?v=1778614231|https://cdn.shopify.com/s/files/1/1338/0845/files/CloudWhipBlurringLiquidLipstick_StormCloud_Macro_Lip_ModelWears.jpg?v=1778614230|https://cdn.shopify.com/s/files/1/1338/0845/files/CloudWhipBlurringLiquidLipstick_StormCloud_ArmSwatch.jpg?v=1778614231|https://cdn.shopify.com/s/files/1/1338/0845/files/CloudWhipBlurringLiquidLipstick_StormCloud_Infographic.jpg?v=1778614231|https://cdn.shopify.com/s/files/1/1338/0845/files/CloudWhipBlurringLiquidLipstick_StormCloud_FullFace_Model.jpg?v=1778614231|https://cdn.shopify.com/s/files/1/1338/0845/files/CloudWhipBlurringLiquidLipstick_StormCloud_Product_Stylized.jpg?v=1778614231,shopify_colourpop.json,2026-08-21T20:14:37.975476+00:00
4,4,ColourPop,7574416097362,pink-perfection-jelly-much-eyeshadow-stick,Pink Perfection,Jelly Much Eyeshadow Stick,eyeshadow_single,eyeshadow_single <- 'eyeshadow' in product_type|title,https://colourpop.com/products/pink-perfection-jelly-much-eyeshadow-stick,8,https://cdn.shopify.com/s/files/1/1338/0845/files/JellyMuchEyeshadowStick_PinkPerfection_ECOM_e903b957-334b-4fd0-b524-a536a7d8ad7f.jpg?v=1779125862|https://cdn.shopify.com/s/files/1/1338/0845/files/JellyMuchEyeshadowStick_PinkPerfection_MacroEye_Grid_Swatch_c069ddc7-9ced-4255-b16c-41fb2cc1506a.jpg?v=1779125862|https://cdn.shopify.com/s/files/1/1338/0845/files/JellyMuchEyeshadowStick_PinkPerfection_ArmSwatch_63c4c12f-127e-47ac-ae03-2d9ba66e47be.jpg?v=1779125862|https://cdn.shopify.com/s/files/1/1338/0845/files/JellyMuchEyeshadowStick_PinkPerfection_ModelFullFace_edb19cb6-b35a-4780-a0e9-dea9eef9214c.jpg?v=1779125862|https://cdn.shopify.com/s/files/1/1338/0845/files/JellyMuchEyeshadowStick_PinkPerfection_Infographic_09b12d80-df6b-4b88-9323-81156504c6cf.jpg?v=1779125862|https://cdn.shopify.com/s/files/1/1338/0845/files/JellyMuchEyeshadowStick_PinkPerfection_ProTips_5fc86617-fa6e-426a-953c-e9aa46d2d65e.jpg?v=1779125862|https://cdn.shopify.com/s/files/1/1338/0845/files/JellyMuchEyeshadowStick_PinkPerfection_Macro_Product_Swatch_004a6e41-9e78-4d95-a361-16bbef919008.jpg?v=1779125863|https://cdn.shopify.com/s/files/1/1338/0845/files/JellyMuchEyeshadowStick_PinkPerfection_ProductStylized_790408ee-7cd2-4fb0-9613-dde5d48a5e44.jpg?v=1779125863,shopify_colourpop.json,2026-08-21T20:14:37.975476+00:00
5,5,ColourPop,7494888456274,cuter-than-cupid-super-shock-blush,Cuter than Cupid,Super Shock Blush,powder_blush,powder_blush <- 'blush' in product_type|title,https://colourpop.com/products/cuter-than-cupid-super-shock-blush,6,https://cdn.shopify.com/s/files/1/1338/0845/files/HeartToGet_SSBlush_CuterThanCupid_ProductStylized.jpg?v=1768423713|https://cdn.shopify.com/s/files/1/1338/0845/files/HeartToGet_Bundle_SorryNotSorry_ModelFullFace.jpg?v=1768423713|https://cdn.shopify.com/s/files/1/1338/0845/files/HeartToGet_Bundle_SorryNotSorry_ModelFullFace_Grid.jpg?v=1768423713|https://cdn.shopify.com/s/files/1/1338/0845/files/HeartToGet_SSBlush_CuterThanCupid_ProductStylized_Compact_6d57d6da-eb00-4ed4-b1dd-f3dbf3ef27fe.jpg?v=1768423713|https://cdn.shopify.com/s/files/1/1338/0845/files/HeartToGet_SSBlush_NotYourBaby_Infographic.jpg?v=1768423713|https://cdn.shopify.com/s/files/1/1338/0845/files/HeartToGet_SSBlush_CuterThanCupid_ECOM.jpg?v=1768497159,shopify_colourpop.json,2026-08-21T20:14:37.975476+00:00
6,6,ColourPop,7524458758226,high-demand-blush-stix,High Demand,Blush Stix,cream_blush,cream_blush <- 'blush stix' in product_type|title,https://colourpop.com/products/high-demand-blush-stix,7,https://cdn.shopify.com/s/files/1/1338/0845/files/BlushStix_HighDemand_ECOM_79d18445-8b93-4e1d-bd06-c6dcafc38db4.jpg?v=1786233624|https://cdn.shopify.com/s/files/1/1338/0845/files/BlushStix_HighDemand_Swatch_708e262b-6fb1-4486-8191-585671a999de.jpg?v=1778556249|https://cdn.shopify.com/s/files/1/1338/0845/files/BlushStix_HighDemand_Macro_Face_Grid_3a88401e-d33a-4536-91e0-d5a8d4837c93.jpg?v=1778556249|https://cdn.shopify.com/s/files/1/1338/0845/files/BlushStix_HighDemand_Swatch_Schematic_6ef711f1-05ba-4b78-bfa9-98b195b09eeb.jpg?v=1778556249|https://cdn.shopify.com/s/files/1/1338/0845/files/BlushStix_HighDemand_Model_FullFace_Fair_67520ed4-c43b-485d-87ad-c3f7028d1e8c.jpg?v=1778556249|https://cdn.shopify.com/s/files/1/1338/0845/files/BlushStix_HighDemand_Infographic_497d7bf6-a479-4a3c-b7f1-77efd61cf601.jpg?v=1778556249|https://cdn.shopify.com/s/files/1/1338/0845/files/BlushStix_HighDemand_Product_Stylized_843d4b6e-9e30-449f-bfd7-2f8b7714c711.jpg?v=1778556249,shopify_colourpop.json,2026-08-21T20:14:37.975476+00:00
7,7,ColourPop,7525266063442,soft-shell-multichrome-highlighter,Soft Shell,Mega Highlighter,highlighter,highlighter <- 'highlight' in product_type|title,https://colourpop.com/products/soft-shell-multichrome-highlighter,7,https://cdn.shopify.com/s/files/1/1338/0845/files/LittleMermaid_MultichromeHighlighter_SoftShell_ProductStylized.jpg?v=1774225697|https://cdn.shopify.com/s/files/1/1338/0845/files/LittleMermaid_MultichromeHighlighter_SoftShell_Model_Cheek_Grid.jpg?v=1774225697|https://cdn.shopify.com/s/files/1/1338/0845/files/LittleMermaid_MultichromeHighlighter_SoftShell_Swatch.jpg?v=1774225697|https://cdn.shopify.com/s/files/1/1338/0845/files/LittleMermaid_MultichromeHighlighter_SoftShell_ModelFullFace.jpg?v=1774225697|https://cdn.shopify.com/s/files/1/1338/0845/files/LittleMermaid_MultiChromeHighlighters_SoftShell_ArmSwatches.jpg?v=1774225714|https://cdn.shopify.com/s/files/1/1338/0845/files/LittleMermaid_MultichromeHighlighter_SoftShell_ProductStylized2.jpg?v=1774225714|https://cdn.shopify.com/s/files/1/1338/0845/files/LittleMermaid_MultichromeHighlighter_SoftShell_ECOM.jpg?v=1774303971,shopify_colourpop.json,2026-08-21T20:14:37.975476+00:00
8,8,ColourPop,7494887342162,brunette-brow-boss-pencil,Brunette,Brow Boss Pencil,brow,brow <- 'brow' in product_type|title,https://colourpop.com/products/brunette-brow-boss-pencil,9,https://cdn.shopify.com/s/files/1/1338/0845/files/BrowBossBrowPencil_Brunette_ECOM.jpg?v=1766261992|https://cdn.shopify.com/s/files/1/1338/0845/files/BrowBossBrowPencil_Blonde_Macro_Eye_Grid.jpg?v=1766262267|https://cdn.shopify.com/s/files/1/1338/0845/files/BrowBossBrowPencil_Blonde_Model_Claims.jpg?v=1766261741|https://cdn.shopify.com/s/files/1/1338/0845/files/BrowBossBrowPencil_Blonde_ArmSwatch.jpg?v=1766261741|https://cdn.shopify.com/s/files/1/1338/0845/files/BrowBoss_ContentCard_Mobile_369x562_9d5b881a-25a7-4afa-bc67-f4e81d365846.jpg?v=1770680652|https://cdn.shopify.com/s/files/1/1338/0845/files/BrowBossBrowPencil_Blonde_Product_Stylized.jpg?v=1770680645|https://cdn.shopify.com/s/files/1/1338/0845/files/BrowBossBrowPencil_Blonde_Model_Infographic.jpg?v=1770680645|https://cdn.shopify.com/s/files/1/1338/0845/files/BrowBossBrowPencil_Blonde_Infographic.jpg?v=1770680652,shopify_colourpop.json,2026-08-21T20:14:37.975476+00:00
9,9,ColourPop,7556522475602,corral-beach-liquid-bronzer,Corral Beach,Liquid Bronzer,bronzer,bronzer <- 'bronzer' in product_type|title,https://colourpop.com/products/corral-beach-liquid-bronzer,9,https://cdn.shopify.com/s/files/1/1338/0845/files/LiquidBronzer_CorralBeach_ECOM.jpg?v=1786233353|https://cdn.shopify.com/s/files/1/1338/0845/files/Liquid_Bronzer_Corral_Beach_Swatch.jpg?v=1786233371|https://cdn.shopify.com/s/files/1/1338/0845/files/LiquidBronzer_CorralBeach_Model_FullFace.jpg?v=1776360381|https://cdn.shopify.com/s/files/1/1338/0845/files/LiquidBronzer_CorralBeach_BeforeandAfter.jpg?v=1776360381|https://cdn.shopify.com/s/files/1/1338/0845/files/LiquidBronzer_CorralBeach_ArmSwatch.png?v=1776360381|https://cdn.shopify.com/s/files/1/1338/0845/files/LiquidBronzer_CorralBeach_Infographic.jpg?v=1776360381|https://cdn.shopify.com/s/files/1/1338/0845/files/LiquidBronzer_CorralBeach_Model_Face_Grid.jpg?v=1776360381|https://cdn.shopify.com/s/files/1/1338/0845/files/LiquidBronzer_CorralBeach_FindYourShade.jpg?v=1776360381,shopify_colourpop.json,2026-08-21T20:14:37.975476+00:00
10,10,ColourPop,7569851646034,prettiest-pink-liquid-blush,Prettiest Pink,Liquid Blush,liquid_blush,liquid_blush <- 'liquid blush' in product_type|title,https://colourpop.com/products/prettiest-pink-liquid-blush,8,https://cdn.shopify.com/s/files/1/1338/0845/files/PinkDreams_LiquidBlush_PrettiestPink_ProductStylized.jpg?v=1776788266|https://cdn.shopify.com/s/files/1/1338/0845/files/Pink_Dreams_Liquid_Blush_Prettiest_Pink_Swatch.jpg?v=1787340893|https://cdn.shopify.com/s/files/1/1338/0845/files/PinkDreams_LiquidBlush_PrettiestPink_Model_FullFace_Fair.jpg?v=1776788266|https://cdn.shopify.com/s/files/1/1338/0845/files/PinkDreams_LiquidBlush_PrettiestPink_ProductStylized_Bow.jpg?v=1776788266|https://cdn.shopify.com/s/files/1/1338/0845/files/PinkDreams_LiquidBlush_PrettiestPink_Model_FullFace_Grid.jpg?v=1776788266|https://cdn.shopify.com/s/files/1/1338/0845/files/PinkDreams_LiquidBlush_PrettiestPink_ProductStylized_Pillow.jpg?v=1776788266|https://cdn.shopify.com/s/files/1/1338/0845/files/PinkDreams_LiquidBlush_PrettiestPink_Model_FullFace_Deep.jpg?v=1776788266|https://cdn.shopify.com/s/files/1/1338/0845/files/PinkDreams_LiquidBlush_PrettiestPink_ECOM.jpg?v=1776788266,shopify_colourpop.json,2026-08-21T20:14:37.975476+00:00
11,11,ColourPop,7586234564690,clearly-cute-ph-lip-balm,Clearly Cute,pH Lip Balm,lipstick,lipstick <- 'lip balm' in product_type|title,https://colourpop.com/products/clearly-cute-ph-lip-balm,7,https://cdn.shopify.com/s/files/1/1338/0845/files/PHLipBalm_ClearyCute_ECOM.jpg?v=1786233132|https://cdn.shopify.com/s/files/1/1338/0845/files/PHLipBalm_ClearyCute_Model_Macro_Lip_Grid_Swatch.jpg?v=1781299630|https://cdn.shopify.com/s/files/1/1338/0845/files/PHLipBalm_ClearyCute_Infographic_1.jpg?v=1781299630|https://cdn.shopify.com/s/files/1/1338/0845/files/PHLipBalm_ClearyCute_Model_FullFace.jpg?v=1781299630|https://cdn.shopify.com/s/files/1/1338/0845/files/PHLipBalm_ClearyCute_Infographic_2.jpg?v=1781299631|https://cdn.shopify.com/s/files/1/1338/0845/files/PHLipBalm_ClearyCute_Infographic_3.jpg?v=1781299630|https://cdn.shopify.com/s/files/1/1338/0845/files/PHLipBalm_ClearyCute_ProductStylized.jpg?v=1786238870,shopify_colourpop.json,2026-08-21T20:14:37.975476+00:00
12,12,ColourPop,7006835245138,aurora-stuck-shadow-palette,Aurora Struck,Shadow Palette,eyeshadow_palette,eyeshadow_palette <- 'shadow palette' in product_type|title,https://colourpop.com/products/aurora-stuck-shadow-palette,5,https://cdn.shopify.com/s/files/1/1338/0845/files/Aurora-Struck-Palette-Into-with-UC.jpg?v=1693429053|https://cdn.shopify.com/s/files/1/1338/0845/products/Aurora-Struck-PPP-Arm-Swatches_1.jpg?v=1693429053|https://cdn.shopify.com/s/files/1/1338/0845/files/Aurora-Struck-Palette-Top-Down-Linear-Abundance.jpg?v=1693429048|https://cdn.shopify.com/s/files/1/1338/0845/files/Aurora-Struck-PPP-Half-Closed.jpg?v=1693429051|https://cdn.shopify.com/s/files/1/1338/0845/files/Aurora-Struck-PPP-Open.jpg?v=1693429053,shopify_colourpop.json,2026-08-21T20:14:37.975476+00:00
13,13,ColourPop,7587815850066,keeping-it-real-lip-gloss-keychain,Keeping It Real,Lip Gloss,lip_gloss,lip_gloss <- 'lip gloss' in product_type|title,https://colourpop.com/products/keeping-it-real-lip-gloss-keychain,6,https://cdn.shopify.com/s/files/1/1338/0845/files/HannahMontanaxColourpop_LipOil_KeepingitReal_ProductStylized.jpg?v=1781718276|https://cdn.shopify.com/s/files/1/1338/0845/files/HannahMontanaxColourpop_LipOil_KeepingitReal_ECOM.jpg?v=1786238709|https://cdn.shopify.com/s/files/1/1338/0845/files/HannahMontanaxColourpop_LipOil_KeepingitReal_Model_Fair.jpg?v=1781718276|https://cdn.shopify.com/s/files/1/1338/0845/files/HannahMontanaxColourpop_LipOil_KeepingitReal_Model_Medium_adcdf075-6bbb-42eb-8893-499324e50561.jpg?v=1781718276|https://cdn.shopify.com/s/files/1/1338/0845/files/HannahMontanaxColourpop_LipOil_KeepingitReal_Model_Deep.jpg?v=1781718276|https://cdn.shopify.com/s/files/1/1338/0845/files/HannahMontanaxColourpop_LipOil_KeepingitReal_VariationSwatch.jpg?v=1781718276,shopify_colourpop.json,2026-08-21T20:14:37.975476+00:00
14,14,ColourPop,7494878265426,skys-the-limit-cloud-whip-liquid-lipstick,Sky's the Limit,Cloud Whip Blurring Liquid Lipstick,liquid_lipstick,liquid_lipstick <- 'liquid lip' in product_type|title,https://colourpop.com/products/skys-the-limit-cloud-whip-liquid-lipstick,8,https://cdn.shopify.com/s/files/1/1338/0845/files/CloudWhipBlurringLiquidLipstick_Sky_stheLimit_ECOM_4904f830-5676-4b89-aa51-4fc105a370e0.jpg?v=1786233959|https://cdn.shopify.com/s/files/1/1338/0845/files/CloudWhipBlurringLiquidLipstick_Sky_stheLimit_Model_LipMacro_a9a2f879-2cbe-47cf-80ec-ef47dec66cfc.jpg?v=1778614121|https://cdn.shopify.com/s/files/1/1338/0845/files/CloudWhipBlurringLiquidLipstick_Sky_stheLimit_Infographic_ColourMeetsComfort.jpg?v=1778614121|https://cdn.shopify.com/s/files/1/1338/0845/files/CloudWhipBlurringLiquidLipstick_Sky_stheLimit_Macro_Lip_ModelWears.jpg?v=1778614120|https://cdn.shopify.com/s/files/1/1338/0845/files/CloudWhipBlurringLiquidLipstick_Sky_stheLimit_ArmSwatch.jpg?v=1778614121|https://cdn.shopify.com/s/files/1/1338/0845/files/CloudWhipBlurringLiquidLipstick_Sky_stheLimit_Model_Infographic.jpg?v=1778614121|https://cdn.shopify.com/s/files/1/1338/0845/files/CloudWhipBlurringLiquidLipstick_Sky_stheLimit_FullFace_Model.jpg?v=1778614121|https://cdn.shopify.com/s/files/1/1338/0845/files/CloudWhipBlurringLiquidLipstick_Sky_stheLimit_Product_Stylized.jpg?v=1778614123,shopify_colourpop.json,2026-08-21T20:14:37.975476+00:00
15,15,ColourPop,7575376461906,pink-icing-super-shock-shadow,Pink Icing,Super Shock Shadow,eyeshadow_single,eyeshadow_single <- 'shadow' in product_type|title,https://colourpop.com/products/pink-icing-super-shock-shadow,6,https://cdn.shopify.com/s/files/1/1338/0845/files/SSS_CoolPinkCapOff.jpg?v=1786236224|https://cdn.shopify.com/s/files/1/1338/0845/files/SSS_PinkIcing_Swatch.jpg?v=1777663409|https://cdn.shopify.com/s/files/1/1338/0845/files/SSS_PinkIcing_Macro_Eye_Deep.jpg?v=1777663410|https://cdn.shopify.com/s/files/1/1338/0845/files/SSS_PinkIcing_Macro_Eye_Fair.jpg?v=1777663410|https://cdn.shopify.com/s/files/1/1338/0845/files/SSS_PinkIcing_Macro_Eye_Medium_7e8ccc9f-fcc3-40e1-956e-a66a4522fd7a.jpg?v=1777663409|https://cdn.shopify.com/s/files/1/1338/0845/files/SSS_PinkIcing_Macro_FullFace.jpg?v=1777663409,shopify_colourpop.json,2026-08-21T20:14:37.975476+00:00
16,16,ColourPop,7524458233938,whimsy-blush-stix,Whimsy,Blush Stix,cream_blush,cream_blush <- 'blush stix' in product_type|title,https://colourpop.com/products/whimsy-blush-stix,7,https://cdn.shopify.com/s/files/1/1338/0845/files/BlushStix_Whimsy_ECOM_021ec581-46e5-4abd-b9f8-6f1e635155c2.jpg?v=1786233654|https://cdn.shopify.com/s/files/1/1338/0845/files/BlushStix_Whimsy_Swatch_5ac6631c-191a-4a00-93af-d0e7a5e46827.jpg?v=1778556516|https://cdn.shopify.com/s/files/1/1338/0845/files/BlushStix_Whimsy_Macro_Face_Grid_edeb1e7f-c241-4f51-9462-6bf5ce88a808.jpg?v=1778556515|https://cdn.shopify.com/s/files/1/1338/0845/files/BlushStix_Whimsy_Swatch_Schematic_c48cf7be-666c-4212-9456-e8a40a4b12c1.jpg?v=1778556515|https://cdn.shopify.com/s/files/1/1338/0845/files/BlushStix_Whimsy_Model_FullFace_Deep_9b520853-f248-44b4-8b4d-8ac47dfaeac3.jpg?v=1778556515|https://cdn.shopify.com/s/files/1/1338/0845/files/BlushStix_Whimsy_Infographic_3f16e0a7-562d-45f4-9b19-bb6e7a20b807.jpg?v=1778556515|https://cdn.shopify.com/s/files/1/1338/0845/files/BlushStix_Whimsy_Product_Stylized_3a21b652-fbb5-409d-82ba-21776a918543.jpg?v=1778556515,shopify_colourpop.json,2026-08-21T20:14:37.975476+00:00
17,17,ColourPop,7494889930834,change-me-mega-highlighter,Change Me,Mega Highlighter,highlighter,highlighter <- 'highlight' in product_type|title,https://colourpop.com/products/change-me-mega-highlighter,7,https://cdn.shopify.com/s/files/1/1338/0845/files/TwilightXColourpop_Eclipse_ChangeMe_ProductStylized_Lake.jpg?v=1768694645|https://cdn.shopify.com/s/files/1/1338/0845/files/TwilightXColourpop_Eclipse_ChangeMe_ECOM.jpg?v=1769013663|https://cdn.shopify.com/s/files/1/1338/0845/files/TwilightXColourpop_Eclipse_ChangeMe_Model_FullFace_Light.jpg?v=1769013663|https://cdn.shopify.com/s/files/1/1338/0845/files/TwilightXColourpop_Eclipse_ChangeMe_Model_FullFace_Medium_751e6532-a642-47fa-b80e-1338d86109d3.jpg?v=1769013663|https://cdn.shopify.com/s/files/1/1338/0845/files/TwilightXColourpop_Eclipse_ChangeMe_Model_FullFace_Deep.jpg?v=1769013663|https://cdn.shopify.com/s/files/1/1338/0845/files/TwilightXColourpop_Eclipse_ChangeMe_Infographic.jpg?v=1769013663|https://cdn.shopify.com/s/files/1/1338/0845/files/TwilightXColourpop_Eclipse_ChangeMe_ProductStylized_Forest.jpg?v=1769013663,shopify_colourpop.json,2026-08-21T20:14:37.975476+00:00
18,18,ColourPop,7142098311,dope-taupe-pencil,Dope Taupe Pencil,Brow Pencil,brow,brow <- 'brow' in product_type|title,https://colourpop.com/products/dope-taupe-pencil,6,https://cdn.shopify.com/s/files/1/1338/0845/products/7142098311-Dope-Taupe-Pencil-BrowPencil-DopeTaupe-1.jpg?v=1668557182|https://cdn.shopify.com/s/files/1/1338/0845/files/Black-N-Brown-spoolie-macro-copy_2a1af8db-94bd-4f9a-ac43-ffcda3eba291.jpg?v=1717614610|https://cdn.shopify.com/s/files/1/1338/0845/files/1499430158418-Champagne-Blonde-Pencil-BrowPencil-ChampagneBlonde-3_39698e29-d5b6-4c57-8b04-d6e43ec3f099.jpg?v=1717614629|https://cdn.shopify.com/s/files/1/1338/0845/files/CP_Brow_WhichBrowAreYou_Infographic_8272abf1-fd05-4a97-9388-c4eb18850a21.jpg?v=1717614629|https://cdn.shopify.com/s/files/1/1338/0845/files/BrowPencil-ModelB_A_e825d0d2-602e-40b1-ab63-c23455f74e64.jpg?v=1717614629|https://cdn.shopify.com/s/files/1/1338/0845/files/FF0F13EC-691D-45E9-B81A-AA3E73240735_b1934dd5-10cf-400b-9303-c693e6d79391.jpg?v=1717614629,shopify_colourpop.json,2026-08-21T20:14:37.975476+00:00
19,19,ColourPop,7556521721938,sunset-beach-liquid-bronzer,Sunset Beach,Liquid Bronzer,bronzer,bronzer <- 'bronzer' in product_type|title,https://colourpop.com/products/sunset-beach-liquid-bronzer,9,https://cdn.shopify.com/s/files/1/1338/0845/files/LiquidBronzer_SunsetBeach_ECOM.jpg?v=1786233396|https://cdn.shopify.com/s/files/1/1338/0845/files/Liquid_Bronzer_Sunset_Beach_Swatch.jpg?v=1786233411|https://cdn.shopify.com/s/files/1/1338/0845/files/LiquidBronzer_SunsetBeach_Model_FullFace.jpg?v=1776360363|https://cdn.shopify.com/s/files/1/1338/0845/files/LiquidBronzer_SunsetBeach_BeforeandAfter.jpg?v=1776360363|https://cdn.shopify.com/s/files/1/1338/0845/files/LiquidBronzer_SunsetBeach_ArmSwatch.png?v=1776360363|https://cdn.shopify.com/s/files/1/1338/0845/files/LiquidBronzer_SunsetBeach_Infographic.jpg?v=1776360363|https://cdn.shopify.com/s/files/1/1338/0845/files/LiquidBronzer_SunsetBeach_Model_Face_Grid.jpg?v=1776360363|https://cdn.shopify.com/s/files/1/1338/0845/files/LiquidBronzer_SunsetBeach_FindYourShade.jpg?v=1776360363,shopify_colourpop.json,2026-08-21T20:14:37.975476+00:00
20,20,ColourPop,7569851678802,like-a-doll-liquid-blush,Like A Doll,Liquid Blush,liquid_blush,liquid_blush <- 'liquid blush' in product_type|title,https://colourpop.com/products/like-a-doll-liquid-blush,8,https://cdn.shopify.com/s/files/1/1338/0845/files/PinkDreams_LiquidBlush_LikeaDoll_ProductStylized.jpg?v=1776788283|https://cdn.shopify.com/s/files/1/1338/0845/files/Pink_Dreams_Liquid_Blush_Like_a_Doll_Swatch.jpg?v=1787340846|https://cdn.shopify.com/s/files/1/1338/0845/files/PinkDreams_LiquidBlush_LikeaDoll_Model_FullFace.jpg?v=1776788283|https://cdn.shopify.com/s/files/1/1338/0845/files/PinkDreams_LiquidBlush_LikeaDoll_ProductStylized_Bow.jpg?v=1786239706|https://cdn.shopify.com/s/files/1/1338/0845/files/PinkDreams_LiquidBlush_LikeaDoll_Model_Grid.jpg?v=1776788283|https://cdn.shopify.com/s/files/1/1338/0845/files/PinkDreams_LiquidBlush_LikeaDoll_ProductStylized_Pillow.jpg?v=1776788283|https://cdn.shopify.com/s/files/1/1338/0845/files/PinkDreams_LiquidBlush_LikeaDoll_Model_FullFace_Product.jpg?v=1776788283|https://cdn.shopify.com/s/files/1/1338/0845/files/PinkDreams_LiquidBlush_LikeaDoll_ECOM.jpg?v=1776788283,shopify_colourpop.json,2026-08-21T20:14:37.975476+00:00
21,21,ColourPop,7586234597458,pink-mood-ph-lip-balm,Pink Mood,pH Lip Balm,lipstick,lipstick <- 'lip balm' in product_type|title,https://colourpop.com/products/pink-mood-ph-lip-balm,7,https://cdn.shopify.com/s/files/1/1338/0845/files/PHLipBalm_PinkMood_ECOM.jpg?v=1786233081|https://cdn.shopify.com/s/files/1/1338/0845/files/PHLipBalm_PinkMood_Model_Macro_Lip_Grid_Swatch.jpg?v=1781299630|https://cdn.shopify.com/s/files/1/1338/0845/files/PHLipBalm_PinkMood_Infographic_1.jpg?v=1781299629|https://cdn.shopify.com/s/files/1/1338/0845/files/PHLipBalm_PinkMood_Model_FullFace.jpg?v=1781299629|https://cdn.shopify.com/s/files/1/1338/0845/files/PHLipBalm_PinkMood_Infographic_2.jpg?v=1781299629|https://cdn.shopify.com/s/files/1/1338/0845/files/PHLipBalm_PinkMood_Infographic_3.jpg?v=1781299629|https://cdn.shopify.com/s/files/1/1338/0845/files/PHLipBalm_PinkMood_ProductStylized.jpg?v=1781299629,shopify_colourpop.json,2026-08-21T20:14:37.975476+00:00
22,22,ColourPop,7587667935314,best-of-both-worlds-shadow-palette,Best of Both Worlds,Shadow Palette,eyeshadow_palette,eyeshadow_palette <- 'shadow palette' in product_type|title,https://colourpop.com/products/best-of-both-worlds-shadow-palette,8,https://cdn.shopify.com/s/files/1/1338/0845/files/HannahMontanaxColourpop_EyeshadowPalete_BestofBothWorlds_ProductStylized.jpg?v=1781717968|https://cdn.shopify.com/s/files/1/1338/0845/files/HannahMontanaxColourpop_EyeshadowPalete_BestofBothWorlds_ECOM.jpg?v=1786238769|https://cdn.shopify.com/s/files/1/1338/0845/files/HannahMontanaxColourpop_EyeshadowPalete_BestofBothWorlds_Model_FullFace_Fair.jpg?v=1781717968|https://cdn.shopify.com/s/files/1/1338/0845/files/HannahMontanaxColourpop_EyeshadowPalete_BestofBothWorlds_Macro_Eye_Fair.jpg?v=1781717968|https://cdn.shopify.com/s/files/1/1338/0845/files/HannahMontanaxColourpop_EyeshadowPalete_BestofBothWorlds_Macro_Eye_Medium_e374ecc6-483e-47bd-9455-538d4a5d8546.jpg?v=1781717968|https://cdn.shopify.com/s/files/1/1338/0845/files/HannahMontanaxColourpop_EyeshadowPalete_BestofBothWorlds_Macro_Eye_Deep.jpg?v=1781717968|https://cdn.shopify.com/s/files/1/1338/0845/files/HannahMontanaxColourpop_EyeshadowPalete_BestofBothWorlds_ArmSwatch.jpg?v=1781717967|https://cdn.shopify.com/s/files/1/1338/0845/files/HannahMontanaxColourpop_EyeshadowPalete_BestofBothWorlds_Model_FullFace_Deep.jpg?v=1781717968,shopify_colourpop.json,2026-08-21T20:14:37.975476+00:00
23,23,ColourPop,7569523540050,imo-so-juicy-plumping-gloss-balm,IMO,So Juicy Plumping Gloss Balm with Peptides,lip_gloss,lip_gloss <- 'plumping' in product_type|title,https://colourpop.com/products/imo-so-juicy-plumping-gloss-balm,6,https://cdn.shopify.com/s/files/1/1338/0845/files/SoJuicyGlossyBalmStick_IMO_ECOM.jpg?v=1779905135|https://cdn.shopify.com/s/files/1/1338/0845/files/SoJuicyGlossyBalmStick_IMO_Macro_Lip_Grid_Swatch.jpg?v=1779905135|https://cdn.shopify.com/s/files/1/1338/0845/files/SoJuicyPlumpingGlossBalmStick_DinnerDate_ArmSwatch.jpg?v=1779999726|https://cdn.shopify.com/s/files/1/1338/0845/files/SoJuicyPlumpingGlossBalmStick_DinnerDate_Swatch_ShadeName.jpg?v=1779999726|https://cdn.shopify.com/s/files/1/1338/0845/files/SoJuicyGlossyBalmStick_MadeforMe_Infographic.jpg?v=1779905113|https://cdn.shopify.com/s/files/1/1338/0845/files/SoJuicyGlossyBalmStick_IMO_Swatch.jpg?v=1786239035,shopify_colourpop.json,2026-08-21T20:14:37.975476+00:00
24,24,ColourPop,7494884032594,pretty-aura-cloud-whip-liquid-lipstick,Pretty Aura,Cloud Whip Blurring Liquid Lipstick,liquid_lipstick,liquid_lipstick <- 'liquid lip' in product_type|title,https://colourpop.com/products/pretty-aura-cloud-whip-liquid-lipstick,8,https://cdn.shopify.com/s/files/1/1338/0845/files/CloudWhipBlurringLiquidLipstick_PrettyAura_ECOM_3814827a-36f6-411d-965e-f804e6544d05.jpg?v=1786233799|https://cdn.shopify.com/s/files/1/1338/0845/files/CloudWhipBlurringLiquidLipstick_PrettyAura_Model_LipMacro_55ad7d81-14a8-42b9-ab2b-ae62357c95c1.jpg?v=1778614099|https://cdn.shopify.com/s/files/1/1338/0845/files/CloudWhipBlurringLiquidLipstick_PrettyAura_Infographic_ColourMeetsComfort.jpg?v=1778614099|https://cdn.shopify.com/s/files/1/1338/0845/files/CloudWhipBlurringLiquidLipstick_PrettyAura_Macro_Lip_ModelWears.jpg?v=1778614099|https://cdn.shopify.com/s/files/1/1338/0845/files/CloudWhipBlurringLiquidLipstick_PrettyAura_ArmSwatch.jpg?v=1778614099|https://cdn.shopify.com/s/files/1/1338/0845/files/CloudWhipBlurringLiquidLipstick_PrettyAura_Infographic.jpg?v=1778614099|https://cdn.shopify.com/s/files/1/1338/0845/files/CloudWhipBlurringLiquidLipstick_PrettyAura_FullFace_Model.jpg?v=1778614101|https://cdn.shopify.com/s/files/1/1338/0845/files/CloudWhipBlurringLiquidLipstick_PrettyAura_Product_Stylized.jpg?v=1778614099,shopify_colourpop.json,2026-08-21T20:14:37.975476+00:00
25,25,ColourPop,7494888030290,love-at-first-swipe-shadow-stix,Love At First Swipe,Shadow Stix,eyeshadow_single,eyeshadow_single <- 'shadow stix' in product_type|title,https://colourpop.com/products/love-at-first-swipe-shadow-stix,6,https://cdn.shopify.com/s/files/1/1338/0845/files/HeartToGet_Kit_LoveAtFirstSwipe_ProductStylized.jpg?v=1768423418|https://cdn.shopify.com/s/files/1/1338/0845/files/HeartToGet_Kit_LoveAtFirstSwipe_ProductSwatch_Grid.jpg?v=1768423418|https://cdn.shopify.com/s/files/1/1338/0845/files/HeartToGet_Kit_LoveAtFirstSwipe_Model_EyeMacro_Medium_c0875fce-587b-47e1-8493-7dd5d2a0727e.jpg?v=1768424090|https://cdn.shopify.com/s/files/1/1338/0845/files/HeartToGet_Kit_LoveAtFirstSwipe_Model_EyeMacro_Light.jpg?v=1768423418|https://cdn.shopify.com/s/files/1/1338/0845/files/HeartToGet_Kit_ForYourEyesOnly_Infographic.jpg?v=1768424090|https://cdn.shopify.com/s/files/1/1338/0845/files/HeartToGet_Kit_LoveAtFirstSwipe_Model_ECOM.jpg?v=1768494698,shopify_colourpop.json,2026-08-21T20:14:37.975476+00:00
26,26,ColourPop,7524465115218,am-i-the-drama-blush-stix,Am I The Drama?,Blush Stix,cream_blush,cream_blush <- 'blush stix' in product_type|title,https://colourpop.com/products/am-i-the-drama-blush-stix,7,https://cdn.shopify.com/s/files/1/1338/0845/files/BlushStix_AmItheDrama__ECOM_2c1a2d8d-2e93-4349-8edb-de471032004e.jpg?v=1786233572|https://cdn.shopify.com/s/files/1/1338/0845/files/BlushStix_AmItheDrama__Swatch_ed9991f7-20bf-451d-b01d-5b78c6c4dafe.jpg?v=1778555934|https://cdn.shopify.com/s/files/1/1338/0845/files/BlushStix_AmItheDrama__Macro_Face_Grid_fe6763ab-a20e-4b4e-bad2-c5434356e5f8.jpg?v=1778555934|https://cdn.shopify.com/s/files/1/1338/0845/files/BlushStix_AmItheDrama_Swatch_Schematic.jpg?v=1778555934|https://cdn.shopify.com/s/files/1/1338/0845/files/BlushStix_AmItheDrama__Model_FullFace_Fair_18f9b351-4f35-4bde-adda-1b03d3d1d193.jpg?v=1778555934|https://cdn.shopify.com/s/files/1/1338/0845/files/BlushStix_AmItheDrama__Infographic_da41bced-bc38-4fc4-9217-708fd3a9325e.jpg?v=1778555934|https://cdn.shopify.com/s/files/1/1338/0845/files/BlushStix_AmItheDrama_Product_Stylized_c64f18c2-3e46-41ab-aa2f-fc13c7fa9571.jpg?v=1778555934,shopify_colourpop.json,2026-08-21T20:14:37.975476+00:00
27,27,ColourPop,7525265997906,not-a-guppy-multichrome-highlighter,Not A Guppy,Mega Highlighter,highlighter,highlighter <- 'highlight' in product_type|title,https://colourpop.com/products/not-a-guppy-multichrome-highlighter,7,https://cdn.shopify.com/s/files/1/1338/0845/files/LittleMermaid_MultichromeHighlighter_NotaGuppy_ProductStylized.jpg?v=1774225665|https://cdn.shopify.com/s/files/1/1338/0845/files/LittleMermaid_MultichromeHighlighter_NotaGuppy_Model_CheekMacro_Grid.jpg?v=1774225665|https://cdn.shopify.com/s/files/1/1338/0845/files/LittleMermaid_MultichromeHighlighter_NotaGuppy_ProductSwatch.jpg?v=1774225665|https://cdn.shopify.com/s/files/1/1338/0845/files/LittleMermaid_MultichromeHighlighter_NotaGuppy_ModelFullFace.jpg?v=1774225665|https://cdn.shopify.com/s/files/1/1338/0845/files/LittleMermaid_MultiChromeHighlighters_NotaGuppy_ArmSwatches.jpg?v=1774225665|https://cdn.shopify.com/s/files/1/1338/0845/files/LittleMermaid_MultichromeHighlighter_NotaGuppy_ProductStylized2.jpg?v=1774225665|https://cdn.shopify.com/s/files/1/1338/0845/files/LittleMermaid_MultichromeHighlighter_NotaGuppy_ECOM.jpg?v=1774303968,shopify_colourpop.json,2026-08-21T20:14:37.975476+00:00
28,28,ColourPop,7494887440466,ash-brown-brow-boss-pencil,Ash Brown,Brow Boss Pencil,brow,brow <- 'brow' in product_type|title,https://colourpop.com/products/ash-brown-brow-boss-pencil,9,https://cdn.shopify.com/s/files/1/1338/0845/files/BrowBossBrowPencil_AshBrown_ECOM.jpg?v=1766262097|https://cdn.shopify.com/s/files/1/1338/0845/files/BrowBossBrowPencil_Blonde_Macro_Eye_Grid.jpg?v=1766262267|https://cdn.shopify.com/s/files/1/1338/0845/files/BrowBossBrowPencil_Blonde_Model_Claims.jpg?v=1766261741|https://cdn.shopify.com/s/files/1/1338/0845/files/BrowBossBrowPencil_Blonde_ArmSwatch.jpg?v=1766261741|https://cdn.shopify.com/s/files/1/1338/0845/files/BrowBoss_ContentCard_Mobile_369x562_9d5b881a-25a7-4afa-bc67-f4e81d365846.jpg?v=1770680652|https://cdn.shopify.com/s/files/1/1338/0845/files/BrowBossBrowPencil_Blonde_Product_Stylized.jpg?v=1770680645|https://cdn.shopify.com/s/files/1/1338/0845/files/BrowBossBrowPencil_Blonde_Model_Infographic.jpg?v=1770680645|https://cdn.shopify.com/s/files/1/1338/0845/files/BrowBossBrowPencil_Blonde_Infographic.jpg?v=1770680652,shopify_colourpop.json,2026-08-21T20:14:37.975476+00:00
29,29,ColourPop,7556523196498,sands-beach-liquid-bronzer,Sands Beach,Liquid Bronzer,bronzer,bronzer <- 'bronzer' in product_type|title,https://colourpop.com/products/sands-beach-liquid-bronzer,9,https://cdn.shopify.com/s/files/1/1338/0845/files/LiquidBronzer_SandsBeach_ECOM.jpg?v=1786233295|https://cdn.shopify.com/s/files/1/1338/0845/files/Liquid_Bronzer_Sands_Beach_Swatch.jpg?v=1786233321|https://cdn.shopify.com/s/files/1/1338/0845/files/LiquidBronzer_SandsBeach_Model_FullFace.jpg?v=1776360391|https://cdn.shopify.com/s/files/1/1338/0845/files/LiquidBronzer_SandsBeach_BeforeandAfter.jpg?v=1776360391|https://cdn.shopify.com/s/files/1/1338/0845/files/LiquidBronzer_SandsBeach_ArmSwatch.png?v=1776360391|https://cdn.shopify.com/s/files/1/1338/0845/files/LiquidBronzer_SandsBeach_Infographic-1.jpg?v=1776360391|https://cdn.shopify.com/s/files/1/1338/0845/files/LiquidBronzer_SandsBeach_Model_Face_Grid.jpg?v=1776360391|https://cdn.shopify.com/s/files/1/1338/0845/files/LiquidBronzer_SandsBeach_FindYourShade.jpg?v=1776360391,shopify_colourpop.json,2026-08-21T20:14:37.975476+00:00
30,30,ColourPop,7576521834578,dnd-hyper-shine-glossy-lipstick,DND,Hyper Shine Glossy Lipstick,lipstick,lipstick <- 'lipstick' in product_type|title,https://colourpop.com/products/dnd-hyper-shine-glossy-lipstick,9,https://cdn.shopify.com/s/files/1/1338/0845/files/HyperShineGlossyLipstick_DND_ECOM.jpg?v=1780334333|https://cdn.shopify.com/s/files/1/1338/0845/files/HyperShineGlossyLipstick_DND_MacroLip_Grid_Swatch.jpg?v=1780334334|https://cdn.shopify.com/s/files/1/1338/0845/files/HyperShineGlossyLipstick_ALittleZhuzh_GroupSwatch.jpg?v=1780334122|https://cdn.shopify.com/s/files/1/1338/0845/files/HyperShineGlossyLipstick_ALittleZhuzh_Macro_Lip_Product_Grid.jpg?v=1780334122|https://cdn.shopify.com/s/files/1/1338/0845/files/HyperShineGlossyLipstick_ALittleZhuzh_FullFace_Model.jpg?v=1780334122|https://cdn.shopify.com/s/files/1/1338/0845/files/HyperShineGlossyLipstick_ALittleZhuzh_Infographic.jpg?v=1780334122|https://cdn.shopify.com/s/files/1/1338/0845/files/HyperShineGlossyLipstick_ALittleZhuzh_LippiePencil_Lipstick.jpg?v=1780334122|https://cdn.shopify.com/s/files/1/1338/0845/files/HyperShineGlossyLipstick_ALittleZhuzh_Infographic2.jpg?v=1780334122,shopify_colourpop.json,2026-08-21T20:14:37.975476+00:00
31,31,ColourPop,7524272570450,silver-lining-shadow-palette,Silver Lining,Shadow Palette,eyeshadow_palette,eyeshadow_palette <- 'shadow palette' in product_type|title,https://colourpop.com/products/silver-lining-shadow-palette,8,https://cdn.shopify.com/s/files/1/1338/0845/files/SilverLining_EyePalette_ProductStylized.jpg?v=1772835358|https://cdn.shopify.com/s/files/1/1338/0845/files/SilverLining_FullCollection_ModelFullFace_DeepModel.jpg?v=1772835358|https://cdn.shopify.com/s/files/1/1338/0845/files/SilverLining_EyePalette_EyeMacro_FairModel.jpg?v=1772835358|https://cdn.shopify.com/s/files/1/1338/0845/files/SilverLining_EyePalette_EyeMacro_MediumModel.jpg?v=1772835358|https://cdn.shopify.com/s/files/1/1338/0845/files/SilverLining_EyePalette_EyeMacro_DeepModel.jpg?v=1772835358|https://cdn.shopify.com/s/files/1/1338/0845/files/SilverLining_EyePalette_ArmSwatches.jpg?v=1772835358|https://cdn.shopify.com/s/files/1/1338/0845/files/SilverLining_EyePalette_ModelFullFace_FairModel.jpg?v=1772835358|https://cdn.shopify.com/s/files/1/1338/0845/files/SilverLining_EyePalette_ECOM.jpg?v=1772835358,shopify_colourpop.json,2026-08-21T20:14:37.975476+00:00
32,32,ColourPop,7569523605586,made-for-me-so-juicy-plumping-gloss-balm,Made For Me,So Juicy Plumping Gloss Balm with Peptides,lip_gloss,lip_gloss <- 'plumping' in product_type|title,https://colourpop.com/products/made-for-me-so-juicy-plumping-gloss-balm,6,https://cdn.shopify.com/s/files/1/1338/0845/files/SoJuicyGlossyBalmStick_MadeforMe_ECOM.jpg?v=1779905112|https://cdn.shopify.com/s/files/1/1338/0845/files/SoJuicyGlossyBalmStick_MadeforMe_Macro_Lip_Grid_Swatch.jpg?v=1779905113|https://cdn.shopify.com/s/files/1/1338/0845/files/SoJuicyPlumpingGlossBalmStick_DinnerDate_ArmSwatch.jpg?v=1779999726|https://cdn.shopify.com/s/files/1/1338/0845/files/SoJuicyPlumpingGlossBalmStick_DinnerDate_Swatch_ShadeName.jpg?v=1779999726|https://cdn.shopify.com/s/files/1/1338/0845/files/SoJuicyGlossyBalmStick_MadeforMe_Infographic.jpg?v=1779905113|https://cdn.shopify.com/s/files/1/1338/0845/files/SoJuicyGlossyBalmStick_MadeforMe_Swatch.jpg?v=1786239067,shopify_colourpop.json,2026-08-21T20:14:37.975476+00:00
33,33,ColourPop,7494883147858,so-dreamy-cloud-whip-liquid-lipstick,So Dreamy,Cloud Whip Blurring Liquid Lipstick,liquid_lipstick,liquid_lipstick <- 'liquid lip' in product_type|title,https://colourpop.com/products/so-dreamy-cloud-whip-liquid-lipstick,8,https://cdn.shopify.com/s/files/1/1338/0845/files/CloudWhipBlurringLiquidLipstick_SoDreamy_ECOM_54be6f08-82b6-421e-b94c-796a0d8bfa93.jpg?v=1786233819|https://cdn.shopify.com/s/files/1/1338/0845/files/CloudWhipBlurringLiquidLipstick_SoDreamy_Model_LipMacro_e421f5e1-6aee-4e11-a8f2-2fe9a346c1a7.jpg?v=1778614208|https://cdn.shopify.com/s/files/1/1338/0845/files/CloudWhipBlurringLiquidLipstick_SoDreamy_Infographic_ColourMeetsComfort.jpg?v=1778614208|https://cdn.shopify.com/s/files/1/1338/0845/files/CloudWhipBlurringLiquidLipstick_SoDreamy_Macro_Lip_ModelWears.jpg?v=1778614208|https://cdn.shopify.com/s/files/1/1338/0845/files/CloudWhipBlurringLiquidLipstick_SoDreamy_ArmSwatch.jpg?v=1778614211|https://cdn.shopify.com/s/files/1/1338/0845/files/CloudWhipBlurringLiquidLipstick_SoDreamy_Infographic.jpg?v=1778614208|https://cdn.shopify.com/s/files/1/1338/0845/files/CloudWhipBlurringLiquidLipstick_SoDreamy_FullFace_Model.jpg?v=1778614208|https://cdn.shopify.com/s/files/1/1338/0845/files/CloudWhipBlurringLiquidLipstick_SoDreamy_Product_Stylized.jpg?v=1778614208,shopify_colourpop.json,2026-08-21T20:14:37.975476+00:00
34,34,ColourPop,7593244262482,jolteon-shadow-stix,Jolteon,Shadow Stix,eyeshadow_single,eyeshadow_single <- 'shadow stix' in product_type|title,https://colourpop.com/products/jolteon-shadow-stix,6,https://cdn.shopify.com/s/files/1/1338/0845/files/ColourpopxPokemon_Eevee_ShadowStix_Jolteon_Product_Stylized.jpg?v=1783966471|https://cdn.shopify.com/s/files/1/1338/0845/files/ColourpopxPokemon_Eevee_ShadowStix_Jolteon_ECOM.jpg?v=1783966471|https://cdn.shopify.com/s/files/1/1338/0845/files/ColourpopxPokemon_Eevee_ShadowStix_Jolteon_Swatch.jpg?v=1783966471|https://cdn.shopify.com/s/files/1/1338/0845/files/ColourpopxPokemon_Eevee_ShadowStix_Jolteon_Macro_Eye_Fair.jpg?v=1783966471|https://cdn.shopify.com/s/files/1/1338/0845/files/ColourpopxPokemon_Eevee_ShadowStix_Jolteon_Macro_Eye_Medium_d3ec5cc2-7c7d-4e22-9034-ea20b48f0521.jpg?v=1783966472|https://cdn.shopify.com/s/files/1/1338/0845/files/ColourpopxPokemon_Eevee_ShadowStix_Jolteon_Macro_Eye_Deep.jpg?v=1783966471,shopify_colourpop.json,2026-08-21T20:14:37.975476+00:00
35,35,ColourPop,7554672361554,going-places,Going Places,Blush Stix,cream_blush,cream_blush <- 'blush stix' in product_type|title,https://colourpop.com/products/going-places,7,https://cdn.shopify.com/s/files/1/1338/0845/files/BlushStix_GoingPlaces_ECOM_4d803a36-d5e5-4566-8188-3761826d618c.jpg?v=1786233513|https://cdn.shopify.com/s/files/1/1338/0845/files/BlushStix_GoingPlaces_Swatch_9203410c-4928-48cd-8952-792e24775d86.jpg?v=1778556222|https://cdn.shopify.com/s/files/1/1338/0845/files/BlushStix_GoingPlaces_Macro_Face_Grid_87aa68ec-6802-486c-80d6-d169b34a47b7.jpg?v=1778556221|https://cdn.shopify.com/s/files/1/1338/0845/files/BlushStix_GoingPlaces_Swatch_Schematic_23362511-4cbf-41f8-93e6-c1304b480e43.jpg?v=1778556221|https://cdn.shopify.com/s/files/1/1338/0845/files/BlushStix_GoingPlaces_Model_FullFace_Deep_c0712000-635e-4e5c-afa1-570d21bc7009.jpg?v=1778556221|https://cdn.shopify.com/s/files/1/1338/0845/files/BlushStix_GoingPlaces_Infographic_263c4cbc-bff3-4313-b39c-1e8ae53c50cf.jpg?v=1778556221|https://cdn.shopify.com/s/files/1/1338/0845/files/BlushStix_GoingPlaces_Product_Stylized_81c0ecac-1086-4aa7-a80d-aefc9ed29509.jpg?v=1778556221,shopify_colourpop.json,2026-08-21T20:14:37.975476+00:00
36,36,ColourPop,7569851613266,pink-aura-super-shock-highlighter,Pink Aura,Super Shock Highlighter,highlighter,highlighter <- 'highlight' in product_type|title,https://colourpop.com/products/pink-aura-super-shock-highlighter,7,https://cdn.shopify.com/s/files/1/1338/0845/files/PinkDreams_SuperShockHighlighter_PinkAura_ProductStylized_Pillow.jpg?v=1776788236|https://cdn.shopify.com/s/files/1/1338/0845/files/PinkDreams_SuperShockHighlighter_PinkAura_Swatch.jpg?v=1786280929|https://cdn.shopify.com/s/files/1/1338/0845/files/PinkDreams_SuperShockHighlighter_PinkAura_Model_FullFace.jpg?v=1776788236|https://cdn.shopify.com/s/files/1/1338/0845/files/PinkDreams_SuperShockHighlighter_PinkAura_Infographic.jpg?v=1776788236|https://cdn.shopify.com/s/files/1/1338/0845/files/PinkDreams_SuperShockHighlighter_PinkAura_Model_FullFace_Grid.jpg?v=1776788236|https://cdn.shopify.com/s/files/1/1338/0845/files/PinkDreams_SuperShockHighlighter_PinkAura_ProductStylized.jpg?v=1786281023|https://cdn.shopify.com/s/files/1/1338/0845/files/PinkDreams_SuperShockHighlighter_PinkAura_ECOM.jpg?v=1786280998,shopify_colourpop.json,2026-08-21T20:14:37.975476+00:00
37,37,ColourPop,7141962439,black-n-brown-pencil,Black N' Brown Pencil,Brow Pencil,brow,brow <- 'brow' in product_type|title,https://colourpop.com/products/black-n-brown-pencil,7,https://cdn.shopify.com/s/files/1/1338/0845/products/7141962439-Black-N_-Brown-Pencil-BrowPencil-BlackNBrown-1.jpg?v=1668557059|https://cdn.shopify.com/s/files/1/1338/0845/files/Precision_Brow_Black_N_Brown.png?v=1725576566|https://cdn.shopify.com/s/files/1/1338/0845/files/Black-N-Brown-spoolie-macro-copy_cf23146c-4416-4fe5-a7f7-461e15af20fd.jpg?v=1717614493|https://cdn.shopify.com/s/files/1/1338/0845/files/CP_Brow_WhichBrowAreYou_Infographic.jpg?v=1717614493|https://cdn.shopify.com/s/files/1/1338/0845/files/1499430158418-Champagne-Blonde-Pencil-BrowPencil-ChampagneBlonde-3_3e83b5a7-29db-487b-b99c-a0e7a45905a3.jpg?v=1725315229|https://cdn.shopify.com/s/files/1/1338/0845/files/FF0F13EC-691D-45E9-B81A-AA3E73240735_dcb7e789-e025-4599-bbd1-2004cb7e2f2a.jpg?v=1725315229|https://cdn.shopify.com/s/files/1/1338/0845/files/BrowPencil-ModelB_A_a40a3128-0f48-4f5e-a880-75e2f4d60042.jpg?v=1725315229,shopify_colourpop.json,2026-08-21T20:14:37.975476+00:00
38,38,ColourPop,7556523524178,surfrider-beach-liquid-bronzer,Surfrider Beach,Liquid Bronzer,bronzer,bronzer <- 'bronzer' in product_type|title,https://colourpop.com/products/surfrider-beach-liquid-bronzer,9,https://cdn.shopify.com/s/files/1/1338/0845/files/LiquidBronzer_SurfriderBeach_ECOM.jpg?v=1786233234|https://cdn.shopify.com/s/files/1/1338/0845/files/Liquid_Bronzer_Surfrider_Beach_Swatch.jpg?v=1786233262|https://cdn.shopify.com/s/files/1/1338/0845/files/LiquidBronzer_SurfriderBeach_Model_Full_Face.jpg?v=1776360403|https://cdn.shopify.com/s/files/1/1338/0845/files/LiquidBronzer_SurfriderBeach_BeforeandAfter.jpg?v=1776360403|https://cdn.shopify.com/s/files/1/1338/0845/files/LiquidBronzer_SurfriderBeach_ArmSwatch.png?v=1776360403|https://cdn.shopify.com/s/files/1/1338/0845/files/LiquidBronzer_SurfriderBeach_Infographic.jpg?v=1776360403|https://cdn.shopify.com/s/files/1/1338/0845/files/LiquidBronzer_SurfriderBeach_Model_Face_Grid.jpg?v=1776360403|https://cdn.shopify.com/s/files/1/1338/0845/files/LiquidBronzer_SurfriderBeach_FindYourShade.jpg?v=1776360403,shopify_colourpop.json,2026-08-21T20:14:37.975476+00:00
39,39,ColourPop,7576521179218,airport-crush-hyper-shine-glossy-lipstick,Airport Crush,Hyper Shine Glossy Lipstick,lipstick,lipstick <- 'lipstick' in product_type|title,https://colourpop.com/products/airport-crush-hyper-shine-glossy-lipstick,9,https://cdn.shopify.com/s/files/1/1338/0845/files/HyperShineGlossyLipstick_AirportCrush_ECOM.jpg?v=1780334125|https://cdn.shopify.com/s/files/1/1338/0845/files/HyperShineGlossyLipstick_AirportCrush_MacroLip_Grid_Swatch.jpg?v=1780334126|https://cdn.shopify.com/s/files/1/1338/0845/files/HyperShineGlossyLipstick_ALittleZhuzh_GroupSwatch.jpg?v=1780334122|https://cdn.shopify.com/s/files/1/1338/0845/files/HyperShineGlossyLipstick_ALittleZhuzh_Macro_Lip_Product_Grid.jpg?v=1780334122|https://cdn.shopify.com/s/files/1/1338/0845/files/HyperShineGlossyLipstick_ALittleZhuzh_FullFace_Model.jpg?v=1780334122|https://cdn.shopify.com/s/files/1/1338/0845/files/HyperShineGlossyLipstick_ALittleZhuzh_Infographic.jpg?v=1780334122|https://cdn.shopify.com/s/files/1/1338/0845/files/HyperShineGlossyLipstick_ALittleZhuzh_LippiePencil_Lipstick.jpg?v=1780334122|https://cdn.shopify.com/s/files/1/1338/0845/files/HyperShineGlossyLipstick_ALittleZhuzh_Infographic2.jpg?v=1780334122,shopify_colourpop.json,2026-08-21T20:14:37.975476+00:00
40,40,ColourPop,7593200615506,eeveelution-shadow-palette,Eeveelution,Shadow Palette,eyeshadow_palette,eyeshadow_palette <- 'shadow palette' in product_type|title,https://colourpop.com/products/eeveelution-shadow-palette,8,https://cdn.shopify.com/s/files/1/1338/0845/files/ColourpopxPokemon_Eevee_EyeshadowPalette_Eeveelution_Product_Stylized.jpg?v=1783964079|https://cdn.shopify.com/s/files/1/1338/0845/files/ColourpopxPokemon_Eevee_EyeshadowPalette_Eeveelution_ECOM.jpg?v=1783964079|https://cdn.shopify.com/s/files/1/1338/0845/files/ColourpopxPokemon_Eevee_EyeshadowPalette_Eeveelution_Macro_Eye_Deep.jpg?v=1783964079|https://cdn.shopify.com/s/files/1/1338/0845/files/ColourpopxPokemon_Eevee_EyeshadowPalette_Eeveelution_Macro_Eye_Fair.jpg?v=1783964079|https://cdn.shopify.com/s/files/1/1338/0845/files/ColourpopxPokemon_Eevee_EyeshadowPalette_Eeveelution_Macro_Eye_Medium_4042cf44-d1af-4e9a-83f7-efcda232f6e3.jpg?v=1783964079|https://cdn.shopify.com/s/files/1/1338/0845/files/ColourpopxPokemon_Eevee_EyeshadowPalette_Eeveelution_ArmSwatch.jpg?v=1783964079|https://cdn.shopify.com/s/files/1/1338/0845/files/ColourpopxPokemon_Eevee_EyeshadowPalette_Eeveelution_Model_FullFace_Deep.jpg?v=1783964079|https://cdn.shopify.com/s/files/1/1338/0845/files/ColourpopxPokemon_Eevee_EyeshadowPalette_Eeveelution_Model_FullFace_Fair.jpg?v=1783964079,shopify_colourpop.json,2026-08-21T20:14:37.975476+00:00
41,41,ColourPop,7587820535890,secret-superstar-lip-gloss-keychain,Secret Superstar,Lip Gloss,lip_gloss,lip_gloss <- 'lip gloss' in product_type|title,https://colourpop.com/products/secret-superstar-lip-gloss-keychain,6,https://cdn.shopify.com/s/files/1/1338/0845/files/HannahMontanaxColourpop_LipOil_SecretSuperstar_ProductStylized.jpg?v=1786318276|https://cdn.shopify.com/s/files/1/1338/0845/files/HannahMontanaxColourpop_LipOil_SecretSuperstar_ECOM.jpg?v=1786238684|https://cdn.shopify.com/s/files/1/1338/0845/files/HannahMontanaxColourpop_LipOil_SecretSuperstar_Macro_Lip_Fair.jpg?v=1781733217|https://cdn.shopify.com/s/files/1/1338/0845/files/HannahMontanaxColourpop_LipOil_SecretSuperstar_Macro_Lip_Medium_80d7b2f8-12c9-40c8-9773-87bc93f85355.jpg?v=1781733217|https://cdn.shopify.com/s/files/1/1338/0845/files/HannahMontanaxColourpop_LipOil_SecretSuperstar_Macro_Lip_Deep.jpg?v=1781733217|https://cdn.shopify.com/s/files/1/1338/0845/files/HannahMontanaxColourpop_LipOil_SecretSuperstar_VariationSwatch.jpg?v=1781733217,shopify_colourpop.json,2026-08-21T20:14:37.975476+00:00
42,42,ColourPop,7494879150162,cloudy-hour-cloud-whip-liquid-lipstick,Cloudy Hour,Cloud Whip Blurring Liquid Lipstick,liquid_lipstick,liquid_lipstick <- 'liquid lip' in product_type|title,https://colourpop.com/products/cloudy-hour-cloud-whip-liquid-lipstick,8,https://cdn.shopify.com/s/files/1/1338/0845/files/CloudWhipBlurringLiquidLipstick_CloudyHour_ECOM_678258ae-6e75-4a23-a1de-75c5ca99f2f0.jpg?v=1786233940|https://cdn.shopify.com/s/files/1/1338/0845/files/CloudWhipBlurringLiquidLipstick_CloudyHour_Model_LipMacro_c7491589-dc83-47ca-a16b-af837a1f43ac.jpg?v=1778612065|https://cdn.shopify.com/s/files/1/1338/0845/files/CloudWhipBlurringLiquidLipstick_CloudyHour_Infographic_ColourMeetsComfort.jpg?v=1778612065|https://cdn.shopify.com/s/files/1/1338/0845/files/CloudWhipBlurringLiquidLipstick_CloudyHour_Macro_Lip_ModelWears.jpg?v=1778612064|https://cdn.shopify.com/s/files/1/1338/0845/files/CloudWhipBlurringLiquidLipstick_CloudyHour_ArmSwatch.jpg?v=1778612064|https://cdn.shopify.com/s/files/1/1338/0845/files/CloudWhipBlurringLiquidLipstick_CloudyHour_Infographic.jpg?v=1778612064|https://cdn.shopify.com/s/files/1/1338/0845/files/CloudWhipBlurringLiquidLipstick_CloudyHour_FullFace_Model.jpg?v=1778612065|https://cdn.shopify.com/s/files/1/1338/0845/files/CloudWhipBlurringLiquidLipstick_CloudyHour_ProductStylized.jpg?v=1778612065,shopify_colourpop.json,2026-08-21T20:14:37.975476+00:00
43,43,ColourPop,7593244098642,flareon-shadow-stix,Flareon,Shadow Stix,eyeshadow_single,eyeshadow_single <- 'shadow stix' in product_type|title,https://colourpop.com/products/flareon-shadow-stix,7,https://cdn.shopify.com/s/files/1/1338/0845/files/ColourpopxPokemon_Eevee_ShadowStix_Flareon_Product_Stylized.jpg?v=1783966403|https://cdn.shopify.com/s/files/1/1338/0845/files/ColourpopxPokemon_Eevee_ShadowStix_Flareon_ECOM.jpg?v=1783966403|https://cdn.shopify.com/s/files/1/1338/0845/files/ColourpopxPokemon_Eevee_ShadowStix_Flareon_Swatch.jpg?v=1783966404|https://cdn.shopify.com/s/files/1/1338/0845/files/ColourpopxPokemon_Eevee_ShadowStix_Flareon_Model_FullFace.jpg?v=1783966403|https://cdn.shopify.com/s/files/1/1338/0845/files/ColourpopxPokemon_Eevee_ShadowStix_Flareon_Macro_Eye_Deep.jpg?v=1783966404|https://cdn.shopify.com/s/files/1/1338/0845/files/ColourpopxPokemon_Eevee_ShadowStix_Flareon_Macro_Eye_Fair.jpg?v=1783966404|https://cdn.shopify.com/s/files/1/1338/0845/files/ColourpopxPokemon_Eevee_ShadowStix_Flareon_Macro_Eye_Medium_e2d242e5-ed47-473f-9b88-501979cb2e9a.jpg?v=1783966404,shopify_colourpop.json,2026-08-21T20:14:37.975476+00:00
44,44,ColourPop,6966140993618,mini-me-blush-stix,Mini Me,Blush Stix,cream_blush,cream_blush <- 'blush stix' in product_type|title,https://colourpop.com/products/mini-me-blush-stix,7,https://cdn.shopify.com/s/files/1/1338/0845/files/BlushStix_MiniMe_ECOM_48c433db-4e69-4b97-b3ec-a6ad615c667c.jpg?v=1786235095|https://cdn.shopify.com/s/files/1/1338/0845/files/BlushStix_MiniMe_Swatch_e21e99d8-7ab7-475a-9389-8bc23734c17d.jpg?v=1778556452|https://cdn.shopify.com/s/files/1/1338/0845/files/BlushStix_MiniMe_Macro_Face_Grid_71b5d8bb-d17b-48a9-9046-b2e2c0a0b162.jpg?v=1778556452|https://cdn.shopify.com/s/files/1/1338/0845/files/BlushStix_MiniMe_Swatch_Schematic_78f227c4-a5a3-4a0f-92ab-b640c5d53290.jpg?v=1778556452|https://cdn.shopify.com/s/files/1/1338/0845/files/BlushStix_MiniMe_Model_FullFace_Fair_c06c267b-b379-42d9-8608-ca5e07682616.jpg?v=1778556452|https://cdn.shopify.com/s/files/1/1338/0845/files/BlushStix_MiniMe_Infographic_2934dd20-75ff-47a0-9890-5e80f45b691f.jpg?v=1778556452|https://cdn.shopify.com/s/files/1/1338/0845/files/BlushStix_MiniMe_Product_Stylized_3542210c-4a91-4d8c-80d3-a1a6095085d0.jpg?v=1778556451,shopify_colourpop.json,2026-08-21T20:14:37.975476+00:00
45,45,ColourPop,7569851580498,platinum-aura-super-shock-highlighter,Platinum Aura,Super Shock Highlighter,highlighter,highlighter <- 'highlight' in product_type|title,https://colourpop.com/products/platinum-aura-super-shock-highlighter,7,https://cdn.shopify.com/s/files/1/1338/0845/files/PinkDreams_SuperShockHighlighter_PlatinumAura_ProductStylized_Pillow.jpg?v=1776788208|https://cdn.shopify.com/s/files/1/1338/0845/files/PinkDreams_SuperShockHighlighter_PlatinumAura_Swatch.jpg?v=1786281149|https://cdn.shopify.com/s/files/1/1338/0845/files/PinkDreams_SuperShockHighlighter_PlatinumAura_Model_FullFace.jpg?v=1776788208|https://cdn.shopify.com/s/files/1/1338/0845/files/PinkDreams_SuperShockHighlighter_PlatinumAura_Infographic.jpg?v=1776788208|https://cdn.shopify.com/s/files/1/1338/0845/files/PinkDreams_SuperShockHighlighter_PlatinumAura_Model_FullFace_Grid.jpg?v=1776788208|https://cdn.shopify.com/s/files/1/1338/0845/files/PinkDreams_SuperShockHighlighter_PlatinumAura_ProductStylized.jpg?v=1776788208|https://cdn.shopify.com/s/files/1/1338/0845/files/PinkDreams_SuperShockHighlighter_PlatinumAura_ECOM.jpg?v=1786281172,shopify_colourpop.json,2026-08-21T20:14:37.975476+00:00
46,46,ColourPop,7494887276626,light-brown-brow-boss-pencil,Light Brown,Brow Boss Pencil,brow,brow <- 'brow' in product_type|title,https://colourpop.com/products/light-brown-brow-boss-pencil,9,https://cdn.shopify.com/s/files/1/1338/0845/files/BrowBossBrowPencil_LightBrown_ECOM.jpg?v=1766261932|https://cdn.shopify.com/s/files/1/1338/0845/files/BrowBossBrowPencil_Blonde_Macro_Eye_Grid.jpg?v=1766262267|https://cdn.shopify.com/s/files/1/1338/0845/files/BrowBossBrowPencil_Blonde_Model_Claims.jpg?v=1766261741|https://cdn.shopify.com/s/files/1/1338/0845/files/BrowBossBrowPencil_Blonde_ArmSwatch.jpg?v=1766261741|https://cdn.shopify.com/s/files/1/1338/0845/files/BrowBoss_ContentCard_Mobile_369x562_9d5b881a-25a7-4afa-bc67-f4e81d365846.jpg?v=1770680652|https://cdn.shopify.com/s/files/1/1338/0845/files/BrowBossBrowPencil_Blonde_Product_Stylized.jpg?v=1770680645|https://cdn.shopify.com/s/files/1/1338/0845/files/BrowBossBrowPencil_Blonde_Model_Infographic.jpg?v=1770680645|https://cdn.shopify.com/s/files/1/1338/0845/files/BrowBossBrowPencil_Blonde_Infographic.jpg?v=1770680652,shopify_colourpop.json,2026-08-21T20:14:37.975476+00:00
47,47,ColourPop,7556514086994,west-beach-liquid-bronzer,West Beach,Liquid Bronzer,bronzer,bronzer <- 'bronzer' in product_type|title,https://colourpop.com/products/west-beach-liquid-bronzer,9,https://cdn.shopify.com/s/files/1/1338/0845/files/LiquidBronzer_WestBeach_ECOM.jpg?v=1786233438|https://cdn.shopify.com/s/files/1/1338/0845/files/Liquid_Bronzer_West_Beach_Swatch.jpg?v=1786233456|https://cdn.shopify.com/s/files/1/1338/0845/files/LiquidBronzer_WestBeach_Model_FullFace.jpg?v=1776360259|https://cdn.shopify.com/s/files/1/1338/0845/files/LiquidBronzer_WestBeach_BeforeandAfter.jpg?v=1776360259|https://cdn.shopify.com/s/files/1/1338/0845/files/LiquidBronzer_WestBeach_ArmSwatch.png?v=1776360259|https://cdn.shopify.com/s/files/1/1338/0845/files/LiquidBronzer_WestBeach_Infographic.jpg?v=1776360259|https://cdn.shopify.com/s/files/1/1338/0845/files/LiquidBronzer_WestBeach_Model_Face_Grid.jpg?v=1776360259|https://cdn.shopify.com/s/files/1/1338/0845/files/LiquidBronzer_WestBeach_FindYourShade.jpg?v=1776360259,shopify_colourpop.json,2026-08-21T20:14:37.975476+00:00
48,48,ColourPop,7292197732434,transform-ph-lip-balm,Transform,pH Lip Balm,lipstick,lipstick <- 'lip balm' in product_type|title,https://colourpop.com/products/transform-ph-lip-balm,8,https://cdn.shopify.com/s/files/1/1338/0845/files/PHLipstick-Transform-Into.jpg?v=1713894363|https://cdn.shopify.com/s/files/1/1338/0845/files/PHLipstick-Transform_1532.jpg?v=1726852094|https://cdn.shopify.com/s/files/1/1338/0845/files/PHLipstick-Transform-Lip-Swatch_e8559057-0a4d-4761-891a-87b49d7a756f.jpg?v=1726852448|https://cdn.shopify.com/s/files/1/1338/0845/files/PHLipstick-Transform-Lip-Swatch_8bd84a1f-44f5-4ebe-9e03-c6a8593101ab.jpg?v=1726852447|https://cdn.shopify.com/s/files/1/1338/0845/files/PHLipstickPokemonBAGIF_0f95067a-ecc6-4250-8fd8-1ceb32112637.gif?v=1713894384|https://cdn.shopify.com/s/files/1/1338/0845/files/PHLipstick-Transform-Swatch.jpg?v=1713894366|https://cdn.shopify.com/s/files/1/1338/0845/files/Bundle-KantoRegionCuties-Flatlay-on-Matching-with-UC_84911ff6-8ebc-4f95-b13b-f110a05822f7.jpg?v=1713894377|https://cdn.shopify.com/s/files/1/1338/0845/files/PHLipstick-Transform-with-UC.jpg?v=1715222536,shopify_colourpop.json,2026-08-21T20:14:37.975476+00:00
49,49,ColourPop,7420858925138,a-shadow-of-secrets-shadow-palette,A Shadow of Secrets,Shadow Palette,eyeshadow_palette,eyeshadow_palette <- 'shadow palette' in product_type|title,https://colourpop.com/products/a-shadow-of-secrets-shadow-palette,7,https://cdn.shopify.com/s/files/1/1338/0845/files/EyePalette-AShadowofSecrets-Stylized-Into-Lit.jpg?v=1736969062|https://cdn.shopify.com/s/files/1/1338/0845/files/EyePalette-AShadowofSecrets-Stylized-TopDown-with-UC.jpg?v=1736969067|https://cdn.shopify.com/s/files/1/1338/0845/files/EyePalette_AShadowofSecrets_IcyPlum_7023.jpg?v=1736969070|https://cdn.shopify.com/s/files/1/1338/0845/files/EyePalette_AShadowofSecrets_Berry_7162.jpg?v=1736969073|https://cdn.shopify.com/s/files/1/1338/0845/files/EyePalette_AShadowofSecrets_Silver_7324.jpg?v=1736969075|https://cdn.shopify.com/s/files/1/1338/0845/files/EyePalette-AShadowofSecrets-ArmSwatch.jpg?v=1736990587|https://cdn.shopify.com/s/files/1/1338/0845/files/EyePalette-AShadowofSecrets-Open.jpg?v=1736989905,shopify_colourpop.json,2026-08-21T20:14:37.975476+00:00
50,50,ColourPop,7569523507282,heart-cake-so-juicy-plumping-gloss-balm,Heart Cake,So Juicy Plumping Gloss Balm with Peptides,lip_gloss,lip_gloss <- 'plumping' in product_type|title,https://colourpop.com/products/heart-cake-so-juicy-plumping-gloss-balm,6,https://cdn.shopify.com/s/files/1/1338/0845/files/SoJuicyGlossyBalmStick_HeartCake_ECOM.jpg?v=1779905142|https://cdn.shopify.com/s/files/1/1338/0845/files/SoJuicyGlossyBalmStick_HeartCake_Macro_Lip_Grid_Swatch.jpg?v=1779905142|https://cdn.shopify.com/s/files/1/1338/0845/files/SoJuicyPlumpingGlossBalmStick_DinnerDate_ArmSwatch.jpg?v=1779999726|https://cdn.shopify.com/s/files/1/1338/0845/files/SoJuicyPlumpingGlossBalmStick_DinnerDate_Swatch_ShadeName.jpg?v=1779999726|https://cdn.shopify.com/s/files/1/1338/0845/files/SoJuicyGlossyBalmStick_MadeforMe_Infographic.jpg?v=1779905113|https://cdn.shopify.com/s/files/1/1338/0845/files/SoJuicyGlossyBalmStick_HeartCake_Swatch.jpg?v=1786239023,shopify_colourpop.json,2026-08-21T20:14:37.975476+00:00
51,1,Essence,7477329625154,jelly-grip-undereye-primer-stick,jelly GRIP undereye primer stick,eye,primer,primer <- 'primer' in product_type|title,https://essencemakeup.com/products/jelly-grip-undereye-primer-stick,5,https://cdn.shopify.com/s/files/1/1115/2926/files/4059729490971_7.png?v=1746635260|https://cdn.shopify.com/s/files/1/1115/2926/files/4059729490971_6.png?v=1746635260|https://cdn.shopify.com/s/files/1/1115/2926/files/4059729490971_1.png?v=1746635260|https://cdn.shopify.com/s/files/1/1115/2926/files/4059729490971_2.png?v=1746635260|https://cdn.shopify.com/s/files/1/1115/2926/files/4059729490971_3.png?v=1746635260,shopify_essence.json,2026-08-21T20:14:32.033787+00:00
52,2,Essence,7386369491010,fix-last-keep-it-perfect-make-up-fixing-spray,fix & LAST keep it PERFECT MAKE-UP FIXING SPRAY,face,setting_spray,setting_spray <- 'fixing spray' in product_type|title,https://essencemakeup.com/products/fix-last-keep-it-perfect-make-up-fixing-spray,5,https://cdn.shopify.com/s/files/1/1115/2926/files/4059729490452_3.png?v=1733161675|https://cdn.shopify.com/s/files/1/1115/2926/files/4059729490452_2.png?v=1733161675|https://cdn.shopify.com/s/files/1/1115/2926/files/4059729490452_1.png?v=1733161675|https://cdn.shopify.com/s/files/1/1115/2926/files/4059729490452_7.png?v=1733161675|https://cdn.shopify.com/s/files/1/1115/2926/files/4059729490452_4.png?v=1733161675,shopify_essence.json,2026-08-21T20:14:32.033787+00:00
53,3,Essence,7426663186498,its-bubble-gum-fun-bouncy-blush,it's Bubble Gum fun bouncy blush,blush,powder_blush,powder_blush <- 'blush' in product_type|title,https://essencemakeup.com/products/its-bubble-gum-fun-bouncy-blush,4,https://cdn.shopify.com/s/files/1/1115/2926/files/4059729484253_1.png?v=1736976277|https://cdn.shopify.com/s/files/1/1115/2926/files/4059729484253_2.png?v=1736976277|https://cdn.shopify.com/s/files/1/1115/2926/files/4059729484253_4.png?v=1736976277|https://cdn.shopify.com/s/files/1/1115/2926/files/4059729484253_5.png?v=1736976277,shopify_essence.json,2026-08-21T20:14:32.033787+00:00
54,4,Essence,8263664566338,banana-loose-powder,BANANA LOOSE POWDER,face,setting_powder,setting_powder <- 'loose powder' in product_type|title,https://essencemakeup.com/products/banana-loose-powder,9,https://cdn.shopify.com/s/files/1/1115/2926/files/4059729348319_6.png?v=1780431167|https://cdn.shopify.com/s/files/1/1115/2926/files/4059729348319_5.png?v=1780431168|https://cdn.shopify.com/s/files/1/1115/2926/files/4059729348319_1.png?v=1780431168|https://cdn.shopify.com/s/files/1/1115/2926/files/4059729348319_3.png?v=1780431168|https://cdn.shopify.com/s/files/1/1115/2926/files/4059729348319_2.png?v=1780431167|https://cdn.shopify.com/s/files/1/1115/2926/files/4059729348319_4.png?v=1780431167|https://cdn.shopify.com/s/files/1/1115/2926/files/4059729348319_9.png?v=1780431167|https://cdn.shopify.com/s/files/1/1115/2926/files/4059729348319_8.png?v=1780431168,shopify_essence.json,2026-08-21T20:14:32.033787+00:00
55,5,Essence,7602105286722,the-nude-edition-eyeshadow-palette,the NUDE edition eyeshadow palette,eye,eyeshadow_palette,eyeshadow_palette <- 'eyeshadow palette' in product_type|title,https://essencemakeup.com/products/the-nude-edition-eyeshadow-palette,9,https://cdn.shopify.com/s/files/1/1115/2926/files/4059729245854_1_496f956b-b715-4b52-8654-7670eb356930.png?v=1763994730|https://cdn.shopify.com/s/files/1/1115/2926/files/4059729245854_3_bcfe4b7d-307d-4ec8-b30e-a0d312b42620.png?v=1763994730|https://cdn.shopify.com/s/files/1/1115/2926/files/4059729245854_5.png?v=1763994730|https://cdn.shopify.com/s/files/1/1115/2926/files/4059729245854_4.png?v=1763994730|https://cdn.shopify.com/s/files/1/1115/2926/files/4059729245854_6.png?v=1763994730|https://cdn.shopify.com/s/files/1/1115/2926/files/4059729245854_7.png?v=1763994730|https://cdn.shopify.com/s/files/1/1115/2926/files/4059729245854_10.png?v=1763994730|https://cdn.shopify.com/s/files/1/1115/2926/files/4059729245854_8.png?v=1763994730,shopify_essence.json,2026-08-21T20:14:32.033787+00:00
56,6,Essence,7603940360258,all-about-soft-glow-fixing-compact-powder-waterproof,soft glow! fixing compact powder waterproof,face,pressed_powder,pressed_powder <- 'compact powder' in product_type|title,https://essencemakeup.com/products/all-about-soft-glow-fixing-compact-powder-waterproof,6,https://cdn.shopify.com/s/files/1/1115/2926/files/4059729542502_5.png?v=1764005388|https://cdn.shopify.com/s/files/1/1115/2926/files/4059729542502_4.png?v=1764005388|https://cdn.shopify.com/s/files/1/1115/2926/files/4059729542502_3.png?v=1764005388|https://cdn.shopify.com/s/files/1/1115/2926/files/4059729542502_2.png?v=1764005388|https://cdn.shopify.com/s/files/1/1115/2926/files/4059729542502_1.png?v=1764005388|https://cdn.shopify.com/s/files/1/1115/2926/files/4059729542502_6.png?v=1764005388,shopify_essence.json,2026-08-21T20:14:32.033787+00:00
57,7,Essence,8249312084034,the-game-edit-blurring-lip-pen,THE game EDIT blurring lip pen,lip,lip_liner,lip_liner <- 'lip pen' in product_type|title,https://essencemakeup.com/products/the-game-edit-blurring-lip-pen,5,https://cdn.shopify.com/s/files/1/1115/2926/files/4059729597526_1.png?v=1779292936|https://cdn.shopify.com/s/files/1/1115/2926/files/4059729597526_3.png?v=1779292936|https://cdn.shopify.com/s/files/1/1115/2926/files/4059729597526_4.png?v=1779292936|https://cdn.shopify.com/s/files/1/1115/2926/files/4059729597526_5.png?v=1779292936|https://cdn.shopify.com/s/files/1/1115/2926/files/4059729597526_2.png?v=1779292936,shopify_essence.json,2026-08-21T20:14:32.033787+00:00
58,8,Essence,7474058330178,drop-of-sunshine-highlighting-drops,DROP OF sunshine HIGHLIGHTING DROPS,face,highlighter,highlighter <- 'highlight' in product_type|title,https://essencemakeup.com/products/drop-of-sunshine-highlighting-drops,5,https://cdn.shopify.com/s/files/1/1115/2926/files/4059729517012_1.png?v=1753294124|https://cdn.shopify.com/s/files/1/1115/2926/files/4059729517012_2.png?v=1753294124|https://cdn.shopify.com/s/files/1/1115/2926/files/4059729517012_7.png?v=1746645387|https://cdn.shopify.com/s/files/1/1115/2926/files/4059729517012_8.png?v=1746645387|https://cdn.shopify.com/s/files/1/1115/2926/files/4059729517012_3.png?v=1746645387,shopify_essence.json,2026-08-21T20:14:32.033787+00:00
59,9,Essence,8269881802818,ciao-concealer-sponges,Ciao! concealer sponges,face,concealer,concealer <- 'concealer' in product_type|title,https://essencemakeup.com/products/ciao-concealer-sponges,4,https://cdn.shopify.com/s/files/1/1115/2926/files/4059729622389_2.png?v=1781646932|https://cdn.shopify.com/s/files/1/1115/2926/files/4059729622389_4.png?v=1781646932|https://cdn.shopify.com/s/files/1/1115/2926/files/4059729622389_3.png?v=1781646932|https://cdn.shopify.com/s/files/1/1115/2926/files/4059729622389_1.png?v=1781646932,shopify_essence.json,2026-08-21T20:14:32.033787+00:00
60,10,Essence,6670858780738,eyebrow-designer,eyebrow designer,eye,brow,brow <- 'eyebrow' in product_type|title,https://essencemakeup.com/products/eyebrow-designer,5,https://cdn.shopify.com/s/files/1/1115/2926/products/EyebrowdesignerClosed02.png?v=1635441905|https://cdn.shopify.com/s/files/1/1115/2926/products/4250338498864_essenceeyebrowDESIGNER04_Website_ProductFrontViewFullOpen.png?v=1743009117|https://cdn.shopify.com/s/files/1/1115/2926/products/4250338498864_essenceeyebrowDESIGNER04_Website_ProductFrontViewClosed.png?v=1743009117|https://cdn.shopify.com/s/files/1/1115/2926/products/4059729228291_essenceeyebrowDESIGNER11_Website_ProductFrontViewClosed.png?v=1635443976|https://cdn.shopify.com/s/files/1/1115/2926/files/4250338498864_1.png?v=1730217341,shopify_essence.json,2026-08-21T20:14:32.033787+00:00
61,11,Essence,8274296930370,ciao-lip-balm,Ciao! lip balm,lip,lipstick,lipstick <- 'lip balm' in product_type|title,https://essencemakeup.com/products/ciao-lip-balm,5,https://cdn.shopify.com/s/files/1/1115/2926/files/4059729622402_2.png?v=1781649717|https://cdn.shopify.com/s/files/1/1115/2926/files/4059729622402_4.png?v=1781649717|https://cdn.shopify.com/s/files/1/1115/2926/files/4059729622402_5.png?v=1781649717|https://cdn.shopify.com/s/files/1/1115/2926/files/4059729622402_3.png?v=1781649717|https://cdn.shopify.com/s/files/1/1115/2926/files/4059729622402_1.png?v=1781649717,shopify_essence.json,2026-08-21T20:14:32.033787+00:00
62,12,Essence,7386168164418,baby-got-bronze-liquid-bronzer,BABY GOT BRONZE liquid bronzer,face,bronzer,bronzer <- 'bronzer' in product_type|title,https://essencemakeup.com/products/baby-got-bronze-liquid-bronzer,37,https://cdn.shopify.com/s/files/1/1115/2926/files/4059729447418_6.png?v=1732557473|https://cdn.shopify.com/s/files/1/1115/2926/files/4059729447418_5.png?v=1732557473|https://cdn.shopify.com/s/files/1/1115/2926/files/4059729447418_8.png?v=1732557473|https://cdn.shopify.com/s/files/1/1115/2926/files/4059729447418_1.png?v=1732557473|https://cdn.shopify.com/s/files/1/1115/2926/files/4059729447418_2.png?v=1732557473|https://cdn.shopify.com/s/files/1/1115/2926/files/4059729447418_3.png?v=1732557473|https://cdn.shopify.com/s/files/1/1115/2926/files/4059729447418_4.png?v=1732557473|https://cdn.shopify.com/s/files/1/1115/2926/files/4059729447418_7.png?v=1732557473,shopify_essence.json,2026-08-21T20:14:32.033787+00:00
63,13,Essence,8231402078274,mono-eyeshadow-glitter,mono eyeshadow glitter,eye,eyeshadow_single,eyeshadow_single <- 'eyeshadow' in product_type|title,https://essencemakeup.com/products/mono-eyeshadow-glitter,18,https://cdn.shopify.com/s/files/1/1115/2926/files/4059729583529_8.png?v=1777574215|https://cdn.shopify.com/s/files/1/1115/2926/files/4059729583529_1.png?v=1777574215|https://cdn.shopify.com/s/files/1/1115/2926/files/4059729583529_5.png?v=1777574215|https://cdn.shopify.com/s/files/1/1115/2926/files/4059729583529_7.png?v=1777574215|https://cdn.shopify.com/s/files/1/1115/2926/files/4059729583529_6.png?v=1777574215|https://cdn.shopify.com/s/files/1/1115/2926/files/4059729583529_2.png?v=1777574215|https://cdn.shopify.com/s/files/1/1115/2926/files/4059729583529_4.png?v=1777574215|https://cdn.shopify.com/s/files/1/1115/2926/files/4059729583529_3.png?v=1777574215,shopify_essence.json,2026-08-21T20:14:32.033787+00:00
64,14,Essence,7474601295938,birthday-bomb-shiny-lipgloss,BIRTHDAY BOMB shiny lipgloss,lip,lip_gloss,lip_gloss <- 'lipgloss' in product_type|title,https://essencemakeup.com/products/birthday-bomb-shiny-lipgloss,5,https://cdn.shopify.com/s/files/1/1115/2926/files/4059729518613_10.png?v=1746647754|https://cdn.shopify.com/s/files/1/1115/2926/files/4059729518613_11.png?v=1746647754|https://cdn.shopify.com/s/files/1/1115/2926/files/4059729518613_12.png?v=1746647754|https://cdn.shopify.com/s/files/1/1115/2926/files/4059729518613_9.png?v=1746647766|https://cdn.shopify.com/s/files/1/1115/2926/files/4059729518613_5.png?v=1746647766,shopify_essence.json,2026-08-21T20:14:32.033787+00:00
65,15,Essence,7274166386754,natural-matte-mousse-foundation,NATURAL MATTE MOUSSE FOUNDATION,face,foundation,foundation <- 'foundation' in product_type|title,https://essencemakeup.com/products/natural-matte-mousse-foundation,71,https://cdn.shopify.com/s/files/1/1115/2926/files/4059729394330_6.png?v=1718211729|https://cdn.shopify.com/s/files/1/1115/2926/files/4059729394330_5.png?v=1718211713|https://cdn.shopify.com/s/files/1/1115/2926/files/4059729394330_1.png?v=1718211716|https://cdn.shopify.com/s/files/1/1115/2926/files/4059729394330_4.png?v=1718211750|https://cdn.shopify.com/s/files/1/1115/2926/files/4059729394330_3.png?v=1718211745|https://cdn.shopify.com/s/files/1/1115/2926/files/4059729394330_2.png?v=1718211742|https://cdn.shopify.com/s/files/1/1115/2926/files/4059729394347_6.png?v=1718211731|https://cdn.shopify.com/s/files/1/1115/2926/files/4059729394347_5.png?v=1718211715,shopify_essence.json,2026-08-21T20:14:32.033787+00:00
66,16,Essence,6684689432642,double-trouble-mascara-extra-black,DOUBLE TROUBLE MASCARA,eye,mascara,mascara <- 'mascara' in product_type|title,https://essencemakeup.com/products/double-trouble-mascara-extra-black,13,https://cdn.shopify.com/s/files/1/1115/2926/products/4059729337115_essenceDOUBLETROUBLEMASCARAEXTRABLACK_Website_ProductFrontViewFullOpen.png?v=1638395030|https://cdn.shopify.com/s/files/1/1115/2926/products/4059729337115_essenceDOUBLETROUBLEMASCARAEXTRABLACK_Website_ProductFrontViewClosed.png?v=1638395030|https://cdn.shopify.com/s/files/1/1115/2926/products/4059729337115_essenceDOUBLETROUBLEMASCARAEXTRABLACK_Website_ProductTexture.png?v=1743013780|https://cdn.shopify.com/s/files/1/1115/2926/products/4059729337115_essenceDOUBLETROUBLEMASCARAEXTRABLACK_Website_ApplicationFullFaceFair.png?v=1743013780|https://cdn.shopify.com/s/files/1/1115/2926/products/4059729337115_essenceDOUBLETROUBLEMASCARAEXTRABLACK_Website_ApplicationMakroLight.png?v=1743013780|https://cdn.shopify.com/s/files/1/1115/2926/products/20210812_Essence_Beauty_SHOT_30_B_105.jpg?v=1743013780|https://cdn.shopify.com/s/files/1/1115/2926/products/20210812_Essence_Beauty_SHOT_29_D_166.jpg?v=1743013780|https://cdn.shopify.com/s/files/1/1115/2926/products/4059729337153_essenceDOUBLETROUBLEMASCARAWATERPROOF_Website_ProductFrontViewFullOpen_4793dbe3-0aef-40b2-921e-e62a45bab1d5.png?v=1743013780,shopify_essence.json,2026-08-21T20:14:32.033787+00:00
67,17,Essence,7498344988738,aloha-babes-liquid-blush,"aloha, babes! liquid blush",blush,liquid_blush,liquid_blush <- 'liquid blush' in product_type|title,https://essencemakeup.com/products/aloha-babes-liquid-blush,4,https://cdn.shopify.com/s/files/1/1115/2926/files/4059729541772_1.png?v=1750107475|https://cdn.shopify.com/s/files/1/1115/2926/files/4059729541772_2.png?v=1750107475|https://cdn.shopify.com/s/files/1/1115/2926/files/4059729541772_4.png?v=1750107475|https://cdn.shopify.com/s/files/1/1115/2926/files/4059729541772_5.png?v=1750107475,shopify_essence.json,2026-08-21T20:14:32.033787+00:00
68,18,Essence,7493656346690,juicy-bomb-party-jelly-blush,JUICY BOMB PARTY jelly blush,blush,cream_blush,cream_blush <- 'jelly blush' in product_type|title,https://essencemakeup.com/products/juicy-bomb-party-jelly-blush,12,https://cdn.shopify.com/s/files/1/1115/2926/files/4059729522450_2.png?v=1749499783|https://cdn.shopify.com/s/files/1/1115/2926/files/4059729522450_5.png?v=1749499783|https://cdn.shopify.com/s/files/1/1115/2926/files/4059729522450_6.png?v=1749499783|https://cdn.shopify.com/s/files/1/1115/2926/files/4059729522450_4.png?v=1749499783|https://cdn.shopify.com/s/files/1/1115/2926/files/4059729522450_3.png?v=1749499783|https://cdn.shopify.com/s/files/1/1115/2926/files/4059729522450_1.png?v=1749499783|https://cdn.shopify.com/s/files/1/1115/2926/files/4059729522498_2.png?v=1749500474|https://cdn.shopify.com/s/files/1/1115/2926/files/4059729522498_6.png?v=1749500474,shopify_essence.json,2026-08-21T20:14:32.033787+00:00
69,19,Essence,7601280319554,jelly-grip-extreme-hydrating-primer,JELLY GRIP EXTREME HYDRATING PRIMER,primer,primer,primer <- 'primer' in product_type|title,https://essencemakeup.com/products/jelly-grip-extreme-hydrating-primer,5,https://cdn.shopify.com/s/files/1/1115/2926/files/4059729589668_1.png?v=1763577833|https://cdn.shopify.com/s/files/1/1115/2926/files/4059729589668_4.png?v=1763577833|https://cdn.shopify.com/s/files/1/1115/2926/files/4059729589668_5.png?v=1763577833|https://cdn.shopify.com/s/files/1/1115/2926/files/4059729589668_3.png?v=1763577833|https://cdn.shopify.com/s/files/1/1115/2926/files/4059729589668_2.png?v=1763577833,shopify_essence.json,2026-08-21T20:14:32.033787+00:00
70,20,Essence,7397208260674,fix-last-18h-long-lasting-make-up-fixing-spray,fix & LAST 18h LONG-LASTING MAKE-UP FIXING SPRAY,face,setting_spray,setting_spray <- 'fixing spray' in product_type|title,https://essencemakeup.com/products/fix-last-18h-long-lasting-make-up-fixing-spray,5,https://cdn.shopify.com/s/files/1/1115/2926/files/4059729490438_3.png?v=1734379636|https://cdn.shopify.com/s/files/1/1115/2926/files/4059729490438_2.png?v=1734379636|https://cdn.shopify.com/s/files/1/1115/2926/files/4059729490438_1.png?v=1734379636|https://cdn.shopify.com/s/files/1/1115/2926/files/4059729490438_5.png?v=1734379636|https://cdn.shopify.com/s/files/1/1115/2926/files/4059729490438_4.png?v=1734379636,shopify_essence.json,2026-08-21T20:14:32.033787+00:00
71,21,Essence,6874107412546,baby-got-blush,Baby Got Blush,face,powder_blush,powder_blush <- 'blush' in product_type|title,https://essencemakeup.com/products/baby-got-blush,33,https://cdn.shopify.com/s/files/1/1115/2926/products/4059729381019_Image_FrontViewFullOpen.png?v=1673312190|https://cdn.shopify.com/s/files/1/1115/2926/products/4059729381019_Image_FrontViewClosed.png?v=1673312190|https://cdn.shopify.com/s/files/1/1115/2926/products/4059729381019_ess.babygotblush10.jpg?v=1700578178|https://cdn.shopify.com/s/files/1/1115/2926/products/4059729381019_Application_FullFaceFair.png?v=1700578178|https://cdn.shopify.com/s/files/1/1115/2926/products/4059729381019_Application_FullFaceLight.png?v=1700578178|https://cdn.shopify.com/s/files/1/1115/2926/files/4059729491275_Application_SwatchTogether_9e398541-31d1-4c9a-ac95-d31188c53a54.png?v=1700578178|https://cdn.shopify.com/s/files/1/1115/2926/products/4059729381026_Image_FrontViewFullOpen.png?v=1700578178|https://cdn.shopify.com/s/files/1/1115/2926/products/4059729381026_Image_FrontViewClosed.png?v=1700578178,shopify_essence.json,2026-08-21T20:14:32.033787+00:00
72,22,Essence,8222399037506,silky-blur-translucent-loose-setting-powder,silky BLUR TRANSLUCENT LOOSE SETTING POWDER,face,setting_powder,setting_powder <- 'translucent' in product_type|title,https://essencemakeup.com/products/silky-blur-translucent-loose-setting-powder,7,https://cdn.shopify.com/s/files/1/1115/2926/files/4059729584519_7.png?v=1776952847|https://cdn.shopify.com/s/files/1/1115/2926/files/4059729584519_6.png?v=1776952847|https://cdn.shopify.com/s/files/1/1115/2926/files/4059729584519_3.png?v=1776952846|https://cdn.shopify.com/s/files/1/1115/2926/files/4059729584519_2.png?v=1776952847|https://cdn.shopify.com/s/files/1/1115/2926/files/4059729584519_1.png?v=1776952847|https://cdn.shopify.com/s/files/1/1115/2926/files/4059729584519_5.png?v=1776952847|https://cdn.shopify.com/s/files/1/1115/2926/files/4059729584519_8.png?v=1776952847,shopify_essence.json,2026-08-21T20:14:32.033787+00:00
73,23,Essence,8231756365890,the-grey-edition-mini-eyeshadow-palette,the GREY edition mini eyeshadow palette,eye,eyeshadow_palette,eyeshadow_palette <- 'eyeshadow palette' in product_type|title,https://essencemakeup.com/products/the-grey-edition-mini-eyeshadow-palette,8,https://cdn.shopify.com/s/files/1/1115/2926/files/4059729490643_1.png?v=1777667857|https://cdn.shopify.com/s/files/1/1115/2926/files/4059729490643_6.png?v=1777667857|https://cdn.shopify.com/s/files/1/1115/2926/files/4059729490643_7.png?v=1777667857|https://cdn.shopify.com/s/files/1/1115/2926/files/4059729490643_8.png?v=1777667857|https://cdn.shopify.com/s/files/1/1115/2926/files/4059729490643_3.png?v=1777667856|https://cdn.shopify.com/s/files/1/1115/2926/files/4059729490643_4.png?v=1777667857|https://cdn.shopify.com/s/files/1/1115/2926/files/4059729490643_5.png?v=1777667857|https://cdn.shopify.com/s/files/1/1115/2926/files/4059729490643_2.png?v=1777667857,shopify_essence.json,2026-08-21T20:14:32.033787+00:00
74,24,Essence,1900499107906,all-about-matt-fixing-compact-powder,all about matt! fixing compact powder,face,pressed_powder,pressed_powder <- 'compact powder' in product_type|title,https://essencemakeup.com/products/all-about-matt-fixing-compact-powder,3,https://cdn.shopify.com/s/files/1/1115/2926/products/All_About_Matt_Fixing_Compact_Powder_Closed.png?v=1581109271|https://cdn.shopify.com/s/files/1/1115/2926/files/4250587735543_Application_FullFaceFair.png?v=1695657415|https://cdn.shopify.com/s/files/1/1115/2926/files/4250587735543_Application_FullFaceMedium.png?v=1695657415,shopify_essence.json,2026-08-21T20:14:32.033787+00:00
75,25,Essence,6874362314818,8h-matte-comfort-lipliner,8H Matte Comfort Lipliner,lip,lip_liner,lip_liner <- 'lipliner' in product_type|title,https://essencemakeup.com/products/8h-matte-comfort-lipliner,115,https://cdn.shopify.com/s/files/1/1115/2926/products/4059729384195_Image_FrontViewFullOpen_1.png?v=1673388016|https://cdn.shopify.com/s/files/1/1115/2926/products/4059729384195_Image_FrontViewClosed_1.png?v=1673388016|https://cdn.shopify.com/s/files/1/1115/2926/products/4059729384195_5.png?v=1673388016|https://cdn.shopify.com/s/files/1/1115/2926/products/4059729384195_essence8hmattecomfortlipliner01CinnamonSpice_Application_MakroFair.jpg?v=1673388016|https://cdn.shopify.com/s/files/1/1115/2926/products/4059729384195_essence8hmattecomfortlipliner01CinnamonSpice_Application_MakroLight.jpg?v=1673388016|https://cdn.shopify.com/s/files/1/1115/2926/products/4059729384195_essence8hmattecomfortlipliner01CinnamonSpice_Application_MakroMedium.jpg?v=1673388016|https://cdn.shopify.com/s/files/1/1115/2926/products/4059729384232_Image_FrontViewFullOpen_1.png?v=1673388016|https://cdn.shopify.com/s/files/1/1115/2926/products/4059729384232_Image_FrontViewClosed_1.png?v=1673388016,shopify_essence.json,2026-08-21T20:14:32.033787+00:00
76,26,Essence,7498806624322,polly-pocket-highlighter,Polly Pocket™ X essence highlighter,face,highlighter,highlighter <- 'highlight' in product_type|title,https://essencemakeup.com/products/polly-pocket-highlighter,4,https://cdn.shopify.com/s/files/1/1115/2926/files/4059729539731_2.png?v=1750177628|https://cdn.shopify.com/s/files/1/1115/2926/files/4059729539731_3.png?v=1750177628|https://cdn.shopify.com/s/files/1/1115/2926/files/4059729539731_1.png?v=1750177628|https://cdn.shopify.com/s/files/1/1115/2926/files/4059729539731_4.png?v=1750177626,shopify_essence.json,2026-08-21T20:14:32.033787+00:00
77,27,Essence,7595235508290,silky-blur-hydrating-longwear-concealer,silky BLUR HYDRATING LONGWEAR CONCEALER,eye,concealer,concealer <- 'concealer' in product_type|title,https://essencemakeup.com/products/silky-blur-hydrating-longwear-concealer,107,https://cdn.shopify.com/s/files/1/1115/2926/files/4059729542137_3.png?v=1763050344|https://cdn.shopify.com/s/files/1/1115/2926/files/4059729542137_6.png?v=1763050344|https://cdn.shopify.com/s/files/1/1115/2926/files/4059729542137_5.png?v=1763050344|https://cdn.shopify.com/s/files/1/1115/2926/files/4059729542137_4.png?v=1763050344|https://cdn.shopify.com/s/files/1/1115/2926/files/4059729542137_2.png?v=1763050344|https://cdn.shopify.com/s/files/1/1115/2926/files/4059729542236_1.png?v=1763057578|https://cdn.shopify.com/s/files/1/1115/2926/files/4059729542236_5.png?v=1763057599|https://cdn.shopify.com/s/files/1/1115/2926/files/4059729542236_4.png?v=1763057599,shopify_essence.json,2026-08-21T20:14:32.033787+00:00
78,28,Essence,7045298028610,brow-former,Brow Former,eye,brow,brow <- 'brow' in product_type|title,https://essencemakeup.com/products/brow-former,5,https://cdn.shopify.com/s/files/1/1115/2926/files/4059729421487_1.png?v=1705687158|https://cdn.shopify.com/s/files/1/1115/2926/files/4059729421487_essenceBROWFORMER_ProductImage_FrontViewFullOpen_png.png?v=1705687855|https://cdn.shopify.com/s/files/1/1115/2926/files/4059729421487_essenceBROWFORMER_ProductImage_Applicator_png.png?v=1705687855|https://cdn.shopify.com/s/files/1/1115/2926/files/4059729421487_2.png?v=1705687855|https://cdn.shopify.com/s/files/1/1115/2926/files/4059729421487_3.png?v=1705687855,shopify_essence.json,2026-08-21T20:14:32.033787+00:00
79,29,Essence,8311636656194,club-soleil-lip-stain,club SOLEIL lip stain,lip,lipstick,lipstick <- 'lip stain' in product_type|title,https://essencemakeup.com/products/club-soleil-lip-stain,4,https://cdn.shopify.com/s/files/1/1115/2926/files/4059729626035_1.png?v=1784240845|https://cdn.shopify.com/s/files/1/1115/2926/files/4059729626035_3.png?v=1784240846|https://cdn.shopify.com/s/files/1/1115/2926/files/4059729626035_4.png?v=1784240845|https://cdn.shopify.com/s/files/1/1115/2926/files/4059729626035_2.png?v=1784240845,shopify_essence.json,2026-08-21T20:14:32.033787+00:00
80,30,Essence,7387300855874,drop-of-sunshine-bronzing-drops,DROP OF sunshine BRONZING DROPS,face,bronzer,bronzer <- 'bronzing' in product_type|title,https://essencemakeup.com/products/drop-of-sunshine-bronzing-drops,7,https://cdn.shopify.com/s/files/1/1115/2926/files/4059729490568_5.png?v=1736202072|https://cdn.shopify.com/s/files/1/1115/2926/files/4059729490568_6.png?v=1736202072|https://cdn.shopify.com/s/files/1/1115/2926/files/4059729490568_1.png?v=1733336418|https://cdn.shopify.com/s/files/1/1115/2926/files/4059729490568_2.png?v=1733336418|https://cdn.shopify.com/s/files/1/1115/2926/files/4059729490568_3.png?v=1733336418|https://cdn.shopify.com/s/files/1/1115/2926/files/4059729490568_9.png?v=1733336418|https://cdn.shopify.com/s/files/1/1115/2926/files/4059729490568_4.png?v=1733336418,shopify_essence.json,2026-08-21T20:14:32.033787+00:00
81,31,Essence,7386904920130,prime-like-a-pro-eyeshadow-base,PRIME LIKE A PRO EYESHADOW BASE,eye,eyeshadow_single,eyeshadow_single <- 'eyeshadow' in product_type|title,https://essencemakeup.com/products/prime-like-a-pro-eyeshadow-base,6,https://cdn.shopify.com/s/files/1/1115/2926/files/4059729485946_5.png?v=1733175752|https://cdn.shopify.com/s/files/1/1115/2926/files/4059729485946_4.png?v=1733175752|https://cdn.shopify.com/s/files/1/1115/2926/files/4059729485946_1.png?v=1733175752|https://cdn.shopify.com/s/files/1/1115/2926/files/4059729485946_2.png?v=1733175752|https://cdn.shopify.com/s/files/1/1115/2926/files/4059729485946_3.png?v=1733175752|https://cdn.shopify.com/s/files/1/1115/2926/files/4059729485946_7.png?v=1733175752,shopify_essence.json,2026-08-21T20:14:32.033787+00:00
82,32,Essence,6683394900034,extreme-shine-volume-lipgloss,extreme shine lipgloss,lip,lip_gloss,lip_gloss <- 'lipgloss' in product_type|title,https://essencemakeup.com/products/extreme-shine-volume-lipgloss,141,https://cdn.shopify.com/s/files/1/1115/2926/products/4059729302809_essenceextremeshinevolumelipgloss01_Website_ProductFrontViewFullOpen.png?v=1756233614|https://cdn.shopify.com/s/files/1/1115/2926/products/4059729302809_essenceextremeshinevolumelipgloss01_Website_ProductTexture_fe1935ad-c264-4429-8bb5-76a2c2b33e68.png?v=1756233614|https://cdn.shopify.com/s/files/1/1115/2926/products/4059729302809_essenceextremeshinevolumelipgloss01_Website_ApplicationFullFaceDark.png?v=1756233614|https://cdn.shopify.com/s/files/1/1115/2926/products/4059729302809_essenceextremeshinevolumelipgloss01_Website_ApplicationFullFaceFair_e329a08a-f2eb-4f99-a61f-34156bc6acd1.png?v=1756233614|https://cdn.shopify.com/s/files/1/1115/2926/products/4059729302809_essenceextremeshinevolumelipgloss01_Website_ApplicationFullFaceLight.png?v=1756233614|https://cdn.shopify.com/s/files/1/1115/2926/products/4059729302809_essenceextremeshinevolumelipgloss01_Website_ApplicationFullFaceMedium_64a6e53b-10e1-4499-995d-4c9967553865.png?v=1756233614|https://cdn.shopify.com/s/files/1/1115/2926/products/4059729302809_essenceextremeshinevolumelipgloss01_Website_ApplicationSwatchTogether.png?v=1756233614|https://cdn.shopify.com/s/files/1/1115/2926/products/4059729302809_essenceextremeshinevolumelipgloss01_Website_ProductFrontViewClosed.png?v=1756233614,shopify_essence.json,2026-08-21T20:14:32.033787+00:00
83,33,Essence,7471525560386,foundation-stick,FOUNDATION stick,face,foundation,foundation <- 'foundation' in product_type|title,https://essencemakeup.com/products/foundation-stick,239,https://cdn.shopify.com/s/files/1/1115/2926/files/4059729517531_6.png?v=1745512703|https://cdn.shopify.com/s/files/1/1115/2926/files/4059729517531_5.png?v=1745512703|https://cdn.shopify.com/s/files/1/1115/2926/files/4059729517531_4.png?v=1745512703|https://cdn.shopify.com/s/files/1/1115/2926/files/4059729517531_2.png?v=1751472453|https://cdn.shopify.com/s/files/1/1115/2926/files/4059729517531_1.png?v=1751472453|https://cdn.shopify.com/s/files/1/1115/2926/files/4059729517531_3.png?v=1751472453|https://cdn.shopify.com/s/files/1/1115/2926/files/4059729517210_4.png?v=1751472453|https://cdn.shopify.com/s/files/1/1115/2926/files/4059729517210_3.png?v=1751472453,shopify_essence.json,2026-08-21T20:14:32.033787+00:00
84,34,Essence,4595150848066,bye-bye-panda-eyes-smudge-proof-volumizing-and-defining-mascara,bye bye panda eyes! smudge-proof volumizing and defining mascara,eye,mascara,mascara <- 'mascara' in product_type|title,https://essencemakeup.com/products/bye-bye-panda-eyes-smudge-proof-volumizing-and-defining-mascara,3,https://cdn.shopify.com/s/files/1/1115/2926/products/9246080001_essencebyepandaeyes_vol.def.masc.01_Image_FrontViewFullOpen.png?v=1743723561|https://cdn.shopify.com/s/files/1/1115/2926/products/9246080001_essencebyepandaeyes_vol.def.masc.01_Image_FrontViewClosed.png?v=1743723561|https://cdn.shopify.com/s/files/1/1115/2926/products/9246080001_essencebyepandaeyes_vol.def.masc.01_Model.png?v=1743723561,shopify_essence.json,2026-08-21T20:14:32.033787+00:00
85,35,Essence,7254168272962,baby-got-blush-liquid-blush,BABY GOT BLUSH liquid blush,face,liquid_blush,liquid_blush <- 'liquid blush' in product_type|title,https://essencemakeup.com/products/baby-got-blush-liquid-blush,30,https://cdn.shopify.com/s/files/1/1115/2926/files/4059729446558_3.png?v=1717701630|https://cdn.shopify.com/s/files/1/1115/2926/files/4059729446558_4.png?v=1717701630|https://cdn.shopify.com/s/files/1/1115/2926/files/4059729446558_1_11d63cb4-52c5-47ae-964f-107e2b86a6dc.png?v=1729001082|https://cdn.shopify.com/s/files/1/1115/2926/files/4059729446558_2_bdcc92ff-d88a-43da-928d-023ecb69a488.png?v=1729001082|https://cdn.shopify.com/s/files/1/1115/2926/files/4059729446558_3_0893ec5c-d984-4b31-825c-8217a5e53082.png?v=1729001082|https://cdn.shopify.com/s/files/1/1115/2926/files/4059729446558_4_6df2eb7d-0437-4264-9484-3406d12aaf98.png?v=1729001084|https://cdn.shopify.com/s/files/1/1115/2926/files/4059729446558_1_1.png?v=1717701630|https://cdn.shopify.com/s/files/1/1115/2926/files/4059729447371_3.png?v=1717518861,shopify_essence.json,2026-08-21T20:14:32.033787+00:00
86,36,Essence,8265549185090,soft-touch-mousse-blush,soft touch mousse blush,blush,cream_blush,cream_blush <- 'mousse blush' in product_type|title,https://essencemakeup.com/products/soft-touch-mousse-blush,25,https://cdn.shopify.com/s/files/1/1115/2926/files/4059729516893_6.png?v=1780680340|https://cdn.shopify.com/s/files/1/1115/2926/files/4059729516893_2.png?v=1780680340|https://cdn.shopify.com/s/files/1/1115/2926/files/4059729516893_3.png?v=1780680340|https://cdn.shopify.com/s/files/1/1115/2926/files/4059729516893_5.png?v=1780680340|https://cdn.shopify.com/s/files/1/1115/2926/files/4059729516893_4.png?v=1780680340|https://cdn.shopify.com/s/files/1/1115/2926/files/4059729516893_1.png?v=1780680340|https://cdn.shopify.com/s/files/1/1115/2926/files/4059729516893_7.png?v=1780680340|https://cdn.shopify.com/s/files/1/1115/2926/files/4059729516916_1.png?v=1782396808,shopify_essence.json,2026-08-21T20:14:32.033787+00:00
87,37,Essence,7101360373826,jelly-grip-hydrating-primer,Jelly Grip Hydrating Primer,primer,primer,primer <- 'primer' in product_type|title,https://essencemakeup.com/products/jelly-grip-hydrating-primer,4,https://cdn.shopify.com/s/files/1/1115/2926/files/4059729466242_1.png?v=1712599820|https://cdn.shopify.com/s/files/1/1115/2926/files/4059729466242_2.png?v=1712599819|https://cdn.shopify.com/s/files/1/1115/2926/files/4059729466242_1_1.png?v=1712671426|https://cdn.shopify.com/s/files/1/1115/2926/files/4059729466242_essencejellyGRIPHYDRATINGPRIMER_Application_FullFaceMedium.png?v=1712671682,shopify_essence.json,2026-08-21T20:14:32.033787+00:00
88,38,Essence,7386358284354,fix-last-instant-matte-make-up-fixing-spray,fix & LAST instant MATTE MAKE-UP FIXING SPRAY,face,setting_spray,setting_spray <- 'fixing spray' in product_type|title,https://essencemakeup.com/products/fix-last-instant-matte-make-up-fixing-spray,4,https://cdn.shopify.com/s/files/1/1115/2926/files/4059729490445_3.png?v=1733161453|https://cdn.shopify.com/s/files/1/1115/2926/files/4059729490445_2.png?v=1733161453|https://cdn.shopify.com/s/files/1/1115/2926/files/4059729490445_1.png?v=1733161453|https://cdn.shopify.com/s/files/1/1115/2926/files/4059729490445_5.png?v=1733161453,shopify_essence.json,2026-08-21T20:14:32.033787+00:00
89,39,Essence,8268617482306,ciao-blushlighter,Ciao! blushlighter,blush,powder_blush,powder_blush <- 'blush' in product_type|title,https://essencemakeup.com/products/ciao-blushlighter,5,https://cdn.shopify.com/s/files/1/1115/2926/files/4059729622372_1.png?v=1781097970|https://cdn.shopify.com/s/files/1/1115/2926/files/4059729622372_3.png?v=1781097970|https://cdn.shopify.com/s/files/1/1115/2926/files/4059729622372_4.png?v=1781097970|https://cdn.shopify.com/s/files/1/1115/2926/files/4059729622372_5.png?v=1781097970|https://cdn.shopify.com/s/files/1/1115/2926/files/4059729622372_2.png?v=1781097970,shopify_essence.json,2026-08-21T20:14:32.033787+00:00
90,40,Essence,8231421771842,the-peach-edition-mini-eyeshadow-palette,the PEACH edition mini eyeshadow palette,eye,eyeshadow_palette,eyeshadow_palette <- 'eyeshadow palette' in product_type|title,https://essencemakeup.com/products/the-peach-edition-mini-eyeshadow-palette,8,https://cdn.shopify.com/s/files/1/1115/2926/files/4059729491046_1.png?v=1777578319|https://cdn.shopify.com/s/files/1/1115/2926/files/4059729491046_6.png?v=1777578318|https://cdn.shopify.com/s/files/1/1115/2926/files/4059729491046_8.png?v=1777578318|https://cdn.shopify.com/s/files/1/1115/2926/files/4059729491046_7.png?v=1777578318|https://cdn.shopify.com/s/files/1/1115/2926/files/4059729491046_3.png?v=1777578318|https://cdn.shopify.com/s/files/1/1115/2926/files/4059729491046_5.png?v=1777578318|https://cdn.shopify.com/s/files/1/1115/2926/files/4059729491046_4.png?v=1777578318|https://cdn.shopify.com/s/files/1/1115/2926/files/4059729491046_2.png?v=1777578318,shopify_essence.json,2026-08-21T20:14:32.033787+00:00
91,41,Essence,7043166994498,brighten-up-banana-powder-1,BRIGHTEN UP! banana powder,face,pressed_powder,pressed_powder <- 'powder' in product_type|title,https://essencemakeup.com/products/brighten-up-banana-powder-1,3,https://cdn.shopify.com/s/files/1/1115/2926/files/4059729404725_1_D1.png?v=1705415734|https://cdn.shopify.com/s/files/1/1115/2926/files/4059729404725_essenceBRIGHTENUP_bananapowder20_ProductImage_FrontViewFullOpen_png.png?v=1705416360|https://cdn.shopify.com/s/files/1/1115/2926/files/4059729404725_2_D2.png?v=1705416360,shopify_essence.json,2026-08-21T20:14:32.033787+00:00
92,42,Essence,7603958808642,line-n-stain-tattoo-lip-liner,line n' STAIN! TATTOO LIP LINER,lips,lip_liner,lip_liner <- 'lip liner' in product_type|title,https://essencemakeup.com/products/line-n-stain-tattoo-lip-liner,30,https://cdn.shopify.com/s/files/1/1115/2926/files/4059729521439_10.png?v=1764009006|https://cdn.shopify.com/s/files/1/1115/2926/files/4059729521439_9.png?v=1764009006|https://cdn.shopify.com/s/files/1/1115/2926/files/4059729521439_4.png?v=1764009006|https://cdn.shopify.com/s/files/1/1115/2926/files/4059729521439_3.png?v=1764009006|https://cdn.shopify.com/s/files/1/1115/2926/files/4059729521439_7.png?v=1764009006|https://cdn.shopify.com/s/files/1/1115/2926/files/4059729521439_8.png?v=1764009006|https://cdn.shopify.com/s/files/1/1115/2926/files/4059729521439_2.png?v=1764009006|https://cdn.shopify.com/s/files/1/1115/2926/files/4059729521439_1.png?v=1764009006,shopify_essence.json,2026-08-21T20:14:32.033787+00:00
93,43,Essence,7476719321154,baby-got-holo-glow-highlighter-stick,BABY GOT HOLO GLOW highlighter stick,face,highlighter,highlighter <- 'highlight' in product_type|title,https://essencemakeup.com/products/baby-got-holo-glow-highlighter-stick,5,https://cdn.shopify.com/s/files/1/1115/2926/files/4059729490315_7.png?v=1746638912|https://cdn.shopify.com/s/files/1/1115/2926/files/4059729490315_8.png?v=1746638912|https://cdn.shopify.com/s/files/1/1115/2926/files/4059729490315_5.png?v=1746638912|https://cdn.shopify.com/s/files/1/1115/2926/files/4059729490315_4.png?v=1746638912|https://cdn.shopify.com/s/files/1/1115/2926/files/4059729490315_6.png?v=1746638904,shopify_essence.json,2026-08-21T20:14:32.033787+00:00
94,44,Essence,7420245737538,correct-conceal-under-eye-brightening-concealer,CORRECT & CONCEAL under eye brightening concealer,face,concealer,concealer <- 'concealer' in product_type|title,https://essencemakeup.com/products/correct-conceal-under-eye-brightening-concealer,20,https://cdn.shopify.com/s/files/1/1115/2926/files/4059729498960_6.png?v=1736190615|https://cdn.shopify.com/s/files/1/1115/2926/files/4059729498960_5.png?v=1736190615|https://cdn.shopify.com/s/files/1/1115/2926/files/4059729498960_1.png?v=1736190615|https://cdn.shopify.com/s/files/1/1115/2926/files/4059729498960_2.png?v=1736190615|https://cdn.shopify.com/s/files/1/1115/2926/files/4059729498960_8.png?v=1736190615|https://cdn.shopify.com/s/files/1/1115/2926/files/4059729498960_9.png?v=1736190615|https://cdn.shopify.com/s/files/1/1115/2926/files/4059729498953_6.png?v=1736190995|https://cdn.shopify.com/s/files/1/1115/2926/files/4059729498953_5.png?v=1736190995,shopify_essence.json,2026-08-21T20:14:32.033787+00:00
95,45,Essence,8249350520898,the-game-edit-fix-freeze-brow-gel,THE game EDIT fix & freeze brow gel,eye,brow,brow <- 'brow' in product_type|title,https://essencemakeup.com/products/the-game-edit-fix-freeze-brow-gel,5,https://cdn.shopify.com/s/files/1/1115/2926/files/4059729597328_2.png?v=1779295411|https://cdn.shopify.com/s/files/1/1115/2926/files/4059729597328_3.png?v=1779295411|https://cdn.shopify.com/s/files/1/1115/2926/files/4059729597328_4.png?v=1779295411|https://cdn.shopify.com/s/files/1/1115/2926/files/4059729597328_5.png?v=1779295411|https://cdn.shopify.com/s/files/1/1115/2926/files/4059729597328_1.png?v=1779295411,shopify_essence.json,2026-08-21T20:14:32.033787+00:00
96,46,Essence,7601703977026,hydra-kiss-lip-tint,hydra kiss LIP TINT,lip,lipstick,lipstick <- 'lip tint' in product_type|title,https://essencemakeup.com/products/hydra-kiss-lip-tint,64,https://cdn.shopify.com/s/files/1/1115/2926/files/4059729541901_1.png?v=1763657064|https://cdn.shopify.com/s/files/1/1115/2926/files/4059729541901_7.png?v=1763657064|https://cdn.shopify.com/s/files/1/1115/2926/files/4059729541901_5.png?v=1763657064|https://cdn.shopify.com/s/files/1/1115/2926/files/4059729541901_6.png?v=1763657064|https://cdn.shopify.com/s/files/1/1115/2926/files/4059729541901_3.png?v=1763657064|https://cdn.shopify.com/s/files/1/1115/2926/files/4059729541901_4.png?v=1763657064|https://cdn.shopify.com/s/files/1/1115/2926/files/4059729541901_2.png?v=1763657064|https://cdn.shopify.com/s/files/1/1115/2926/files/4059729541901_8.png?v=1763657064,shopify_essence.json,2026-08-21T20:14:32.033787+00:00
97,47,Essence,7605335523394,soft-touch-butter-bronzer,soft TOUCH BUTTER BRONZER,face,bronzer,bronzer <- 'bronzer' in product_type|title,https://essencemakeup.com/products/soft-touch-butter-bronzer,28,https://cdn.shopify.com/s/files/1/1115/2926/files/4059729546876_5.png?v=1764085132|https://cdn.shopify.com/s/files/1/1115/2926/files/4059729546876_4.png?v=1764085132|https://cdn.shopify.com/s/files/1/1115/2926/files/4059729546876_3.png?v=1764085132|https://cdn.shopify.com/s/files/1/1115/2926/files/4059729546876_2.png?v=1764085132|https://cdn.shopify.com/s/files/1/1115/2926/files/4059729546876_1.png?v=1764169851|https://cdn.shopify.com/s/files/1/1115/2926/files/4059729546876_7.png?v=1764169851|https://cdn.shopify.com/s/files/1/1115/2926/files/4059729546876_6.png?v=1764169851|https://cdn.shopify.com/s/files/1/1115/2926/files/4059729546913_5.png?v=1764169851,shopify_essence.json,2026-08-21T20:14:32.033787+00:00
98,48,Essence,8231712784450,mono-eyeshadow-matte,mono eyeshadow matte,eye,eyeshadow_single,eyeshadow_single <- 'eyeshadow' in product_type|title,https://essencemakeup.com/products/mono-eyeshadow-matte,8,https://cdn.shopify.com/s/files/1/1115/2926/files/4059729583444_8.png?v=1777663201|https://cdn.shopify.com/s/files/1/1115/2926/files/4059729583444_1.png?v=1777663202|https://cdn.shopify.com/s/files/1/1115/2926/files/4059729583444_7.png?v=1777663201|https://cdn.shopify.com/s/files/1/1115/2926/files/4059729583444_6.png?v=1777663201|https://cdn.shopify.com/s/files/1/1115/2926/files/4059729583444_2.png?v=1777663201|https://cdn.shopify.com/s/files/1/1115/2926/files/4059729583444_4.png?v=1777663201|https://cdn.shopify.com/s/files/1/1115/2926/files/4059729583444_3.png?v=1777663201|https://cdn.shopify.com/s/files/1/1115/2926/files/4059729583444_9.png?v=1777663201,shopify_essence.json,2026-08-21T20:14:32.033787+00:00
99,49,Essence,7618356478018,choco-bomb-shiny-lipgloss,CHOCO BOMB shiny lipgloss,lip,lip_gloss,lip_gloss <- 'lipgloss' in product_type|title,https://essencemakeup.com/products/choco-bomb-shiny-lipgloss,8,https://cdn.shopify.com/s/files/1/1115/2926/files/4059729585165_9.png?v=1764949614|https://cdn.shopify.com/s/files/1/1115/2926/files/4059729585165_6.png?v=1764949646|https://cdn.shopify.com/s/files/1/1115/2926/files/4059729585165_4.png?v=1764949646|https://cdn.shopify.com/s/files/1/1115/2926/files/4059729585165_5.png?v=1764949646|https://cdn.shopify.com/s/files/1/1115/2926/files/4059729585165_3.png?v=1764949646|https://cdn.shopify.com/s/files/1/1115/2926/files/4059729585165_1.png?v=1764949646|https://cdn.shopify.com/s/files/1/1115/2926/files/4059729585165_10.png?v=1764949646|https://cdn.shopify.com/s/files/1/1115/2926/files/4059729585165_8.png?v=1764949646,shopify_essence.json,2026-08-21T20:14:32.033787+00:00
100,50,Essence,8231676641346,what-the-length-extreme-lengthening-mascara-waterproof,what the length! extreme lengthening mascara waterproof,eye,mascara,mascara <- 'mascara' in product_type|title,https://essencemakeup.com/products/what-the-length-extreme-lengthening-mascara-waterproof,8,https://cdn.shopify.com/s/files/1/1115/2926/files/4059729583222_1.png?v=1777661910|https://cdn.shopify.com/s/files/1/1115/2926/files/4059729583222_7.png?v=1777661910|https://cdn.shopify.com/s/files/1/1115/2926/files/4059729583222_6.png?v=1777661910|https://cdn.shopify.com/s/files/1/1115/2926/files/4059729583222_5.png?v=1777661910|https://cdn.shopify.com/s/files/1/1115/2926/files/4059729583222_2.png?v=1777661910|https://cdn.shopify.com/s/files/1/1115/2926/files/4059729583222_4.png?v=1777661910|https://cdn.shopify.com/s/files/1/1115/2926/files/4059729583222_3.png?v=1777661911|https://cdn.shopify.com/s/files/1/1115/2926/files/4059729583222_9.png?v=1777661910,shopify_essence.json,2026-08-21T20:14:32.033787+00:00
101,1,Milani,7614107189424,supercharged-highlighter-multistick,Supercharged Highlighter Multistick,,highlighter,highlighter <- 'highlight' in product_type|title,https://www.milanicosmetics.com/products/supercharged-highlighter-multistick,5,https://cdn.shopify.com/s/files/1/1824/2901/files/1_SuperCharged_MultiStick_180_PDP_PoductWithSwatch_98441e8a-2aa6-408e-9a5e-8c081d5d1f09.png?v=1715712579|https://cdn.shopify.com/s/files/1/1824/2901/files/3_SuperchargedCheekLipMultistick_PDP_Stylized_bc85f717-839f-41d9-8be6-2b2dd70768c3.png?v=1715712579|https://cdn.shopify.com/s/files/1/1824/2901/files/6_SuperchargedCheekLipMultistick_PDP_Infographic_e32849cd-f9a4-422c-b8fe-0ff0d96f32cd.png?v=1715712579|https://cdn.shopify.com/s/files/1/1824/2901/files/7_SuperCharged_MultiStick_180_PDP_OpenPoduct_2c043551-ae74-4281-8aac-2f92c99f3dd9.png?v=1715712580|https://cdn.shopify.com/s/files/1/1824/2901/files/8_SuperCharged_MultiStick_180_PDP_Packaging_1a49fbc6-c925-4a6b-a0bc-4a33c596336e.jpg?v=1715712580,shopify_milani.json,2026-08-21T20:14:28.836431+00:00
102,2,Milani,7241261678768,gilded-eyeshadow-sticks,Gilded Eyeshadow Sticks,,eyeshadow_single,eyeshadow_single <- 'eyeshadow' in product_type|title,https://www.milanicosmetics.com/products/gilded-eyeshadow-sticks,67,https://cdn.shopify.com/s/files/1/1824/2901/files/1_GildedEyeshadowSticks_01_PDP_ProductwithSwatch_cb0fe5f3-c26a-44e4-969f-a55507da3cf8.png?v=1692994558|https://cdn.shopify.com/s/files/1/1824/2901/products/2_GildedEyeshadowSticks_PDP_Video_Thumbnail.png?v=1692994558|https://cdn.shopify.com/s/files/1/1824/2901/products/4_GildedEyeshadowSticks_PDP_Stylized.png?v=1692994558|https://cdn.shopify.com/s/files/1/1824/2901/products/3_GildedEyeshadowSticks_PDP_Model.png?v=1692994558|https://cdn.shopify.com/s/files/1/1824/2901/products/5_GildedEyeshadowSticks_PDP_Quad.jpg?v=1692994558|https://cdn.shopify.com/s/files/1/1824/2901/files/6_GildedEyeshadowSticks_PDP_ArmSwatches_37b3fec3-30f0-4017-9384-00aa9f05bc6d.png?v=1692994558|https://cdn.shopify.com/s/files/1/1824/2901/files/7_GildedEyeshadowSticks_01_PDP_OpenProduct.png?v=1692994558|https://cdn.shopify.com/s/files/1/1824/2901/files/8_GildedEyeshadowSticks_01_PDP_Packaging.png?v=1692994558,shopify_milani.json,2026-08-21T20:14:28.836431+00:00
103,3,Milani,7599842197680,cheek-kiss-blush-stick-in-luminoso,Cheek Kiss Blush Stick in Luminoso,,cream_blush,cream_blush <- 'blush stick' in product_type|title,https://www.milanicosmetics.com/products/cheek-kiss-blush-stick-in-luminoso,8,https://cdn.shopify.com/s/files/1/1824/2901/files/1_Luminoso_BlushStick_110_PDP_PoductWithSwatch.png?v=1715357448|https://cdn.shopify.com/s/files/1/1824/2901/files/PDP_video_luminoso-cheekstick_4x5_THUMBNAIL.png?v=1715357653|https://cdn.shopify.com/s/files/1/1824/2901/files/3_LuminosoBlushStick_PDP_Stylized.png?v=1715357653|https://cdn.shopify.com/s/files/1/1824/2901/files/4_LuminosoBlushStic_PDP_BA-Quad.jpg?v=1715789631|https://cdn.shopify.com/s/files/1/1824/2901/files/6_LuminosoBlushStick_PDP_Infographic.png?v=1715789631|https://cdn.shopify.com/s/files/1/1824/2901/files/7_Luminoso_BlushStick_110_PDP_OpenPoduct.png?v=1715789631|https://cdn.shopify.com/s/files/1/1824/2901/files/8_Luminoso_BlushStick_110_PDP_Packaging.png?v=1715789631|https://cdn.shopify.com/s/files/1/1824/2901/files/10_Luminoso_BlushStick_110_PDP_ClosedPoduct.png?v=1715789631,shopify_milani.json,2026-08-21T20:14:28.836431+00:00
104,4,Milani,1594921255006,amore-satin-matte-lip-creme,Amore Satin Matte Lip Crème,,liquid_lipstick,liquid_lipstick <- 'lip crème' in product_type|title,https://www.milanicosmetics.com/products/amore-satin-matte-lip-creme,91,https://cdn.shopify.com/s/files/1/1824/2901/products/MASM_AmoreSatinMattie_01_Lavish_PDP_1.png?v=1655839319|https://cdn.shopify.com/s/files/1/1824/2901/products/MASM_AmoreMatteSatin_01_3.png?v=1655839319|https://cdn.shopify.com/s/files/1/1824/2901/products/MASM_AmoreSatinMatte_01_Lavish_RGB_300_Product_Open.png?v=1655839319|https://cdn.shopify.com/s/files/1/1824/2901/products/MASM_AmoreSatinMatte_01_Lavish_RGB_300_Product_Closed.png?v=1655839319|https://cdn.shopify.com/s/files/1/1824/2901/products/MASM_AmoreMatteSatin_01_5.png?v=1655839942|https://cdn.shopify.com/s/files/1/1824/2901/products/MASM_AmoreMatteSatin_01_6.png?v=1655839942|https://cdn.shopify.com/s/files/1/1824/2901/products/MASM_AmoreSatinMattie_02_Luxe_PDP_1.png?v=1655839942|https://cdn.shopify.com/s/files/1/1824/2901/products/MASM_AmoreMatteSatin_02_3.png?v=1655840150,shopify_milani.json,2026-08-21T20:14:28.836431+00:00
105,5,Milani,6822005604528,highly-rated-anti-gravity-mascara,Highly Rated Anti-Gravity Mascara,,mascara,mascara <- 'mascara' in product_type|title,https://www.milanicosmetics.com/products/highly-rated-anti-gravity-mascara,18,https://cdn.shopify.com/s/files/1/1824/2901/files/1_HighlyRated_AntiGravity_110_PDP_ProductWithSwatch.png?v=1686008068|https://cdn.shopify.com/s/files/1/1824/2901/files/2.1_PDP_video_antigravity-mascara-original_brownblack_4x5_THUMBNAIL_2.jpg?v=1688579026|https://cdn.shopify.com/s/files/1/1824/2901/files/3_HighlyRatedAnti-GravityMascaraBrownBlack_PDP_Stylized.png?v=1688579026|https://cdn.shopify.com/s/files/1/1824/2901/files/4_HighlyRatedAnti-GravityMascaraBrownBlack_PDP_BA_1.png?v=1688579026|https://cdn.shopify.com/s/files/1/1824/2901/files/5_HighlyRatedAnti-GravityMascaraBrownBlack_PDP_Swatch.png?v=1688579026|https://cdn.shopify.com/s/files/1/1824/2901/files/6_HighlyRatedAnti-GravityMascaraBrownBlack_PDP_Infographic.png?v=1688579026|https://cdn.shopify.com/s/files/1/1824/2901/files/7_HighlyRated_AntiGravity_110_PDP_OpenProduct.png?v=1688579229|https://cdn.shopify.com/s/files/1/1824/2901/files/8_HighlyRated_AntiGravity_110_PDP_Packaging.png?v=1688579229,shopify_milani.json,2026-08-21T20:14:28.836431+00:00
106,6,Milani,7965708910768,baked-blush-1,Baked Blush,,powder_blush,powder_blush <- 'blush' in product_type|title,https://www.milanicosmetics.com/products/baked-blush-1,64,https://cdn.shopify.com/s/files/1/1824/2901/files/1_BakedBlush_01_PDP_PoductWithSwatch_1fd650a7-46ec-4dfe-9fe0-061252fe6056.png?v=1765489419|https://cdn.shopify.com/s/files/1/1824/2901/files/PDP_video_bakedblush_2025revamp_4x5_THUMBNAIL.png?v=1765501342|https://cdn.shopify.com/s/files/1/1824/2901/files/OLD-VS-NEW.png?v=1765840328|https://cdn.shopify.com/s/files/1/1824/2901/files/3_Baked-Blush_PDP_Stylized.png?v=1765840328|https://cdn.shopify.com/s/files/1/1824/2901/files/01_Dolce_Pink.png?v=1765840328|https://cdn.shopify.com/s/files/1/1824/2901/files/Blush_Layering.png?v=1765840328|https://cdn.shopify.com/s/files/1/1824/2901/files/5_Baked-Blush_PDP_Arm_2_74dd47de-0dba-4927-9310-8e954b01603b.png?v=1774105491|https://cdn.shopify.com/s/files/1/1824/2901/files/Claims_48c7b0bb-b56e-4244-a34e-fb98d32148c5.png?v=1765840328,shopify_milani.json,2026-08-21T20:14:28.836431+00:00
107,7,Milani,8036518592688,baked-blurring-finishing-powder,Baked Blurring Finishing Powder,,setting_powder,setting_powder <- 'blurring' in product_type|title,https://www.milanicosmetics.com/products/baked-blurring-finishing-powder,84,https://cdn.shopify.com/s/files/1/1824/2901/files/1_BakedBlurringPowder_100_PDP_PoductWithSwatch.png?v=1778624059|https://cdn.shopify.com/s/files/1/1824/2901/files/4_BakedBlurringPowder_PDP_BA_Shade-01.png?v=1778624059|https://cdn.shopify.com/s/files/1/1824/2901/files/PDP_video_bakedpowder_4x5_THUMBNAIL.png?v=1778789750|https://cdn.shopify.com/s/files/1/1824/2901/files/3_BakedBlurringPowder_PDP_Stylized-Product.png?v=1778784147|https://cdn.shopify.com/s/files/1/1824/2901/files/3_BakedBlurringPowder_PDP_Stylized_Model-shade-11.png?v=1778784146|https://cdn.shopify.com/s/files/1/1824/2901/files/4_BakedBlurringPowder_PDP_BA_Stacked.png?v=1778784168|https://cdn.shopify.com/s/files/1/1824/2901/files/4_BakedBlurringPowder_PDP_Shade-Grid.png?v=1778784166|https://cdn.shopify.com/s/files/1/1824/2901/files/5_BakedBlurringPowder_PDP_Shade-Finder_Shadefinder-01.png?v=1778784186,shopify_milani.json,2026-08-21T20:14:28.836431+00:00
108,8,Milani,7236193484976,understatement-lipliner-nude-entrance,Understatement Lipliner - Nude Entrance,,lip_liner,lip_liner <- 'lipliner' in product_type|title,https://www.milanicosmetics.com/products/understatement-lipliner-nude-entrance,3,https://cdn.shopify.com/s/files/1/1824/2901/products/Understatement_Lip_Liner_110_Open_PDP_a9ba21bc-f79a-4673-a88e-e6b70a2fe874.png?v=1668026810|https://cdn.shopify.com/s/files/1/1824/2901/products/Understatement_Lip_Liner_110_Swatch_PDP_242ab324-c8a9-4f8a-84d5-65804cdccc84.png?v=1668026810|https://cdn.shopify.com/s/files/1/1824/2901/products/UnderstatementLipLiner_110_Secondary_PDP_1_1.png?v=1668026810,shopify_milani.json,2026-08-21T20:14:28.836431+00:00
109,9,Milani,6662847299760,supercharged-lip-balm,Supercharged Lip Balm,,lipstick,lipstick <- 'lip balm' in product_type|title,https://www.milanicosmetics.com/products/supercharged-lip-balm,6,https://cdn.shopify.com/s/files/1/1824/2901/products/LBA225_SuperchardgeLipBalm_PDP_1.png?v=1620682117|https://cdn.shopify.com/s/files/1/1824/2901/files/3_SuperchargedLipBalm_PDP_Stylized.png?v=1687882324|https://cdn.shopify.com/s/files/1/1824/2901/files/6_SuperchargedLipBalm_PDP_Infographic.jpg?v=1721416314|https://cdn.shopify.com/s/files/1/1824/2901/products/LBA225_SuperchardgeLipBalm_PDP_2.png?v=1721416325|https://cdn.shopify.com/s/files/1/1824/2901/files/8_SuperCharged_LipBalm_130_PDP_Packaging.png?v=1721416325|https://cdn.shopify.com/s/files/1/1824/2901/files/10_SuperCharged_LipBalm_130_PDP_ClosedPoduct.png?v=1721416325,shopify_milani.json,2026-08-21T20:14:28.836431+00:00
110,10,Milani,7266762162352,copy-of-fruit-fetish-lip-oils-1,Fruit Fetish Lip Oils - Strawberry Melon,,lip_gloss,lip_gloss <- 'lip oil' in product_type|title,https://www.milanicosmetics.com/products/copy-of-fruit-fetish-lip-oils-1,7,https://cdn.shopify.com/s/files/1/1824/2901/products/LOI175_FRUIT-FETISH-LIP-OIL_120_PDP_1_f4a2c263-7bd8-495f-80ff-e2a9eabd7a21.png?v=1673547024|https://cdn.shopify.com/s/files/1/1824/2901/products/FruitFetish_LipOils_120_StrawberryMelon_PDP_Safai_Lipswatch_458426a1-75a6-4215-ac78-5265657882b9.png?v=1673547025|https://cdn.shopify.com/s/files/1/1824/2901/products/LOI175_FRUIT-FETISH-LIP-OIL_120_PDP_4_724f1824-1f3b-4b6a-89bf-32c39399d17f.png?v=1673547025|https://cdn.shopify.com/s/files/1/1824/2901/products/LOI175_FRUIT-FETISH-LIP-OIL_120_PDP_1_1_8b203265-81e0-4cc3-845c-679ffaeb16d6.png?v=1673547025|https://cdn.shopify.com/s/files/1/1824/2901/products/LOI175_FRUIT-FETISH-LIP-OIL_120_PDP_2_0079d8e0-4c0b-48ec-8603-154def87772f.png?v=1673547025|https://cdn.shopify.com/s/files/1/1824/2901/products/LOI175_FRUIT-FETISH-LIP-OIL_120_PDP_3_126bf28a-29dc-4822-9875-4e9072a6245e.png?v=1673547025|https://cdn.shopify.com/s/files/1/1824/2901/products/FruitFetish_LipOil_PDP_Video_Thumbnail_StrawberryMelon_13ac2c19-ed4b-4f2d-9417-81333bbfa040.png?v=1673547028,shopify_milani.json,2026-08-21T20:14:28.836431+00:00
111,11,Milani,7701660074160,make-it-last-matte-matte-finish-charcoal-setting-spray-jumbo-size,Make It Last Matte - Matte Finish Charcoal Setting Spray Jumbo Size,,setting_spray,setting_spray <- 'setting spray' in product_type|title,https://www.milanicosmetics.com/products/make-it-last-matte-matte-finish-charcoal-setting-spray-jumbo-size,8,https://cdn.shopify.com/s/files/1/1824/2901/files/1_MakeItLast_MatteJumboSettingSpray_110_PDP_PoductWithSwatch.png?v=1723465942|https://cdn.shopify.com/s/files/1/1824/2901/files/2.1_PDP_video_MILsettingspray_matte_4x5_THUMBNAIL.jpg?v=1723481939|https://cdn.shopify.com/s/files/1/1824/2901/files/3_MakeItLastSettingSprayMatteXL_PDP_Stylized.png?v=1723465942|https://cdn.shopify.com/s/files/1/1824/2901/files/6_MakeItLastSettingSprayMatteJumbo_PDP_Comparison.png?v=1723465942|https://cdn.shopify.com/s/files/1/1824/2901/files/6_MakeItLastSettingSprayMatteJumbo_PDP_Infographic.png?v=1723465942|https://cdn.shopify.com/s/files/1/1824/2901/files/07_MakeItLast_MatteJumboSettingSpray_110_PDP_OpenPoduct.png?v=1723465942|https://cdn.shopify.com/s/files/1/1824/2901/files/08_MakeItLast_MatteJumboSettingSpray_110_PDP_Packaging_b676505c-692b-4161-900d-d5b4b2979cab.png?v=1785513477|https://cdn.shopify.com/s/files/1/1824/2901/files/10_MakeItLast_MatteJumboSettingSpray_110_PDP_ClosedPoduct.png?v=1723465942,shopify_milani.json,2026-08-21T20:14:28.836431+00:00
112,12,Milani,11809809807,stay-put-brow-pomade,Stay Put® Brow Color,,brow,brow <- 'brow' in product_type|title,https://www.milanicosmetics.com/products/stay-put-brow-pomade,25,https://cdn.shopify.com/s/files/1/1824/2901/files/1_StayPut_BrowColor_01_PDP_PoductWithSwatch.png?v=1688138957|https://cdn.shopify.com/s/files/1/1824/2901/files/2.1_PDP_video_stayput-browcolorpomade_4x5_THUMBNAIL.png?v=1688597079|https://cdn.shopify.com/s/files/1/1824/2901/files/3_StayPutBrowColor_PDP_Stylized.png?v=1688597079|https://cdn.shopify.com/s/files/1/1824/2901/files/4_StayPutBrowColor_PDP_BA-Quad.png?v=1688597079|https://cdn.shopify.com/s/files/1/1824/2901/files/5_StayPutBrowColor_PDP_PaperSwatch.png?v=1688597079|https://cdn.shopify.com/s/files/1/1824/2901/files/6_StayPutBrowColor_PDP_Infographic.png?v=1688597079|https://cdn.shopify.com/s/files/1/1824/2901/files/7_StayPut_BrowColor_01_PDP_OpenPoduct.png?v=1688597079|https://cdn.shopify.com/s/files/1/1824/2901/files/8_StayPut_BrowColor_01_PDP_Packaging.png?v=1688597079,shopify_milani.json,2026-08-21T20:14:28.836431+00:00
113,13,Milani,6030884470960,no-pore-zone-mattifying-primer,No Pore Zone Mattifying Primer,,primer,primer <- 'primer' in product_type|title,https://www.milanicosmetics.com/products/no-pore-zone-mattifying-primer,7,https://cdn.shopify.com/s/files/1/1824/2901/files/1_NoPoreZone_Primer_110_PDP_PoductWithSwatch.png?v=1687831271|https://cdn.shopify.com/s/files/1/1824/2901/files/2.1_PDP_video_primer-noporezone_4x5_THUMBNAIL.png?v=1688595917|https://cdn.shopify.com/s/files/1/1824/2901/files/3_NoPoreZoneFacePrimer_PDP_Stylized_V1.png?v=1688595917|https://cdn.shopify.com/s/files/1/1824/2901/files/5_NoPoreZonePrimer_PDP_PaperSwatch.png?v=1688595917|https://cdn.shopify.com/s/files/1/1824/2901/files/6_NoPoreZoneFacePrimer_PDP_Infographic.png?v=1688595917|https://cdn.shopify.com/s/files/1/1824/2901/files/8_NoPoreZone_Primer_110_PDP_Packaging.png?v=1688595917|https://cdn.shopify.com/s/files/1/1824/2901/products/FPR229_No_Pore_Zone_Primer_2.png?v=1688595917,shopify_milani.json,2026-08-21T20:14:28.836431+00:00
114,14,Milani,6965826093232,gilded-eyeshadow-palettes,Gilded Eyeshadow Palettes,,eyeshadow_palette,eyeshadow_palette <- 'eyeshadow palette' in product_type|title,https://www.milanicosmetics.com/products/gilded-eyeshadow-palettes,22,https://cdn.shopify.com/s/files/1/1824/2901/files/1_GildedGold_EyeshadowPalette_110_PDP_ProductWithSwatch.png?v=1706125221|https://cdn.shopify.com/s/files/1/1824/2901/files/3_GildedEyeshadowPalettes_Gold_PDP_Stylized.png?v=1706125221|https://cdn.shopify.com/s/files/1/1824/2901/files/6_GildedEyeshadowPalettes_PDP_Infographic_b1ad04d8-c0aa-499e-960c-2bf55b6aaabd.png?v=1706125221|https://cdn.shopify.com/s/files/1/1824/2901/files/7_GildedGold_EyeshadowPalette_110_PDP_OpenProduct.png?v=1706125221|https://cdn.shopify.com/s/files/1/1824/2901/files/8_GildedGold_EyeshadowPalette_110_PDP_Packaging.png?v=1706125221|https://cdn.shopify.com/s/files/1/1824/2901/files/10_GildedGold_EyeshadowPalette_110_PDP_ClosedProduct.png?v=1706125221|https://cdn.shopify.com/s/files/1/1824/2901/files/1_GildedTerra_EyeshadowPalette_170_PDP_ProductWithSwatch_3208a501-8c66-4618-8d4b-9d015b41dcd0.png?v=1706125221|https://cdn.shopify.com/s/files/1/1824/2901/files/1_GildedusterLight_EyeshadowPalette_140_PDP_ProductWithSwatch_edb3b61c-5042-421e-9fdc-6b2c58ee1ad2.png?v=1706125221,shopify_milani.json,2026-08-21T20:14:28.836431+00:00
115,15,Milani,4343175708766,cheek-kiss-liquid-blush,Cheek Kiss Liquid Blush,,liquid_blush,liquid_blush <- 'liquid blush' in product_type|title,https://www.milanicosmetics.com/products/cheek-kiss-liquid-blush,34,https://cdn.shopify.com/s/files/1/1824/2901/files/1_CheekKiss_LiquidBlsuh_110_PDP_PoductWithSwatch.png?v=1742339632|https://cdn.shopify.com/s/files/1/1824/2901/files/2.1_PDP_video_cheekkiss-liquidblush_THUMBNAIL_4x5_1e8eabff-1721-4759-a688-f8b2a7a07975.png?v=1742339632|https://cdn.shopify.com/s/files/1/1824/2901/files/6_CheekKissLiquidBlush_PDP_Infographic.png?v=1742339632|https://cdn.shopify.com/s/files/1/1824/2901/files/3_CheekKissLiquidBlush_PDP_Stylized.png?v=1742339632|https://cdn.shopify.com/s/files/1/1824/2901/files/4_CheekKissLiquidBlush_PDP_Quad.png?v=1742339632|https://cdn.shopify.com/s/files/1/1824/2901/files/5_CheekKissLiquidBlush_PDP_Arm.png?v=1742339632|https://cdn.shopify.com/s/files/1/1824/2901/files/7_CheekKiss_LiquidBlsuh_110_PDP_OpenPoduct.png?v=1742339632|https://cdn.shopify.com/s/files/1/1824/2901/files/8_CheekKiss_LiquidBlush_110_PDP_Packaging.png?v=1742339632,shopify_milani.json,2026-08-21T20:14:28.836431+00:00
116,16,Milani,11809813135,conceal-perfect-2-in-1-foundation-concealer,Conceal + Perfect 2-In-1 Foundation + Concealer,,concealer,concealer <- 'concealer' in product_type|title,https://www.milanicosmetics.com/products/conceal-perfect-2-in-1-foundation-concealer,231,https://cdn.shopify.com/s/files/1/1824/2901/products/1_Conceal_Perfect_Foundation_02_PDP_PoductWithSwatch.png?v=1680289880|https://cdn.shopify.com/s/files/1/1824/2901/files/2.1_PDP_video_C_Pfoundation_THUMBNAIL_4x503a1_9838d3d0-5a36-48fb-b2f7-ef9319f3da15.jpg?v=1686271490|https://cdn.shopify.com/s/files/1/1824/2901/products/1_Conceal_Perfect_Foundation_03A1_PDP_PoductWithSwatch.png?v=1686271490|https://cdn.shopify.com/s/files/1/1824/2901/products/1_Conceal_Perfect_Foundation_00_PDP_PoductWithSwatch.png?v=1686271490|https://cdn.shopify.com/s/files/1/1824/2901/products/1_Conceal_Perfect_Foundation_00A_PDP_PoductWithSwatch.png?v=1686271490|https://cdn.shopify.com/s/files/1/1824/2901/products/1_Conceal_Perfect_Foundation_0A1_PDP_PoductWithSwatch.png?v=1686271490|https://cdn.shopify.com/s/files/1/1824/2901/products/1_Conceal_Perfect_Foundation_0A2_PDP_PoductWithSwatch.png?v=1686271490|https://cdn.shopify.com/s/files/1/1824/2901/products/1_Conceal_Perfect_Foundation_0A3_PDP_PoductWithSwatch.png?v=1686271490,shopify_milani.json,2026-08-21T20:14:28.836431+00:00
117,17,Milani,7965723263152,baked-bronzer-1,Baked Bronzer,,bronzer,bronzer <- 'bronzer' in product_type|title,https://www.milanicosmetics.com/products/baked-bronzer-1,38,https://cdn.shopify.com/s/files/1/1824/2901/files/1_BakedBronzer_01_PDP_PoductWithSwatch.png?v=1765502935|https://cdn.shopify.com/s/files/1/1824/2901/files/PDP_video_baked-bronzer_2025revamp_4x5_THUMBNAIL.png?v=1765561095|https://cdn.shopify.com/s/files/1/1824/2901/files/5_Baked-Bronzer_PDP_Arm_2e4c4e16-b6aa-4b2c-b57f-f5ca49813652.png?v=1765561095|https://cdn.shopify.com/s/files/1/1824/2901/files/Quad_53d358e5-3c33-4b6f-96ce-8e9baba7200b.png?v=1765561095|https://cdn.shopify.com/s/files/1/1824/2901/files/3_Baked-Bronzer_PDP_Stylized_9afe3f54-c803-414e-a772-5041a06ce09b.png?v=1765561095|https://cdn.shopify.com/s/files/1/1824/2901/files/OLD-VS-NEW_bf44e396-c14d-45e4-83a7-3f376affe334.png?v=1765561095|https://cdn.shopify.com/s/files/1/1824/2901/files/What-it-is_bb664b30-7b13-4d9b-8242-504608185ed2.png?v=1765561095|https://cdn.shopify.com/s/files/1/1824/2901/files/Claims_7452e870-cadb-4d74-95ee-af3c31f2854a.png?v=1765561095,shopify_milani.json,2026-08-21T20:14:28.836431+00:00
118,18,Milani,7749259493552,conceal-perfect-blur-out-skin-tint,Conceal + Perfect Blur Out Skin Tint,,foundation,foundation <- 'skin tint' in product_type|title,https://www.milanicosmetics.com/products/conceal-perfect-blur-out-skin-tint,145,https://cdn.shopify.com/s/files/1/1824/2901/files/1_C_P_BlurOutSkinTint_01_PDP_PoductWithSwatch_1.png?v=1734267893|https://cdn.shopify.com/s/files/1/1824/2901/files/3_BlurOutSkinTint_PDP_Stylized_V3.png?v=1734267893|https://cdn.shopify.com/s/files/1/1824/2901/files/PDP_video_C_Pbluroutskintint_4x5_THUMBNAIL.png?v=1734267893|https://cdn.shopify.com/s/files/1/1824/2901/files/6_BlurOutSkinTint_PDP_Infographic_Claims_1.png?v=1762826496|https://cdn.shopify.com/s/files/1/1824/2901/files/6_BlurOutSkinTint_PDP_Infographic_What-it-is_2.png?v=1762826496|https://cdn.shopify.com/s/files/1/1824/2901/files/3_BlurOutSkinTint_PDP_Stylized_V2.png?v=1762826496|https://cdn.shopify.com/s/files/1/1824/2901/files/3_BlurOutSkinTint_PDP_Stylized_V1.png?v=1762826496|https://cdn.shopify.com/s/files/1/1824/2901/files/5_BlurOutSkinTint_PDP_BA_Shade-1_4dc1ff32-234b-4d7a-8430-069391026f13.png?v=1762826496,shopify_milani.json,2026-08-21T20:14:28.836431+00:00
119,19,Milani,164238131215,conceal-perfect-shine-proof-powder,Conceal + Perfect Shine-Proof Powder,,pressed_powder,pressed_powder <- 'powder' in product_type|title,https://www.milanicosmetics.com/products/conceal-perfect-shine-proof-powder,30,https://cdn.shopify.com/s/files/1/1824/2901/files/1_Conceal_Perfect_ShineProofPowder_01_PDP_PoductWithSwatch_80bd5c22-acf6-4c8b-a380-56064f773d68.png?v=1740514496|https://cdn.shopify.com/s/files/1/1824/2901/files/4_C_PShine-ProofPowder_PDP_BA_Medium_3c0dd91a-05dc-4039-ae4d-9cf49b6b1119.png?v=1740516293|https://cdn.shopify.com/s/files/1/1824/2901/files/4_C_PShine-ProofPowder_PDP_BA_Light_d77b040f-7554-4ef6-9e8b-9e8e3d139534.png?v=1740516293|https://cdn.shopify.com/s/files/1/1824/2901/files/6_C_PShine-ProofPowder_PDP_Infographic_3d97fa6a-cb34-4dc5-849b-da2d6f38ded2.png?v=1740516293|https://cdn.shopify.com/s/files/1/1824/2901/files/7_Conceal_Perfect_ShineProofPowder_01_PDP_OpenPoduct_2716ef94-1212-46e5-b1ed-0c2d848666a8.png?v=1740516293|https://cdn.shopify.com/s/files/1/1824/2901/files/8_Conceal_Perfect_ShineProofPowder_01_PDP_Packaging_5319acfc-f16e-4bcd-bd31-9346a8d6ab31.png?v=1740516293|https://cdn.shopify.com/s/files/1/1824/2901/files/10_Conceal_Perfect_ShineProofPowder_01_PDP_ClosedPoduct_6461d4a3-3d2e-46fe-9148-4ccd31d01f59.png?v=1740516293|https://cdn.shopify.com/s/files/1/1824/2901/files/1_Conceal_Perfect_ShineProofPowder_02_PDP_PoductWithSwatch_9408a7de-2b14-40de-8b47-fbe96e3ca4d5.png?v=1740516293,shopify_milani.json,2026-08-21T20:14:28.836431+00:00
120,20,Milani,7155256623280,conceal-perfect-liquid-highlighter,Conceal + Perfect Liquid Highlighter,,highlighter,highlighter <- 'highlight' in product_type|title,https://www.milanicosmetics.com/products/conceal-perfect-liquid-highlighter,32,https://cdn.shopify.com/s/files/1/1824/2901/products/Facelift_Highlighter_01_Lunar_PDP_Product_Swatch.png?v=1659569799|https://cdn.shopify.com/s/files/1/1824/2901/files/2.1_PDP_video_facelift_4x5_Thumbnail_cda9587d-3cda-4844-882c-f2d44e27ced9.png?v=1686249807|https://cdn.shopify.com/s/files/1/1824/2901/products/3_C_PLiquidHighlighter_PDP_Stylized.png?v=1686249807|https://cdn.shopify.com/s/files/1/1824/2901/products/Facelift_PDP_B_A_Model1_1_d46ac4b4-6675-4193-af9f-c42b6ab83d74.png?v=1686249807|https://cdn.shopify.com/s/files/1/1824/2901/products/5_Facelift_PDP_ArmSwatch_2116e889-9308-46d3-b270-46236b6c628f.png?v=1686249807|https://cdn.shopify.com/s/files/1/1824/2901/products/6_C_PLiquidHighlighter_PDP_Infographic.png?v=1686249807|https://cdn.shopify.com/s/files/1/1824/2901/products/Facelift_Highlighter_01_Lunar_PDP_Product_Open.png?v=1686249807|https://cdn.shopify.com/s/files/1/1824/2901/products/8_C_PFacelift_Highlighter_01_PDP_packaging.png?v=1686249807,shopify_milani.json,2026-08-21T20:14:28.836431+00:00
121,21,Milani,11798771663,amore-matte-lip-creme,Amore Matte Lip Crème,,liquid_lipstick,liquid_lipstick <- 'lip crème' in product_type|title,https://www.milanicosmetics.com/products/amore-matte-lip-creme,113,https://cdn.shopify.com/s/files/1/1824/2901/products/MALC_AmoreMatte_10_1.png?v=1570125096|https://cdn.shopify.com/s/files/1/1824/2901/products/MALC_AmoreMatte_10_3.png?v=1586292103|https://cdn.shopify.com/s/files/1/1824/2901/products/MALC_AmoreMatte_10_2.png?v=1586292103|https://cdn.shopify.com/s/files/1/1824/2901/products/MALC_AmoreMatte_11_1.png?v=1570125096|https://cdn.shopify.com/s/files/1/1824/2901/products/MALC_AmoreMatte_11_2.png?v=1570125096|https://cdn.shopify.com/s/files/1/1824/2901/products/MALC_AmoreMatte_11_3.png?v=1570125096|https://cdn.shopify.com/s/files/1/1824/2901/products/MALC_AmoreMatte_12_1.png?v=1570125096|https://cdn.shopify.com/s/files/1/1824/2901/products/MALC_AmoreMatte_12_2.png?v=1570125096,shopify_milani.json,2026-08-21T20:14:28.836431+00:00
122,22,Milani,7965432545456,highly-rated-fan-club-fanning-mascara-1,Highly Rated Fan Club Fanning Mascara,,mascara,mascara <- 'mascara' in product_type|title,https://www.milanicosmetics.com/products/highly-rated-fan-club-fanning-mascara-1,22,https://cdn.shopify.com/s/files/1/1824/2901/files/1_HighlyRated_FanClub_110_PDP_ProductWithSwatch_1.png?v=1764980432|https://cdn.shopify.com/s/files/1/1824/2901/files/PDP_video_fanclub-mascara_4x5_THUMBNAIL.png?v=1765116614|https://cdn.shopify.com/s/files/1/1824/2901/files/6_HR-Fan-Club-Mascara_PDP_Infographic_What-it-is.png?v=1765116614|https://cdn.shopify.com/s/files/1/1824/2901/files/4_HR-Fan-Club-Mascara_PDP_Layering_1.jpg?v=1780596414|https://cdn.shopify.com/s/files/1/1824/2901/files/Claims.png?v=1765116614|https://cdn.shopify.com/s/files/1/1824/2901/files/Hero_Image.png?v=1765116614|https://cdn.shopify.com/s/files/1/1824/2901/files/Wand.png?v=1765116614|https://cdn.shopify.com/s/files/1/1824/2901/files/Black.png?v=1765116614,shopify_milani.json,2026-08-21T20:14:28.836431+00:00
123,23,Milani,11809813711,rose-powder-blush,Rose Powder Blush,,powder_blush,powder_blush <- 'blush' in product_type|title,https://www.milanicosmetics.com/products/rose-powder-blush,48,https://cdn.shopify.com/s/files/1/1824/2901/products/1_RosePowderBlush_01_PDP_ProductWithSwatch.png?v=1680718397|https://cdn.shopify.com/s/files/1/1824/2901/files/2.1_PDP_video_roseblush_THUMBNAIL_4x5_2d917dba-8249-46c4-8786-bf1dbdd1cec7.jpg?v=1683918792|https://cdn.shopify.com/s/files/1/1824/2901/products/3_RosePowderBlush_PDP_Stylized.png?v=1683918792|https://cdn.shopify.com/s/files/1/1824/2901/products/6_RosePowderBlush_PDP_Infographic.png?v=1683918792|https://cdn.shopify.com/s/files/1/1824/2901/products/1_RosePowderBlush_05_PDP_ProductWithSwatch.png?v=1683918792|https://cdn.shopify.com/s/files/1/1824/2901/files/2.1_PDP_video_roseblush_THUMBNAIL_4x5_05.jpg?v=1683919288|https://cdn.shopify.com/s/files/1/1824/2901/products/3_RosePowderBlush_PDP_Stylized_22a89e69-0e57-41d5-89ad-6ad93a8f762b.png?v=1683919288|https://cdn.shopify.com/s/files/1/1824/2901/products/6_RosePowderBlush_PDP_Infographic_22fd16e8-ed5f-4bec-be5b-9dbfe7ad6215.png?v=1683919288,shopify_milani.json,2026-08-21T20:14:28.836431+00:00
124,24,Milani,6675539722416,make-it-last-mattifying-setting-powder,Make It Last Mattifying Setting Powder,,setting_powder,setting_powder <- 'setting powder' in product_type|title,https://www.milanicosmetics.com/products/make-it-last-mattifying-setting-powder,8,https://cdn.shopify.com/s/files/1/1824/2901/files/1_MakeItLast_SettingPowder_110_PDP_PoductWithSwatch.png?v=1687828080|https://cdn.shopify.com/s/files/1/1824/2901/files/2.1_PDP_video_MILsettingpowder_4x5THUMBNAIL.png?v=1688594179|https://cdn.shopify.com/s/files/1/1824/2901/files/3_MakeItLastMattifyingSettingPowder_PDP_Stylized.png?v=1688594179|https://cdn.shopify.com/s/files/1/1824/2901/files/4_MakeItLastMattifyingSettingPowder_PDP_BA.png?v=1688594179|https://cdn.shopify.com/s/files/1/1824/2901/files/6_MakeItLastMattifyingSettingPowder_PDP_Infographic_c6aa5b1d-7fd1-46ab-a938-a0493c89cb03.png?v=1728489418|https://cdn.shopify.com/s/files/1/1824/2901/products/FPW165_MakeitlastSettingPowder_PDP_1_1.png?v=1688594179|https://cdn.shopify.com/s/files/1/1824/2901/files/8_MakeItLast_SettingPowder_110_PDP_Packaging.png?v=1688594179|https://cdn.shopify.com/s/files/1/1824/2901/products/FPW165_MakeitlastSettingPowder_PDP_2_1.png?v=1688594179,shopify_milani.json,2026-08-21T20:14:28.836431+00:00
125,25,Milani,7390351917232,copy-of-understatement-lipliner,Understatement Lipliner Desert Rose,,lip_liner,lip_liner <- 'lipliner' in product_type|title,https://www.milanicosmetics.com/products/copy-of-understatement-lipliner,8,https://cdn.shopify.com/s/files/1/1824/2901/files/1_Understatement_Lipliner_140_PDP_PoductWithSwatch_5c5e8869-3474-4861-8c21-dbd6f2c3f173.png?v=1697502930|https://cdn.shopify.com/s/files/1/1824/2901/files/2.1_PDP_video_understatement-lipliner_4x5_THUMBNAIL_d5e94a0c-eae7-44cb-ba68-bd66765253a8.jpg?v=1697502930|https://cdn.shopify.com/s/files/1/1824/2901/files/4_UnderstatementLipLiner_PDP_Quad_140-DESERT-ROSE_ceb5d956-24cb-40bc-b28b-787a93126134.png?v=1697502931|https://cdn.shopify.com/s/files/1/1824/2901/files/5_UnderstatementLipLiner_PDP_PaperSwatch_bedc5659-624c-4c3b-8d97-d5a8c8f2fda1.png?v=1697502932|https://cdn.shopify.com/s/files/1/1824/2901/files/6_UnderstatementLipLiner_PDP_Infographic_22ec4936-384d-4ac3-9dad-3d28952bf1e5.png?v=1697502932|https://cdn.shopify.com/s/files/1/1824/2901/files/7_Understatement_Lipliner_140_PDP_OpenPoduct_5b903f61-3b01-4e2f-ab36-e785b37a1966.png?v=1697502932|https://cdn.shopify.com/s/files/1/1824/2901/files/8_Understatement_Lipliner_140_PDP_packaging_1d1cf0f3-7f60-4fed-8d6b-b19da74a2262.png?v=1697502933|https://cdn.shopify.com/s/files/1/1824/2901/files/10_Understatement_Lipliner_140_PDP_ClosedPoduct_3a07f303-89b4-473f-b307-f6920f407749.png?v=1697502934,shopify_milani.json,2026-08-21T20:14:28.836431+00:00
126,26,Milani,11809811983,color-statement-lipstick,Color Statement Lipstick,,lipstick,lipstick <- 'lipstick' in product_type|title,https://www.milanicosmetics.com/products/color-statement-lipstick,133,https://cdn.shopify.com/s/files/1/1824/2901/files/1_ColorStatement_Lipstick_03_PDP_ProductWithSwatch.png?v=1687972086|https://cdn.shopify.com/s/files/1/1824/2901/files/2.1_PDP_video_colorstatementlipstick-original_matte_4x5_THUMBNAIL.png?v=1688574374|https://cdn.shopify.com/s/files/1/1824/2901/files/3_ColorStatementLipstick_PDP_Stylized.png?v=1688574374|https://cdn.shopify.com/s/files/1/1824/2901/files/4_ColorStatementLipstick_PDP_Quad.png?v=1688574374|https://cdn.shopify.com/s/files/1/1824/2901/files/5_ColorStatementLipstick_PDP_Arm_2a20baff-230c-4694-a6e2-abba54e2d28b.png?v=1688574374|https://cdn.shopify.com/s/files/1/1824/2901/files/6_ColorStatementLipstick_PDP_Infographic.jpg?v=1756333404|https://cdn.shopify.com/s/files/1/1824/2901/files/7_ColorStatement_Lipstick_03_PDP_OpenProduct.png?v=1756844850|https://cdn.shopify.com/s/files/1/1824/2901/files/8_ColorStatement_Lipstick_03_PDP_Packaging.png?v=1756844850,shopify_milani.json,2026-08-21T20:14:28.836431+00:00
127,27,Milani,8091229552816,highly-rated-diamond-lip-gloss-sca_clone_freegift,🎁 Highly Rated Diamond Lip Gloss (100% off),,lip_gloss,lip_gloss <- 'lip gloss' in product_type|title,https://www.milanicosmetics.com/products/highly-rated-diamond-lip-gloss-sca_clone_freegift,2,https://cdn.shopify.com/s/files/1/1824/2901/files/1_HighlyRated_DiamondGloss_100_PDP_PoductWithSwatch_7b94d635-4fc0-42f3-ba4a-627b2e0fc246.png?v=1785273904|https://cdn.shopify.com/s/files/1/1824/2901/files/1_HighlyRated_DiamondGloss_100_PDP_PoductWithSwatch_5c8950f9-1fd4-45aa-b271-e25017c7144e.png?v=1785273906,shopify_milani.json,2026-08-21T20:14:28.836431+00:00
128,28,Milani,8036507222192,make-it-last-microfine-mist-setting-spray,Make It Last Microfine Mist Setting Spray,,setting_spray,setting_spray <- 'setting spray' in product_type|title,https://www.milanicosmetics.com/products/make-it-last-microfine-mist-setting-spray,11,https://cdn.shopify.com/s/files/1/1824/2901/files/1_MakeItLast_MicrofineMist_06_PDP_PoductWithSwatch.png?v=1778616244|https://cdn.shopify.com/s/files/1/1824/2901/files/PDP_video_microfinemist_4x5_THUMBNAIL.jpg?v=1778616370|https://cdn.shopify.com/s/files/1/1824/2901/files/3_MILMicrofineMist_PDP_Stylized_Model.png?v=1778616244|https://cdn.shopify.com/s/files/1/1824/2901/files/3_MILMicrofineMist_PDP_Stylized_Product.png?v=1778616244|https://cdn.shopify.com/s/files/1/1824/2901/files/6_MILMicrofineMist_PDP_Infographic_Benefits.png?v=1778616244|https://cdn.shopify.com/s/files/1/1824/2901/files/6_MILMicrofineMist_PDP_Infographic_Claims.png?v=1778616244|https://cdn.shopify.com/s/files/1/1824/2901/files/6_MILMicrofineMist_PDP_Infographic_Ingredients.png?v=1778616245|https://cdn.shopify.com/s/files/1/1824/2901/files/6_MILMicrofineMist_PDP_Infographic_MakeItLastCollection.png?v=1778616244,shopify_milani.json,2026-08-21T20:14:28.836431+00:00
129,29,Milani,4343275257950,the-clear-brow,The Clear Brow,,brow,brow <- 'brow' in product_type|title,https://www.milanicosmetics.com/products/the-clear-brow,7,https://cdn.shopify.com/s/files/1/1824/2901/products/Clear_Brow_Gel_Closed_PDP.png?v=1577493736|https://cdn.shopify.com/s/files/1/1824/2901/files/2.1_PDP_video_theclearbrow_4x5_THUMBNAIL.png?v=1688601627|https://cdn.shopify.com/s/files/1/1824/2901/files/3_TheClearBrow_PDP_Stylized.png?v=1688601627|https://cdn.shopify.com/s/files/1/1824/2901/files/6_TheClearBrow_PDP_Infographic_caf21328-2d9a-42c5-a67b-a6a246bce7ae.png?v=1721418050|https://cdn.shopify.com/s/files/1/1824/2901/products/Clear_Brow_Gel_Open_PDP.png?v=1721418057|https://cdn.shopify.com/s/files/1/1824/2901/products/7_TheClearBrow_110_PDP_Packaging_1.png?v=1721418057|https://cdn.shopify.com/s/files/1/1824/2901/files/10_ClearBrow_110_PDP_ClosedPoduct.png?v=1721418057,shopify_milani.json,2026-08-21T20:14:28.836431+00:00
130,30,Milani,7694580220080,conceal-perfect-blur-out-smoothing-primer,Conceal + Perfect Blur Out Smoothing Primer,,primer,primer <- 'primer' in product_type|title,https://www.milanicosmetics.com/products/conceal-perfect-blur-out-smoothing-primer,12,https://cdn.shopify.com/s/files/1/1824/2901/files/1_BlurOut_SoothingPrimer_110_PDP_PoductWithSwatch.png?v=1724433517|https://cdn.shopify.com/s/files/1/1824/2901/files/PDP_VIDEO_BLUROUT-PRIMER_4x5_THUMBNAIL.png?v=1724433649|https://cdn.shopify.com/s/files/1/1824/2901/files/3_C_PBlurOutPrimer_PDP_Stylized.png?v=1724433519|https://cdn.shopify.com/s/files/1/1824/2901/files/4_C_PBlurOutPrimer_PDP_BA_Deep.png?v=1724433516|https://cdn.shopify.com/s/files/1/1824/2901/files/4_C_PBlurOutPrimer_PDP_BA_Deep-claims_0e8f62f1-93d6-4895-bf83-7d49a1f961ef.png?v=1749078669|https://cdn.shopify.com/s/files/1/1824/2901/files/4_C_PBlurOutPrimer_PDP_BA_Light.png?v=1749078669|https://cdn.shopify.com/s/files/1/1824/2901/files/6_C_PBlurOutPrimer_PDP_Infographic_Comparison.png?v=1749078669|https://cdn.shopify.com/s/files/1/1824/2901/files/6_C_PBlurOutPrimer_PDP_Infographic_Comparison2.jpg?v=1749078669,shopify_milani.json,2026-08-21T20:14:28.836431+00:00
131,31,Milani,7241259385008,gilded-mini-eyeshadow-palettes,Gilded Mini Eyeshadow Palettes,,eyeshadow_palette,eyeshadow_palette <- 'eyeshadow palette' in product_type|title,https://www.milanicosmetics.com/products/gilded-mini-eyeshadow-palettes,42,https://cdn.shopify.com/s/files/1/1824/2901/products/1_GildedMini_EyeshadowPalette_WhiskeyBusiess_PDP_ClosedWithSwatches.png?v=1672784383|https://cdn.shopify.com/s/files/1/1824/2901/files/2.1_PDP_video_gildedminipalettes_THUMBNAIL_4X5_ef480553-81b0-4608-8cf0-abd53df9ed76.png?v=1689648540|https://cdn.shopify.com/s/files/1/1824/2901/products/1_GildedMini_EyeshadowPalette_It_sAllRose_PDP_ClosedWithSwatches.png?v=1689648540|https://cdn.shopify.com/s/files/1/1824/2901/products/1_GildedMini_EyeshadowPalette_ChampagneProblems_PDP_ClosedWithSwatches.png?v=1689648540|https://cdn.shopify.com/s/files/1/1824/2901/products/1_GildedMini_EyeshadowPalette_TheWineDown_PDP_ClosedWithSwatches.png?v=1689648540|https://cdn.shopify.com/s/files/1/1824/2901/products/1_GildedMini_EyeshadowPalette_CallMeOldFashioned_PDP_ClosedWithSwatches.png?v=1689648540|https://cdn.shopify.com/s/files/1/1824/2901/files/2.1_PDP_video_gildedminipalettes_THUMBNAIL_4X5_5b057b3f-5716-40db-943c-8bf0cc524a2c.jpg?v=1689648540|https://cdn.shopify.com/s/files/1/1824/2901/files/2.1_PDP_video_gildedminipalettes_THUMBNAIL_4X5_bc53bd07-7393-42a9-803c-06259e055730.jpg?v=1689648540,shopify_milani.json,2026-08-21T20:14:28.836431+00:00
132,32,Milani,1623311188062,conceal-perfect-longwear-concealer,Conceal + Perfect Longwear Concealer,,concealer,concealer <- 'concealer' in product_type|title,https://www.milanicosmetics.com/products/conceal-perfect-longwear-concealer,135,https://cdn.shopify.com/s/files/1/1824/2901/files/1_Conceal_Perfect_Concealer_105_PDP_PoductWithSwatch.png?v=1688053472|https://cdn.shopify.com/s/files/1/1824/2901/files/2.1_PDP_video_C_Pconcealer_4x5_THUMBNAIL.png?v=1688575749|https://cdn.shopify.com/s/files/1/1824/2901/files/3_C_PLongWearConcealer_PDP_Stylized.png?v=1688575749|https://cdn.shopify.com/s/files/1/1824/2901/files/4_C_PLongWearConcealer_PDP_BA_Deep.png?v=1688575749|https://cdn.shopify.com/s/files/1/1824/2901/files/4_C_PLongWearConcealer_PDP_BA_LIGHT.png?v=1688575749|https://cdn.shopify.com/s/files/1/1824/2901/files/4_C_PLongWearConcealer_PDP_BA_MEDIUM_e6fd7f47-9923-46a3-a66c-07c26e206864.png?v=1688575749|https://cdn.shopify.com/s/files/1/1824/2901/files/5_C_PLongWearConcealer_PDP_Arm.png?v=1688575749|https://cdn.shopify.com/s/files/1/1824/2901/files/6_C_PLongWearConcealer_PDP_Infographic.png?v=1688575749,shopify_milani.json,2026-08-21T20:14:28.836431+00:00
133,33,Milani,1594921451614,silky-matte-bronzing-powder,Silky Matte Bronzing Powder,,bronzer,bronzer <- 'bronzing' in product_type|title,https://www.milanicosmetics.com/products/silky-matte-bronzing-powder,24,https://cdn.shopify.com/s/files/1/1824/2901/files/1_SilkyMatteBronzer_01_PDP_PoductWithSwatch.png?v=1688678372|https://cdn.shopify.com/s/files/1/1824/2901/files/2.1_PDP_video_silkymattebronzer_4x5_THUMBNAIL.png?v=1688679627|https://cdn.shopify.com/s/files/1/1824/2901/files/3_SilkyMatteBronzingPowder_PDP_Stylized.png?v=1688679627|https://cdn.shopify.com/s/files/1/1824/2901/files/4_SilkyMatteBronzingPowder_PDP_BA_Light.png?v=1688679627|https://cdn.shopify.com/s/files/1/1824/2901/files/4_SilkyMatteBronzingPowder_PDP_BA_Medium_6c7f4c84-a670-47bc-bf9e-daafe9bcf968.png?v=1688679980|https://cdn.shopify.com/s/files/1/1824/2901/files/5_SilkyMatteBronzingPowder_PDP_Arm.png?v=1688679980|https://cdn.shopify.com/s/files/1/1824/2901/files/6_SilkyMatteBronzingPowder_PDP_Infographic.png?v=1688679980|https://cdn.shopify.com/s/files/1/1824/2901/files/7_SilkyMatteBronzer_01_PDP_OpenPoduct.png?v=1688679980,shopify_milani.json,2026-08-21T20:14:28.836431+00:00
134,34,Milani,7241261908144,conceal-perfect-blur-out-powder,Conceal + Perfect Blur Out Powder,,pressed_powder,pressed_powder <- 'powder' in product_type|title,https://www.milanicosmetics.com/products/conceal-perfect-blur-out-powder,19,https://cdn.shopify.com/s/files/1/1824/2901/files/1_C_P_BlurOutPowder_BANANA_PDP_ClosedWithSwatch.png?v=1696351584|https://cdn.shopify.com/s/files/1/1824/2901/files/2_BananaBlurOutPowder_PDP_Video_4X5_Thumbnail.png?v=1696351584|https://cdn.shopify.com/s/files/1/1824/2901/files/3__C_P_BlurOutPowder_BANANA_PDP_Stylized.png?v=1696351584|https://cdn.shopify.com/s/files/1/1824/2901/files/4_C_P_BlurOutPowder_BANANA_PDP_B_A.png?v=1696351584|https://cdn.shopify.com/s/files/1/1824/2901/files/6_C_P_BlurOutPowder_BANANA_PDP_Infographic.png?v=1696351584|https://cdn.shopify.com/s/files/1/1824/2901/files/7_C_P_BlurOutPowder_BANANA_PDP_OpenProduct.png?v=1696351584|https://cdn.shopify.com/s/files/1/1824/2901/files/8_C_P_BlurOutPowder_BANANA_PDP_Packaging.png?v=1696351584|https://cdn.shopify.com/s/files/1/1824/2901/files/C_P_BlurOutPowder_BANANA_PDP_Closed.png?v=1696351584,shopify_milani.json,2026-08-21T20:14:28.836431+00:00
135,35,Milani,71692255247,stellar-lights-holographic-face-palette,Stellar Lights Highlighter Palette - Rose Glow,,highlighter,highlighter <- 'highlight' in product_type|title,https://www.milanicosmetics.com/products/stellar-lights-holographic-face-palette,8,https://cdn.shopify.com/s/files/1/1824/2901/files/1_StellarLights_03_PDP_PoductWithSwatch.png?v=1688668712|https://cdn.shopify.com/s/files/1/1824/2901/files/2.1_PDP_video_stellarlightspalette_4x5_THUMBNAIL.jpg?v=1688668762|https://cdn.shopify.com/s/files/1/1824/2901/files/3_StellarLightsHighlighterPalette_PDP_Stylized.png?v=1688668762|https://cdn.shopify.com/s/files/1/1824/2901/files/5_StellarLightsHighlighterPalette_PDP_Arm.png?v=1688668762|https://cdn.shopify.com/s/files/1/1824/2901/files/6_StellarLightsHighlighterPalette_PDP_Infographic.png?v=1688668762|https://cdn.shopify.com/s/files/1/1824/2901/files/7_StellarLights_03_PDP_OpenPoduct.png?v=1688668762|https://cdn.shopify.com/s/files/1/1824/2901/files/8_StellarLights_03_PDP_Packaging.png?v=1688668762|https://cdn.shopify.com/s/files/1/1824/2901/files/10_StellarLights_03_PDP_ClosedPoduct.png?v=1688668762,shopify_milani.json,2026-08-21T20:14:28.836431+00:00
136,36,Milani,7219891273904,stay-put-liquid-lip,Stay Put Liquid Lip Longwear Lipstick,,liquid_lipstick,liquid_lipstick <- 'liquid lip' in product_type|title,https://www.milanicosmetics.com/products/stay-put-liquid-lip,74,https://cdn.shopify.com/s/files/1/1824/2901/products/1_StayPut_LongwearLip_01_PDP_ProductWithSwatch.png?v=1676056045|https://cdn.shopify.com/s/files/1/1824/2901/files/2.1_PDP_video_stayputliquidlip_4x5_THUMBNAIL.png?v=1688688902|https://cdn.shopify.com/s/files/1/1824/2901/files/3_StayPutLiquidLip_PDP_Stylized.png?v=1688692636|https://cdn.shopify.com/s/files/1/1824/2901/files/StayPut_LiquidLip_Quad_01_GlowUp.jpg?v=1688692636|https://cdn.shopify.com/s/files/1/1824/2901/files/6_StayPutLiquidLip_ArmSwatch_Infographic.png?v=1688693997|https://cdn.shopify.com/s/files/1/1824/2901/products/2_StayPut_LongwearLip_01_PDP_OpenProduct.png?v=1688694189|https://cdn.shopify.com/s/files/1/1824/2901/files/8_StayPut_LongwearLip_110_PDP_Packaging.png?v=1688694189|https://cdn.shopify.com/s/files/1/1824/2901/files/10_StayPut_LongwearLip_01_PDP_ClosedProduct.png?v=1688694189,shopify_milani.json,2026-08-21T20:14:28.836431+00:00
137,37,Milani,7233552810160,highly-rated-mascara,Highly Rated Mascara,,mascara,mascara <- 'mascara' in product_type|title,https://www.milanicosmetics.com/products/highly-rated-mascara,7,https://cdn.shopify.com/s/files/1/1824/2901/files/1_HighlyRated_Mascara_111_PDP_ProductWithSwatch.png?v=1687913271|https://cdn.shopify.com/s/files/1/1824/2901/files/2.1_PDP_video_highyratedmascara_4x5_THUMBNAIL.png?v=1688683500|https://cdn.shopify.com/s/files/1/1824/2901/files/3_HighlyRatedMascara_PDP_Stylized.png?v=1688683500|https://cdn.shopify.com/s/files/1/1824/2901/files/6_HighlyRatedMascara_PDP_Infographic.png?v=1688683500|https://cdn.shopify.com/s/files/1/1824/2901/files/7_HighlyRated_Mascara_111_PDP_OpenProduct.png?v=1688683500|https://cdn.shopify.com/s/files/1/1824/2901/files/8_HighlyRated_Mascara_111_PDP_Packaging.png?v=1688683500|https://cdn.shopify.com/s/files/1/1824/2901/files/10_HighlyRated_Mascara_111_PDP_ClosedProduct.png?v=1688683500,shopify_milani.json,2026-08-21T20:14:28.836431+00:00
138,38,Milani,7691328553136,cheek-kiss-blush-glow,Cheek Kiss Blush + Glow,,powder_blush,powder_blush <- 'blush' in product_type|title,https://www.milanicosmetics.com/products/cheek-kiss-blush-glow,44,https://cdn.shopify.com/s/files/1/1824/2901/files/1_CheekKiss_BlushGlow_110_PDP_PoductWithSwatch.png?v=1725654502|https://cdn.shopify.com/s/files/1/1824/2901/files/2.1_PDP_VIDEO_BLUSH_GLOW_4X5_THUMBNAIL.png?v=1725655248|https://cdn.shopify.com/s/files/1/1824/2901/files/4_CheekKissBlushGlow_PDP_BA-Quad.png?v=1725654996|https://cdn.shopify.com/s/files/1/1824/2901/files/4_CheekKissBlushGlow_PDP_BA-Quad_110-LUMINOSO.png?v=1725654484|https://cdn.shopify.com/s/files/1/1824/2901/files/5_CheekKissBlushGlow_PDP_Arm_1.png?v=1725915000|https://cdn.shopify.com/s/files/1/1824/2901/files/6_CheekKissBlushGlow_PDP_Infographic.png?v=1725654984|https://cdn.shopify.com/s/files/1/1824/2901/files/7_CheekKissBlushGlow_PDP_ModelStylized_110.png?v=1725654484|https://cdn.shopify.com/s/files/1/1824/2901/files/7_CheekKiss_BlushGlow_110_PDP_OpenPoduct.png?v=1725654502,shopify_milani.json,2026-08-21T20:14:28.836431+00:00
139,39,Milani,11809814159,color-statement-lipliner,Color Statement Lipliner,,lip_liner,lip_liner <- 'lipliner' in product_type|title,https://www.milanicosmetics.com/products/color-statement-lipliner,48,https://cdn.shopify.com/s/files/1/1824/2901/files/1_ColorStatement_Lipliner_02_PDP_PoductWithSwatch.png?v=1688166670|https://cdn.shopify.com/s/files/1/1824/2901/files/2.1_PDP_Video_colorstatement-lipliner_4x5_THUMBNAIL.jpg?v=1688603218|https://cdn.shopify.com/s/files/1/1824/2901/files/3_ColorStatementLipliner_PDP_Stylized.png?v=1688603218|https://cdn.shopify.com/s/files/1/1824/2901/files/4_ColorStatementLipliner_PDP_Quad_02-TRUE-RED.png?v=1688603218|https://cdn.shopify.com/s/files/1/1824/2901/files/5_ColorStatementLipliner_PDP_PaperSwatch.png?v=1688603218|https://cdn.shopify.com/s/files/1/1824/2901/files/6_ColorStatementLipliner_PDP_Infographic.jpg?v=1721416048|https://cdn.shopify.com/s/files/1/1824/2901/files/7_ColorStatement_Lipliner_02_PDP_OpenPoduct.png?v=1721416102|https://cdn.shopify.com/s/files/1/1824/2901/files/8_ColorStatement_Lipliner_02_PDP_Packaging.png?v=1721416102,shopify_milani.json,2026-08-21T20:14:28.836431+00:00
140,40,Milani,7057313497264,color-fetish-balm-lipstick-voyeur,Color Fetish Balm Lipstick - Voyeur,,lipstick,lipstick <- 'lipstick' in product_type|title,https://www.milanicosmetics.com/products/color-fetish-balm-lipstick-voyeur,7,https://cdn.shopify.com/s/files/1/1824/2901/products/LLS176_ColorFetishLipstick_160_RGB_300_Product_4fef915b-0da0-4942-8a1e-f32ccc3d84e1.png?v=1646968440|https://cdn.shopify.com/s/files/1/1824/2901/products/LLS176_ColorFetishLipstick_160_RGB_300_Lips2_6b7c6d05-fec4-4fba-ae0b-6dedc927a951.jpg?v=1646968593|https://cdn.shopify.com/s/files/1/1824/2901/products/LLS176_ColorFetishLipstick_160_RGB_300_Lips_2c8d4664-9a5e-49c2-a43a-35b60d0b85e9.jpg?v=1646968593|https://cdn.shopify.com/s/files/1/1824/2901/products/ColorFetishBalmLipstick_Demille_LipSwatch_VOYEUR_PDP_1dfae5bc-bc01-4877-83e7-f2f0cd93a740.jpg?v=1646968593|https://cdn.shopify.com/s/files/1/1824/2901/products/ColorFetish_160_VOYEUR_0fbe7a6e-a968-4199-919d-f8e174e55411.png?v=1646968593|https://cdn.shopify.com/s/files/1/1824/2901/products/LLS176_ColorFetishLipstick_160_RGB_300_Product_Closed_dd9f5013-f39c-41d0-b7e2-2f3711e6920a.png?v=1646968593|https://cdn.shopify.com/s/files/1/1824/2901/products/LLS176_ColorFetishLipstick_160_RGB_300_Product_Open_d24e24e1-c266-4f69-96e4-f0e52abce43f.png?v=1646968593,shopify_milani.json,2026-08-21T20:14:28.836431+00:00
141,41,Milani,7266761408688,copy-of-fruit-fetish-lip-oils,Fruit Fetish Lip Oils - Passionfruit Coconut,,lip_gloss,lip_gloss <- 'lip oil' in product_type|title,https://www.milanicosmetics.com/products/copy-of-fruit-fetish-lip-oils,7,https://cdn.shopify.com/s/files/1/1824/2901/products/LOI175_FRUIT-FETISH-LIP-OIL_110_PDP_1_819cfa84-8a85-4e78-a595-9cb2a02d73a9.png?v=1673546826|https://cdn.shopify.com/s/files/1/1824/2901/products/FruitFetish_LipOils_110_PassionCoconut_PDP_Safai_Lipswatch_19d0d898-5d7d-47fc-ac0f-1c1ab13f4f4b.png?v=1673546826|https://cdn.shopify.com/s/files/1/1824/2901/products/LOI175_FRUIT-FETISH-LIP-OIL_110_PDP_4_76e05967-6a66-4683-b75e-528e9a8e32e1.png?v=1673546826|https://cdn.shopify.com/s/files/1/1824/2901/products/LOI175_FRUIT-FETISH-LIP-OIL_110_PDP_1_1_60f6b327-2b1c-4b94-8c03-83fdc9b48490.png?v=1673546826|https://cdn.shopify.com/s/files/1/1824/2901/products/LOI175_FRUIT-FETISH-LIP-OIL_110_PDP_2_cee3b077-660c-4fd2-b6a3-ebe745550dfb.png?v=1673546826|https://cdn.shopify.com/s/files/1/1824/2901/products/LOI175_FRUIT-FETISH-LIP-OIL_110_PDP_3_c49379a1-94f4-44c8-95ae-905d85052435.png?v=1673546826|https://cdn.shopify.com/s/files/1/1824/2901/products/FruitFetish_LipOil_PDP_Video_Thumbnail_PassionFruitCoconut_0a9159b3-6efc-474a-9780-c9e70d8eea1e.png?v=1673546829,shopify_milani.json,2026-08-21T20:14:28.836431+00:00
142,42,Milani,4294219956318,make-it-last-setting-spray-jumbo-size,Make It Last Original - Natural Finish Setting Spray Jumbo Size,,setting_spray,setting_spray <- 'setting spray' in product_type|title,https://www.milanicosmetics.com/products/make-it-last-setting-spray-jumbo-size,9,https://cdn.shopify.com/s/files/1/1824/2901/files/1_MakeItLast_JumboSettingSpray_01_PDP_PoductWithSwatch_1.png?v=1717008875|https://cdn.shopify.com/s/files/1/1824/2901/files/1_MakeItLast_JumboSettingSpray_01_PDP_PoductWithSwatch_Seal_2.png?v=1717008875|https://cdn.shopify.com/s/files/1/1824/2901/files/2.1_PDP_video_MILsettingspray_jumbo_4x5_THUMBNAIL.png?v=1717008875|https://cdn.shopify.com/s/files/1/1824/2901/files/3_MakeItLastSettingSprayJumbo_PDP_Stylized.png?v=1717008875|https://cdn.shopify.com/s/files/1/1824/2901/files/4_MakeItLastSettingSpray_PDP_BA-Quad_f0394c27-dda2-4f2b-b824-3808b5e3c5cd.png?v=1717008875|https://cdn.shopify.com/s/files/1/1824/2901/files/6_MakeItLastSettingSprayJumbo_PDP_Infographic.png?v=1717008875|https://cdn.shopify.com/s/files/1/1824/2901/files/6_MakeItLastSettingSprayJumbo_PDP_Infographic_V2.png?v=1717008875|https://cdn.shopify.com/s/files/1/1824/2901/files/7_MakeItLast_JumboSettingSpray_01_PDP_OpenPoduct.png?v=1717008875,shopify_milani.json,2026-08-21T20:14:28.836431+00:00
143,43,Milani,4545713766494,weekend-brow-eyebrow-tint,Weekend Brow Eyebrow Tint,,brow,brow <- 'brow' in product_type|title,https://www.milanicosmetics.com/products/weekend-brow-eyebrow-tint,22,https://cdn.shopify.com/s/files/1/1824/2901/files/1_WeekendBrow_120_PDP_PoductWithSwatch.png?v=1688163223|https://cdn.shopify.com/s/files/1/1824/2901/files/2.1_PDP_video_weekendbrow_4x5_THUMBNAIL.png?v=1688602673|https://cdn.shopify.com/s/files/1/1824/2901/files/3_WeekendBrowBrowTint_PDP_Stylized.png?v=1688602673|https://cdn.shopify.com/s/files/1/1824/2901/files/4_WeekendBrowBrowTint_PDP_BA-Quad.png?v=1688602673|https://cdn.shopify.com/s/files/1/1824/2901/files/5_WeekendBrowBrowTint_PDP_PaperSwatch.png?v=1688602673|https://cdn.shopify.com/s/files/1/1824/2901/files/6_WeekendBrowBrowTint_PDP_Infographic_39c6aba7-e584-408f-908f-b581621f2ac9.jpg?v=1721409549|https://cdn.shopify.com/s/files/1/1824/2901/files/7_WeekendBrow_120_PDP_OpenPoduct.png?v=1721409560|https://cdn.shopify.com/s/files/1/1824/2901/files/8_WeekendBrow_120_PDP_Packaging.png?v=1721409560,shopify_milani.json,2026-08-21T20:14:28.836431+00:00
144,44,Milani,7088605921456,erase-base-blemish-control-primer,Erase Base Blemish Control Primer,,primer,primer <- 'primer' in product_type|title,https://www.milanicosmetics.com/products/erase-base-blemish-control-primer,7,https://cdn.shopify.com/s/files/1/1824/2901/files/1_EraseBase_Primer_160_PDP_PoductWithSwatch.png?v=1687831396|https://cdn.shopify.com/s/files/1/1824/2901/files/2.1_PDP_video_primer-erasebase_4x5_THUMBNAIL_1.png?v=1688576619|https://cdn.shopify.com/s/files/1/1824/2901/files/3_EraseBaseBlemishControlPrimer_PDP_Stylized.png?v=1688576619|https://cdn.shopify.com/s/files/1/1824/2901/files/5_EraseBaseBlemishControlPrimer_PDP_PaperSwatch.png?v=1688576619|https://cdn.shopify.com/s/files/1/1824/2901/files/6_EraseBaseBlemishControlPrimer_PDP_Infographic.png?v=1688576619|https://cdn.shopify.com/s/files/1/1824/2901/files/8_EraseBase_Primer_160_PDP_Packaging.png?v=1688576619|https://cdn.shopify.com/s/files/1/1824/2901/products/EraseBase_PDP_Product.png?v=1688576619,shopify_milani.json,2026-08-21T20:14:28.836431+00:00
145,45,Milani,7601847763120,conceal-perfect-sun-kissed-liquid-bronzing-drops,Conceal + Perfect Sun Kissed Liquid Bronzing Drops,,bronzer,bronzer <- 'bronzing' in product_type|title,https://www.milanicosmetics.com/products/conceal-perfect-sun-kissed-liquid-bronzing-drops,28,https://cdn.shopify.com/s/files/1/1824/2901/files/1_Conceal_Perfect_BronzingDrops_110_PDP_PoductWithSwatch.png?v=1717798407|https://cdn.shopify.com/s/files/1/1824/2901/files/2.1_PDP_C_P-BRONZEDROPS_VIDEO_4X5_THUMBNAIL_copy.png?v=1717798903|https://cdn.shopify.com/s/files/1/1824/2901/files/3_BronzingDrops_PDP_Stylized_Product.png?v=1717803661|https://cdn.shopify.com/s/files/1/1824/2901/files/4_BronzingDrops_PDP_BA-Quad_110.png?v=1717804386|https://cdn.shopify.com/s/files/1/1824/2901/files/3_BronzingDrops_PDP_Stylized_Model-110.png?v=1717803727|https://cdn.shopify.com/s/files/1/1824/2901/files/5_BronzingDrops_PDP_Arm.png?v=1717803661|https://cdn.shopify.com/s/files/1/1824/2901/files/6_BronzingDrops_PDP_Infographic_Ways-to-glow.png?v=1717803549|https://cdn.shopify.com/s/files/1/1824/2901/files/6_BronzingDrops_PDP_Infographic_Ingredients.png?v=1717803549,shopify_milani.json,2026-08-21T20:14:28.836431+00:00
146,46,Milani,10460022607,strobelight-instant-glow-powder,Strobelight Instant Glow Powder Highlighter,,highlighter,highlighter <- 'strobe' in product_type|title,https://www.milanicosmetics.com/products/strobelight-instant-glow-powder,21,https://cdn.shopify.com/s/files/1/1824/2901/files/1_StrobeLight_01_PDP_PoductWithSwatch.png?v=1688667661|https://cdn.shopify.com/s/files/1/1824/2901/files/3_StrobelightInstantGlowPowderHighlighter_PDP_Stylized.png?v=1773260744|https://cdn.shopify.com/s/files/1/1824/2901/files/5_StrobelightInstantGlowPowderHighlighter_PDP_Arm.png?v=1773260744|https://cdn.shopify.com/s/files/1/1824/2901/files/6_StrobelightInstantGlowPowderHighlighter_PDP_Infographic.png?v=1773260744|https://cdn.shopify.com/s/files/1/1824/2901/files/7_StrobeLight_01_PDP_OpenPoduct.png?v=1773260744|https://cdn.shopify.com/s/files/1/1824/2901/files/8_Stroblight_01_PDP_Packaging.png?v=1773260744|https://cdn.shopify.com/s/files/1/1824/2901/files/10_StrobeLight_01_PDP_ClosedPoduct.png?v=1773260744|https://cdn.shopify.com/s/files/1/1824/2901/files/1_StrobeLight_03_PDP_PoductWithSwatch.png?v=1773260744,shopify_milani.json,2026-08-21T20:14:28.836431+00:00
147,47,Milani,7390394417328,highly-rated-anti-gravity-mascara-waterproof,Highly Rated Anti-Gravity Waterproof Mascara,,mascara,mascara <- 'mascara' in product_type|title,https://www.milanicosmetics.com/products/highly-rated-anti-gravity-mascara-waterproof,8,https://cdn.shopify.com/s/files/1/1824/2901/files/1_HighlyRated_AntiGravity_120_PDP_ProductWithSwatch.png?v=1705001069|https://cdn.shopify.com/s/files/1/1824/2901/files/Untitled-11.png?v=1705708400|https://cdn.shopify.com/s/files/1/1824/2901/files/3_HighlyRated_WaterproofMascara_PDP_Stylized.png?v=1705708400|https://cdn.shopify.com/s/files/1/1824/2901/files/4_HighlyRated_WaterproofMascara_PDP_BA-Quad.png?v=1705708400|https://cdn.shopify.com/s/files/1/1824/2901/files/6_HighlyRated_WaterproofMascara_PDP_Infographic.png?v=1706052873|https://cdn.shopify.com/s/files/1/1824/2901/files/7_HighlyRated_AntiGravity_120_PDP_OpenProduct.png?v=1706052873|https://cdn.shopify.com/s/files/1/1824/2901/files/8_HighlyRated_AntiGravity_120_PDP_Packaging_Front.png?v=1706052873|https://cdn.shopify.com/s/files/1/1824/2901/files/10_HighlyRated_AntiGravity_120_PDP_ClosedProduct.png?v=1706052873,shopify_milani.json,2026-08-21T20:14:28.836431+00:00
148,48,Milani,4343252320350,understatment-lipliners,Understatement Lipliner,,lip_liner,lip_liner <- 'lipliner' in product_type|title,https://www.milanicosmetics.com/products/understatment-lipliners,68,https://cdn.shopify.com/s/files/1/1824/2901/files/1_Understatement_Lipliner_110_PDP_PoductWithSwatch.png?v=1688157450|https://cdn.shopify.com/s/files/1/1824/2901/files/2.1_PDP_video_understatement-lipliner_4x5_THUMBNAIL.jpg?v=1688602028|https://cdn.shopify.com/s/files/1/1824/2901/files/3_UnderstatementLipLiner_PDP_Stylized.png?v=1688602028|https://cdn.shopify.com/s/files/1/1824/2901/files/4_UnderstatementLipLiner_PDP_Quad_110-NUDE-ENTRANCE.png?v=1688602028|https://cdn.shopify.com/s/files/1/1824/2901/files/5_UnderstatementLipLiner_PDP_PaperSwatch.png?v=1688602028|https://cdn.shopify.com/s/files/1/1824/2901/files/6_UnderstatementLipLiner_PDP_Infographic.jpg?v=1721415599|https://cdn.shopify.com/s/files/1/1824/2901/files/7_Understatement_Lipliner_110_PDP_OpenPoduct.png?v=1721415665|https://cdn.shopify.com/s/files/1/1824/2901/files/8_Understatement_Lipliner_110_PDP_packaging.png?v=1721415665,shopify_milani.json,2026-08-21T20:14:28.836431+00:00
149,49,Milani,55849058319,color-statement-matte-lipstick,Color Statement Matte Lipstick,,lipstick,lipstick <- 'lipstick' in product_type|title,https://www.milanicosmetics.com/products/color-statement-matte-lipstick,86,https://cdn.shopify.com/s/files/1/1824/2901/files/2.1_PDP_video_colorstatementlipstick-original_matte_4x5_THUMBNAIL_7600a5e3-7c20-4341-976b-d5d4fb3abca6.png?v=1688575035|https://cdn.shopify.com/s/files/1/1824/2901/files/1_ColorStatement_MatteLipstick_77_PDP_ProductWithSwatch.png?v=1688575035|https://cdn.shopify.com/s/files/1/1824/2901/files/1_ColorStatement_MatteLipstick_80_PDP_ProductWithSwatch.png?v=1688575035|https://cdn.shopify.com/s/files/1/1824/2901/files/1_ColorStatement_MatteLipstick_67_PDP_ProductWithSwatch.png?v=1688575035|https://cdn.shopify.com/s/files/1/1824/2901/files/1_ColorStatement_MatteLipstick_69_PDP_ProductWithSwatch.png?v=1688575035|https://cdn.shopify.com/s/files/1/1824/2901/products/1_ColorStatement_MatteLipstick_61_PDP_ProductWithSwatch.png?v=1688575035|https://cdn.shopify.com/s/files/1/1824/2901/products/1_ColorStatement_MatteLipstick_65_PDP_ProductWithSwatch.png?v=1688575035|https://cdn.shopify.com/s/files/1/1824/2901/products/1_ColorStatement_MatteLipstick_67_PDP_ProductWithSwatch.png?v=1688575035,shopify_milani.json,2026-08-21T20:14:28.836431+00:00
150,50,Milani,6662799032496,highly-rated-diamond-lip-gloss,Highly Rated Diamond Lip Gloss,,lip_gloss,lip_gloss <- 'lip gloss' in product_type|title,https://www.milanicosmetics.com/products/highly-rated-diamond-lip-gloss,8,https://cdn.shopify.com/s/files/1/1824/2901/files/1_HighlyRated_DiamondGloss_100_PDP_PoductWithSwatch.png?v=1687832923|https://cdn.shopify.com/s/files/1/1824/2901/files/2.1_PDP_video_diamondgloss_4x5_THUMBNAIL.jpg?v=1688580066|https://cdn.shopify.com/s/files/1/1824/2901/files/4_HighlyRatedDiamondLipGloss_PDP_BA_436e9788-97c5-48bf-b8d5-fbf10bda70e4.png?v=1742337506|https://cdn.shopify.com/s/files/1/1824/2901/files/3_HighlyRatedDiamondLipGloss_PDP_Stylized.png?v=1742337506|https://cdn.shopify.com/s/files/1/1824/2901/files/6_HighlyRatedDiamondLipGloss_PDP_Infographic_862034c1-5223-4c5a-ae43-38b45e6beff5.png?v=1742337506|https://cdn.shopify.com/s/files/1/1824/2901/files/7_HighlyRated_DiamondGloss_100_PDP_OpenPoduct.png?v=1742337506|https://cdn.shopify.com/s/files/1/1824/2901/files/8_HighlyRated_DiamondGloss_100_PDP_Packaging.png?v=1742337506|https://cdn.shopify.com/s/files/1/1824/2901/files/10_HighlyRated_DiamondGloss_100_PDP_ClosedPoduct.png?v=1742337506,shopify_milani.json,2026-08-21T20:14:28.836431+00:00
151,1,Physicians Formula,10034490966325,mineral-wear-diamond-perfector-color-correcting-primer,Mineral Wear® Diamond Perfector™ Color-Correcting Primer,Face Primers,primer,primer <- 'primer' in product_type|title,https://www.physiciansformula.com/products/mineral-wear-diamond-perfector-color-correcting-primer,3,https://cdn.shopify.com/s/files/1/0932/3547/8837/files/nhenx1l7aklx1hl5gcmg.jpg?v=1742575948|https://cdn.shopify.com/s/files/1/0932/3547/8837/files/t51e2rzhskj0na1x73za.jpg?v=1742575949|https://cdn.shopify.com/s/files/1/0932/3547/8837/files/on4fb3vhbkydmiojlwp9.jpg?v=1742575949,shopify_physicians_formula.json,2026-08-21T20:14:41.077411+00:00
152,2,Physicians Formula,10034455347509,powder-paletter-multi-colored-face-powder-buff,Powder Palette® Multi-Colored Face Powder | Buff,Face Powder,pressed_powder,pressed_powder <- 'face powder' in product_type|title,https://www.physiciansformula.com/products/powder-paletter-multi-colored-face-powder-buff,3,https://cdn.shopify.com/s/files/1/0932/3547/8837/files/2715-Front.jpg?v=1742572864|https://cdn.shopify.com/s/files/1/0932/3547/8837/files/2715-Open.jpg?v=1742572864|https://cdn.shopify.com/s/files/1/0932/3547/8837/files/2715-Swatch.jpg?v=1742572864,shopify_physicians_formula.json,2026-08-21T20:14:41.077411+00:00
153,3,Physicians Formula,10034476745013,butter-blowout-mascara-black,Butter Blowout Mascara,Mascaras,mascara,mascara <- 'mascara' in product_type|title,https://www.physiciansformula.com/products/butter-blowout-mascara-black,4,https://cdn.shopify.com/s/files/1/0932/3547/8837/files/1711769_murumurubutterbutterblowoutmascara_front.png?v=1742574407|https://cdn.shopify.com/s/files/1/0932/3547/8837/files/1711769_murumurubutterbutterblowoutmascara_open.png?v=1742574407|https://cdn.shopify.com/s/files/1/0932/3547/8837/files/1711769_butter_blowout_mascara_swatch.png?v=1742574407|https://cdn.shopify.com/s/files/1/0932/3547/8837/files/1711769_4.jpg?v=1742574407,shopify_physicians_formula.json,2026-08-21T20:14:41.077411+00:00
154,4,Physicians Formula,10034469470517,rose-all-play-eyeshadow-bouquet,Rosé All Play Eyeshadow Bouquet,Eye Shadows,eyeshadow_single,eyeshadow_single <- 'eye shadow' in product_type|title,https://www.physiciansformula.com/products/rose-all-play-eyeshadow-bouquet,6,https://cdn.shopify.com/s/files/1/0932/3547/8837/files/1711516.jpg?v=1742574012|https://cdn.shopify.com/s/files/1/0932/3547/8837/files/1711516_2.jpg?v=1742574012|https://cdn.shopify.com/s/files/1/0932/3547/8837/files/Rose-All-Play-Eyeshadow-Bouquet-Swatches.jpg?v=1742574012|https://cdn.shopify.com/s/files/1/0932/3547/8837/files/1711516_11.jpg?v=1742574012|https://cdn.shopify.com/s/files/1/0932/3547/8837/files/Rose-All-Play-Eyeshadow-Bouquet-Model-Eye.jpg?v=1742574012|https://cdn.shopify.com/s/files/1/0932/3547/8837/files/1711516_6_1.jpg?v=1742574012,shopify_physicians_formula.json,2026-08-21T20:14:41.077411+00:00
155,5,Physicians Formula,10034460786997,butter-highlighter-champagne,Murumuru Butter Highlighter | Champagne,Highlighters & Luminizers,highlighter,highlighter <- 'highlight' in product_type|title,https://www.physiciansformula.com/products/butter-highlighter-champagne,3,https://cdn.shopify.com/s/files/1/0932/3547/8837/files/pf10575_case_closed_2020_f8032ae2-df80-4f60-8a75-65f7ddf59b6b.jpg?v=1742573225|https://cdn.shopify.com/s/files/1/0932/3547/8837/files/pf10575_2_1_3f7725a7-426b-47e2-b2c2-561e95f9ac40.jpg?v=1742573225|https://cdn.shopify.com/s/files/1/0932/3547/8837/files/pf10575_5.jpg?v=1742573225,shopify_physicians_formula.json,2026-08-21T20:14:41.077411+00:00
156,6,Physicians Formula,10034488148277,butter-glow-corrector-lavender,Butter Glow Corrector | Lavender,Foundations & Concealers,concealer,concealer <- 'concealer' in product_type|title,https://www.physiciansformula.com/products/butter-glow-corrector-lavender,5,https://cdn.shopify.com/s/files/1/0932/3547/8837/files/HFZSWgwg.png?v=1742575635|https://cdn.shopify.com/s/files/1/0932/3547/8837/files/1qzaBMAw.png?v=1742575635|https://cdn.shopify.com/s/files/1/0932/3547/8837/files/kDqIriGg.png?v=1742575635|https://cdn.shopify.com/s/files/1/0932/3547/8837/files/1741097-Butter-Glow-Corrector-Open-Sponge-Lavender.jpg?v=1742575635|https://cdn.shopify.com/s/files/1/0932/3547/8837/files/1741097-Butter-Glow-Corrector-Open-Applicator-Lavender.jpg?v=1742575635,shopify_physicians_formula.json,2026-08-21T20:14:41.077411+00:00
157,7,Physicians Formula,10034463277365,murumuru-butter-eyeshadow-palette-tropical-days,Murumuru Butter Eyeshadow Palette | Tropical Days,Eye Shadows,eyeshadow_palette,eyeshadow_palette <- 'eyeshadow palette' in product_type|title,https://www.physiciansformula.com/products/murumuru-butter-eyeshadow-palette-tropical-days,3,https://cdn.shopify.com/s/files/1/0932/3547/8837/files/pf10961_2_1_60964e56-25cb-4f55-a606-b98280f08fe7.jpg?v=1742573482|https://cdn.shopify.com/s/files/1/0932/3547/8837/files/pf10961_3.jpg?v=1742573482|https://cdn.shopify.com/s/files/1/0932/3547/8837/files/pf10961_3_1_1.jpg?v=1742573482,shopify_physicians_formula.json,2026-08-21T20:14:41.077411+00:00
158,8,Physicians Formula,10034463539509,rose-all-stay-illuminating-setting-spray,Rosé All Stay Illuminating Setting Spray,Makeup Finishing Sprays,setting_spray,setting_spray <- 'finishing spray' in product_type|title,https://www.physiciansformula.com/products/rose-all-stay-illuminating-setting-spray,2,https://cdn.shopify.com/s/files/1/0932/3547/8837/files/pf11043.jpg?v=1742573507|https://cdn.shopify.com/s/files/1/0932/3547/8837/files/pf11043_3.jpg?v=1742573507,shopify_physicians_formula.json,2026-08-21T20:14:41.077411+00:00
159,9,Physicians Formula,10034454561077,magic-mosaicr-multi-colored-custom-pressed-powder-warm-beige-light-bronzer,Magic Mosaic® Multi-Colored Custom Pressed Powder | Warm Beige/Light Bronzer,Face Powder,bronzer,bronzer <- 'bronzer' in product_type|title,https://www.physiciansformula.com/products/magic-mosaicr-multi-colored-custom-pressed-powder-warm-beige-light-bronzer,4,https://cdn.shopify.com/s/files/1/0932/3547/8837/files/02459_53f7c67f-1fa6-4c84-8abb-8afe61977f4b.jpg?v=1742572829|https://cdn.shopify.com/s/files/1/0932/3547/8837/files/2459_Case_Open.jpg?v=1742572829|https://cdn.shopify.com/s/files/1/0932/3547/8837/files/3845_1.jpg?v=1742572829|https://cdn.shopify.com/s/files/1/0932/3547/8837/files/2459-Swatch.jpg?v=1742572829,shopify_physicians_formula.json,2026-08-21T20:14:41.077411+00:00
160,10,Physicians Formula,10034485035317,murumuru-butter-lip-brazilian-berry,Butter Tinted Lip Conditioner  | Brazilian Berry,Lip Balms,lipstick,lipstick <- 'lip balm' in product_type|title,https://www.physiciansformula.com/products/murumuru-butter-lip-brazilian-berry,5,https://cdn.shopify.com/s/files/1/0932/3547/8837/files/ks1ZTCYQ.jpg?v=1742575343|https://cdn.shopify.com/s/files/1/0932/3547/8837/files/XHnI1tng.jpg?v=1742575343|https://cdn.shopify.com/s/files/1/0932/3547/8837/files/1741099-Murumuru-Butter-Lip-Open-Brazilian-Berry.jpg?v=1742575343|https://cdn.shopify.com/s/files/1/0932/3547/8837/files/4pZAqV-g.jpg?v=1742575343|https://cdn.shopify.com/s/files/1/0932/3547/8837/files/f21TSJhQ.jpg?v=1742575343,shopify_physicians_formula.json,2026-08-21T20:14:41.077411+00:00
161,11,Physicians Formula,10034457182517,mineral-wear-talc-free-mineral-face-powder-translucent,Mineral Wear® Talc-Free Mineral Face Powder | Translucent,Face Powder,setting_powder,setting_powder <- 'translucent' in product_type|title,https://www.physiciansformula.com/products/mineral-wear-talc-free-mineral-face-powder-translucent,3,https://cdn.shopify.com/s/files/1/0932/3547/8837/files/03835.jpg?v=1742573056|https://cdn.shopify.com/s/files/1/0932/3547/8837/files/3835_Sw.jpg?v=1742573056|https://cdn.shopify.com/s/files/1/0932/3547/8837/files/3835_1.jpg?v=1742573056,shopify_physicians_formula.json,2026-08-21T20:14:41.077411+00:00
162,12,Physicians Formula,10034477531445,mineral-wear-diamond-lip-plumper-diamond-marquise,Mineral Wear® Diamond Lip Plumper | Diamond Marquise,Lip Gloss,lip_gloss,lip_gloss <- 'lip gloss' in product_type|title,https://www.physiciansformula.com/products/mineral-wear-diamond-lip-plumper-diamond-marquise,4,https://cdn.shopify.com/s/files/1/0932/3547/8837/files/1711948_1_d50818a3-ea69-434c-bff4-6f4c3fe24218.jpg?v=1742574492|https://cdn.shopify.com/s/files/1/0932/3547/8837/files/1711948_2_1.jpg?v=1742574492|https://cdn.shopify.com/s/files/1/0932/3547/8837/files/1711948_7_1.jpg?v=1742574492|https://cdn.shopify.com/s/files/1/0932/3547/8837/files/1711948_4_1.jpg?v=1742574492,shopify_physicians_formula.json,2026-08-21T20:14:41.077411+00:00
163,13,Physicians Formula,10367036916021,bronze-booster-sun-grip-glow-activated-bronzing-primer,Bronze Booster™ Sun Grip Glow Activated Bronzing Primer,Self Tanner,primer,primer <- 'primer' in product_type|title,https://www.physiciansformula.com/products/bronze-booster-sun-grip-glow-activated-bronzing-primer,7,https://cdn.shopify.com/s/files/1/0932/3547/8837/files/ofdiygcwlxu4ej2ajuoj.jpg?v=1767824779|https://cdn.shopify.com/s/files/1/0932/3547/8837/files/etcvkot2iaui2dheminy.jpg?v=1767824781|https://cdn.shopify.com/s/files/1/0932/3547/8837/files/17850089_BBPrimer_2_Product_Benefit.jpg?v=1787075135|https://cdn.shopify.com/s/files/1/0932/3547/8837/files/17850089_BBPrimer_5_GlowActivator.jpg?v=1787075138|https://cdn.shopify.com/s/files/1/0932/3547/8837/files/17850089_BBPrimer_4_HowTo.jpg?v=1787075137|https://cdn.shopify.com/s/files/1/0932/3547/8837/files/17850089_BBPrimer_3_BAModel.jpg?v=1787075138|https://cdn.shopify.com/s/files/1/0932/3547/8837/files/17850089_BBPrimer_6_Claims.jpg?v=1787075139,shopify_physicians_formula.json,2026-08-21T20:14:41.077411+00:00
164,14,Physicians Formula,10034487296309,mineral-wear-diamond-dust-luminous-gleam,Mineral Wear® Diamond Dust | Luminous Gleam,Face Powder,pressed_powder,pressed_powder <- 'face powder' in product_type|title,https://www.physiciansformula.com/products/mineral-wear-diamond-dust-luminous-gleam,7,https://cdn.shopify.com/s/files/1/0932/3547/8837/files/1741112-MW-Diamond-Dust-Luminous-Gleam.jpg?v=1742575526|https://cdn.shopify.com/s/files/1/0932/3547/8837/files/vZmW0uBQ.png?v=1742575526|https://cdn.shopify.com/s/files/1/0932/3547/8837/files/lhS6DbBQ.png?v=1742575527|https://cdn.shopify.com/s/files/1/0932/3547/8837/files/o0J72-Ew.png?v=1742575527|https://cdn.shopify.com/s/files/1/0932/3547/8837/files/1741112-MW-Diamond-Dust-Open-Luminous-Gleam.jpg?v=1742575526|https://cdn.shopify.com/s/files/1/0932/3547/8837/files/aaOp9E1Q.png?v=1742575526|https://cdn.shopify.com/s/files/1/0932/3547/8837/files/arcN7hQA.png?v=1742575527,shopify_physicians_formula.json,2026-08-21T20:14:41.077411+00:00
165,15,Physicians Formula,10034488246581,butter-bronzer-mascara,Butter Bronzer Mascara,Mascaras,mascara,mascara <- 'mascara' in product_type|title,https://www.physiciansformula.com/products/butter-bronzer-mascara,7,https://cdn.shopify.com/s/files/1/0932/3547/8837/files/1712960-Butter-Bronzer-Mascara-Front.jpg?v=1742575646|https://cdn.shopify.com/s/files/1/0932/3547/8837/files/RW2-nXvQ.png?v=1742575646|https://cdn.shopify.com/s/files/1/0932/3547/8837/files/OBE6KJQQ.png?v=1742575646|https://cdn.shopify.com/s/files/1/0932/3547/8837/files/eqf6JDzA.png?v=1742575646|https://cdn.shopify.com/s/files/1/0932/3547/8837/files/lbBQfDmw.png?v=1742575646|https://cdn.shopify.com/s/files/1/0932/3547/8837/files/1712960-Butter-Bronzer-Mascara-Open.jpg?v=1742575646|https://cdn.shopify.com/s/files/1/0932/3547/8837/files/8WVaCDrw.png?v=1742575646,shopify_physicians_formula.json,2026-08-21T20:14:41.077411+00:00
166,16,Physicians Formula,10034479923509,mineral-wear-diamond-melt-allic-bronze-brilliance,Mineral Wear Diamond Melt-allic | Bronze Brilliance,Eye Shadows,eyeshadow_single,eyeshadow_single <- 'eye shadow' in product_type|title,https://www.physiciansformula.com/products/mineral-wear-diamond-melt-allic-bronze-brilliance,4,https://cdn.shopify.com/s/files/1/0932/3547/8837/files/1711945.jpg?v=1742574762|https://cdn.shopify.com/s/files/1/0932/3547/8837/files/1711945_2_1_ed4551bb-b076-4117-b7f9-904f48c4695a.jpg?v=1742574762|https://cdn.shopify.com/s/files/1/0932/3547/8837/files/1711945_5_1_1e5f386a-99f7-4a8a-b3b3-6858914b9bd8.jpg?v=1742574762|https://cdn.shopify.com/s/files/1/0932/3547/8837/files/1711945_4_1_cbc3c298-a109-451d-a3fc-b353129bd815.jpg?v=1742574762,shopify_physicians_formula.json,2026-08-21T20:14:41.077411+00:00
167,17,Physicians Formula,10034458591541,powder-paletter-mineral-glow-pearls-light-bronze,Powder Palette® Mineral Glow Pearls | Bronze,Highlighters & Luminizers,highlighter,highlighter <- 'highlight' in product_type|title,https://www.physiciansformula.com/products/powder-paletter-mineral-glow-pearls-light-bronze,2,https://cdn.shopify.com/s/files/1/0932/3547/8837/files/7043_1.png?v=1742573161|https://cdn.shopify.com/s/files/1/0932/3547/8837/files/7043_5.png?v=1742573161,shopify_physicians_formula.json,2026-08-21T20:14:41.077411+00:00
168,18,Physicians Formula,10366940840245,mineral-wear-r-diamond-perfector-illuminator-concealer-fair-to-light,Mineral Wear® Diamond Perfector Illuminator & Concealer- Fair-to-Light,Face Serums,concealer,concealer <- 'concealer' in product_type|title,https://www.physiciansformula.com/products/mineral-wear-r-diamond-perfector-illuminator-concealer-fair-to-light,7,https://cdn.shopify.com/s/files/1/0932/3547/8837/files/17410080_1_Main.jpg?v=1768791426|https://cdn.shopify.com/s/files/1/0932/3547/8837/files/17410080_6_Swatch.jpg?v=1768791435|https://cdn.shopify.com/s/files/1/0932/3547/8837/files/2_Mineral_Wear_Diamond_Illuminator_Concealer_Product_Benefit_1.jpg?v=1787076701|https://cdn.shopify.com/s/files/1/0932/3547/8837/files/3_Mineral_Wear_Diamond_Illuminator_Concealer_Product_Benefit_1.jpg?v=1787076703|https://cdn.shopify.com/s/files/1/0932/3547/8837/files/4_17410080_Mineral_Wear_Diamond_Illuminator_Concealer_Key_Ingredients.jpg?v=1787076703|https://cdn.shopify.com/s/files/1/0932/3547/8837/files/5_Mineral_Wear_Diamond_Illuminator_Concealer_Claims_1.jpg?v=1787076705|https://cdn.shopify.com/s/files/1/0932/3547/8837/files/6_Mineral_Wear_Diamond_Illuminator_Concealer_Franchise_1.jpg?v=1787076705,shopify_physicians_formula.json,2026-08-21T20:14:41.077411+00:00
169,19,Physicians Formula,10034463310133,murumuru-butter-eyeshadow-palette-sultry-nights,Murumuru Butter Eyeshadow Palette | Sultry Nights,Eye Shadows,eyeshadow_palette,eyeshadow_palette <- 'eyeshadow palette' in product_type|title,https://www.physiciansformula.com/products/murumuru-butter-eyeshadow-palette-sultry-nights,3,https://cdn.shopify.com/s/files/1/0932/3547/8837/files/pf10962_1_27d44afa-3d52-4d8a-b36e-78eb2f81398b.jpg?v=1742573490|https://cdn.shopify.com/s/files/1/0932/3547/8837/files/pf10962_3.jpg?v=1742573490|https://cdn.shopify.com/s/files/1/0932/3547/8837/files/pf10962_5.jpg?v=1742573490,shopify_physicians_formula.json,2026-08-21T20:14:41.077411+00:00
170,20,Physicians Formula,10034483659061,mineral-wear-diamond-setter,Mineral Wear® Diamond Setter™,Makeup Finishing Sprays,setting_spray,setting_spray <- 'finishing spray' in product_type|title,https://www.physiciansformula.com/products/mineral-wear-diamond-setter,7,https://cdn.shopify.com/s/files/1/0932/3547/8837/files/Setting-Spray_Product-Front.jpg?v=1742575133|https://cdn.shopify.com/s/files/1/0932/3547/8837/files/1712798_7_Lifestyle.png?v=1742575134|https://cdn.shopify.com/s/files/1/0932/3547/8837/files/1712798_swatch-1.jpg?v=1742575133|https://cdn.shopify.com/s/files/1/0932/3547/8837/files/1712798_2_Product-Benefits.png?v=1742575134|https://cdn.shopify.com/s/files/1/0932/3547/8837/files/1712798_4_Model.png?v=1742575134|https://cdn.shopify.com/s/files/1/0932/3547/8837/files/1712798_5_Made-With.png?v=1742575134|https://cdn.shopify.com/s/files/1/0932/3547/8837/files/1712798_6_Made-Without.png?v=1742575133,shopify_physicians_formula.json,2026-08-21T20:14:41.077411+00:00
171,21,Physicians Formula,10034479366453,matte-monoi-butter-blush,Matte Monoi Butter Blush,Blushes & Bronzers,bronzer,bronzer <- 'bronzer' in product_type|title,https://www.physiciansformula.com/products/matte-monoi-butter-blush,4,https://cdn.shopify.com/s/files/1/0932/3547/8837/files/1711951_MonoiBlush_Front_Compressed.jpg?v=1742574687|https://cdn.shopify.com/s/files/1/0932/3547/8837/files/1711951_MonoiBlush_Open_Compressed.jpg?v=1742574687|https://cdn.shopify.com/s/files/1/0932/3547/8837/files/1711951_7.jpg?v=1742574687|https://cdn.shopify.com/s/files/1/0932/3547/8837/files/1711951_3.jpg?v=1742574687,shopify_physicians_formula.json,2026-08-21T20:14:41.077411+00:00
172,22,Physicians Formula,10034471698741,rose-kiss-all-day-velvet-lip-color-first-kiss,Rosé Kiss All Day Velvet Lip Color | First Kiss,Lipsticks,lipstick,lipstick <- 'lipstick' in product_type|title,https://www.physiciansformula.com/products/rose-kiss-all-day-velvet-lip-color-first-kiss,5,https://cdn.shopify.com/s/files/1/0932/3547/8837/files/1711509_1.jpg?v=1742574143|https://cdn.shopify.com/s/files/1/0932/3547/8837/files/1711509_2_1.jpg?v=1742574143|https://cdn.shopify.com/s/files/1/0932/3547/8837/files/1711509_4_2.jpg?v=1742574143|https://cdn.shopify.com/s/files/1/0932/3547/8837/files/1711509_3_1.jpg?v=1742574143|https://cdn.shopify.com/s/files/1/0932/3547/8837/files/1711512_4_1_904a86f7-fc72-4bb0-9419-94241df69c79.jpg?v=1742574143,shopify_physicians_formula.json,2026-08-21T20:14:41.077411+00:00
173,23,Physicians Formula,10034455609653,powder-paletter-multi-colored-face-powder-translucent,Powder Palette® Multi-Colored Face Powder | Translucent,Face Powder,setting_powder,setting_powder <- 'translucent' in product_type|title,https://www.physiciansformula.com/products/powder-paletter-multi-colored-face-powder-translucent,5,https://cdn.shopify.com/s/files/1/0932/3547/8837/files/mnimxqac0kqytl7api2x.jpg?v=1742572882|https://cdn.shopify.com/s/files/1/0932/3547/8837/files/oeke6xqp42izblqt2amg.jpg?v=1742572882|https://cdn.shopify.com/s/files/1/0932/3547/8837/files/fykbjwqpzyfbvc3qj8cm.jpg?v=1742572882|https://cdn.shopify.com/s/files/1/0932/3547/8837/files/q5pfnc6uey0nxkrzhkxo.jpg?v=1742572882|https://cdn.shopify.com/s/files/1/0932/3547/8837/files/kjbe5hzjdff8mqv9zlmc.jpg?v=1742572882,shopify_physicians_formula.json,2026-08-21T20:14:41.077411+00:00
174,24,Physicians Formula,10034470584629,rose-kiss-all-day-glossy-lip-color-xoxo,Rosé Kiss All Day Glossy Lip Color | Xoxo,Lip Gloss,lip_gloss,lip_gloss <- 'lip gloss' in product_type|title,https://www.physiciansformula.com/products/rose-kiss-all-day-glossy-lip-color-xoxo,5,https://cdn.shopify.com/s/files/1/0932/3547/8837/files/1711507_1.jpg?v=1742574117|https://cdn.shopify.com/s/files/1/0932/3547/8837/files/1711507_2_1.jpg?v=1742574118|https://cdn.shopify.com/s/files/1/0932/3547/8837/files/1711507_4.jpg?v=1742574117|https://cdn.shopify.com/s/files/1/0932/3547/8837/files/1711507_3_1.jpg?v=1742574117|https://cdn.shopify.com/s/files/1/0932/3547/8837/files/1711506_4_1_004526a1-5790-4bda-b4b6-67a782eb278f.jpg?v=1742574117,shopify_physicians_formula.json,2026-08-21T20:14:41.077411+00:00
175,25,Physicians Formula,10034490835253,mineral-wear-diamond-dust-luminous-corrector,Mineral Wear® Diamond Dust | Luminous Corrector,Face Powder,pressed_powder,pressed_powder <- 'face powder' in product_type|title,https://www.physiciansformula.com/products/mineral-wear-diamond-dust-luminous-corrector,5,https://cdn.shopify.com/s/files/1/0932/3547/8837/files/wzkamwkovhslpmuumclk.jpg?v=1742575930|https://cdn.shopify.com/s/files/1/0932/3547/8837/files/pwyizgbhuxaliazfa9ai.jpg?v=1742575930|https://cdn.shopify.com/s/files/1/0932/3547/8837/files/xxfg3vnmoocker2y7wqn.jpg?v=1742575930|https://cdn.shopify.com/s/files/1/0932/3547/8837/files/wesvq7hgnrsnvdqphtqs.jpg?v=1742575930|https://cdn.shopify.com/s/files/1/0932/3547/8837/files/qshacbpbxzmhpfxpxjb5.jpg?v=1742575930,shopify_physicians_formula.json,2026-08-21T20:14:41.077411+00:00
176,26,Physicians Formula,10034480349493,physicians-formula-mineral-wear-diamond-mascara-clear-diamond,Mineral Wear Diamond Mascara | Clear Diamond,Mascaras,mascara,mascara <- 'mascara' in product_type|title,https://www.physiciansformula.com/products/physicians-formula-mineral-wear-diamond-mascara-clear-diamond,3,https://cdn.shopify.com/s/files/1/0932/3547/8837/files/1711954_1.jpg?v=1742574814|https://cdn.shopify.com/s/files/1/0932/3547/8837/files/1711954_2_1.jpg?v=1742574814|https://cdn.shopify.com/s/files/1/0932/3547/8837/files/1711954_7.jpg?v=1742574814,shopify_physicians_formula.json,2026-08-21T20:14:41.077411+00:00
177,27,Physicians Formula,10034485428533,eye-booster-eye-lifter,Eye Booster™ Eye Lifter™,Eye Shadows,eyeshadow_single,eyeshadow_single <- 'eye shadow' in product_type|title,https://www.physiciansformula.com/products/eye-booster-eye-lifter,6,https://cdn.shopify.com/s/files/1/0932/3547/8837/files/1741101_1_Main_SheFindsAward.png?v=1742575391|https://cdn.shopify.com/s/files/1/0932/3547/8837/files/Eye-Booster-Eye-Lifter-Hero.jpg?v=1742575391|https://cdn.shopify.com/s/files/1/0932/3547/8837/files/1741101_5_Made-With.png?v=1742575391|https://cdn.shopify.com/s/files/1/0932/3547/8837/files/Directions-EB-Eye-Lifter.jpg?v=1742575391|https://cdn.shopify.com/s/files/1/0932/3547/8837/files/EB_EyeLifter_Before_After.jpg?v=1742575391|https://cdn.shopify.com/s/files/1/0932/3547/8837/files/1741101_6_Made-Without.png?v=1742575391,shopify_physicians_formula.json,2026-08-21T20:14:41.077411+00:00
178,28,Physicians Formula,10367019876661,butter-glow-go-contour-stick-medium-deep,Butter Glow & Go™ Contour Stick - Medium-Deep,Highlighters & Luminizers,highlighter,highlighter <- 'highlight' in product_type|title,https://www.physiciansformula.com/products/butter-glow-go-contour-stick-medium-deep,7,https://cdn.shopify.com/s/files/1/0932/3547/8837/files/gtkar5ufzb65mpijobif.jpg?v=1767827334|https://cdn.shopify.com/s/files/1/0932/3547/8837/files/hamuszmnvwfstntgfhlt.jpg?v=1767827334|https://cdn.shopify.com/s/files/1/0932/3547/8837/files/2_17430074_Butter_Glow_Go_Contour_Stick_Product_Benefit_2.jpg?v=1787075631|https://cdn.shopify.com/s/files/1/0932/3547/8837/files/3_17430074_Butter_Glow_Go_Contour_Stick_Shades_2.jpg?v=1787075632|https://cdn.shopify.com/s/files/1/0932/3547/8837/files/4_17430074_Butter_Glow_Go_Contour_Stick_Claims_1.jpg?v=1787075633|https://cdn.shopify.com/s/files/1/0932/3547/8837/files/5_17430074_Butter_Glow_Go_Contour_Stick_Key_Ingredients_1.jpg?v=1787075633|https://cdn.shopify.com/s/files/1/0932/3547/8837/files/6_17430074_Butter_Glow_Go_Contour_Stick_Franchise_1.jpg?v=1787075634,shopify_physicians_formula.json,2026-08-21T20:14:41.077411+00:00
179,29,Physicians Formula,10034432868661,gentle-coverr-yellow,Gentle Cover® | Yellow,Foundations & Concealers,concealer,concealer <- 'concealer' in product_type|title,https://www.physiciansformula.com/products/gentle-coverr-yellow,3,https://cdn.shopify.com/s/files/1/0932/3547/8837/files/837_2.png?v=1742571093|https://cdn.shopify.com/s/files/1/0932/3547/8837/files/837.png?v=1742571093|https://cdn.shopify.com/s/files/1/0932/3547/8837/files/837_3.png?v=1742571093,shopify_physicians_formula.json,2026-08-21T20:14:41.077411+00:00
180,30,Physicians Formula,10034482512181,butter-bronzer-contour-palette-2,Butter Bronzer Contour Palette | Contour 2,Blushes & Bronzers,bronzer,bronzer <- 'bronzer' in product_type|title,https://www.physiciansformula.com/products/butter-bronzer-contour-palette-2,7,https://cdn.shopify.com/s/files/1/0932/3547/8837/files/1712857_1_Main.png?v=1786407148|https://cdn.shopify.com/s/files/1/0932/3547/8837/files/1712857_7_Lifestyle.jpg?v=1742575013|https://cdn.shopify.com/s/files/1/0932/3547/8837/files/1712788_2_Product-Benefits_9670f59f-24bc-4e41-8550-3c92c2ff2798.jpg?v=1742575013|https://cdn.shopify.com/s/files/1/0932/3547/8837/files/1712788_3_Arm-Swatches_e3c51d90-11f3-4d6f-981a-6e823f17d8c5.jpg?v=1742575013|https://cdn.shopify.com/s/files/1/0932/3547/8837/files/1712857_4_Before-After.jpg?v=1742575013|https://cdn.shopify.com/s/files/1/0932/3547/8837/files/1712857_5_Made-With.jpg?v=1742575013|https://cdn.shopify.com/s/files/1/0932/3547/8837/files/1712857_6_Made-Without.jpg?v=1742575013,shopify_physicians_formula.json,2026-08-21T20:14:41.077411+00:00
181,31,Physicians Formula,10034485133621,murumuru-butter-lip-beach-bronze,Butter Tinted Lip Conditioner | Beach Bronze,Lip Balms,lipstick,lipstick <- 'lip balm' in product_type|title,https://www.physiciansformula.com/products/murumuru-butter-lip-beach-bronze,6,https://cdn.shopify.com/s/files/1/0932/3547/8837/files/nNfMUVLw.jpg?v=1742575352|https://cdn.shopify.com/s/files/1/0932/3547/8837/files/sXGARXVQ.jpg?v=1742575352|https://cdn.shopify.com/s/files/1/0932/3547/8837/files/1741100-Murumuru-Butter-Lip-Open-Beach-Bronze.jpg?v=1742575352|https://cdn.shopify.com/s/files/1/0932/3547/8837/files/p169zfiA.jpg?v=1742575356|https://cdn.shopify.com/s/files/1/0932/3547/8837/files/Q8ZFQPWw.jpg?v=1742575352|https://cdn.shopify.com/s/files/1/0932/3547/8837/files/uHE8Jmhg.jpg?v=1742575352,shopify_physicians_formula.json,2026-08-21T20:14:41.077411+00:00
182,32,Physicians Formula,10034456985909,mineral-wear-talc-free-mineral-airbrushing-pressed-powder-translucent,Mineral Wear® Talc-Free Mineral Airbrushing Pressed Powder | Translucent,Face Powder,setting_powder,setting_powder <- 'translucent' in product_type|title,https://www.physiciansformula.com/products/mineral-wear-talc-free-mineral-airbrushing-pressed-powder-translucent,5,https://cdn.shopify.com/s/files/1/0932/3547/8837/files/7586_4_1.jpg?v=1742573030|https://cdn.shopify.com/s/files/1/0932/3547/8837/files/7586_2.jpg?v=1742573030|https://cdn.shopify.com/s/files/1/0932/3547/8837/files/7586_7.jpg?v=1742573030|https://cdn.shopify.com/s/files/1/0932/3547/8837/files/7588_2_14ae5fe0-97f6-46a9-beb0-422102c9e5e7.jpg?v=1742573030|https://cdn.shopify.com/s/files/1/0932/3547/8837/files/7588_4_515b3b64-40d3-4da7-abc0-910ce26c3190.jpg?v=1742573030,shopify_physicians_formula.json,2026-08-21T20:14:41.077411+00:00
183,33,Physicians Formula,10034477596981,mineral-wear-diamond-lip-plumper-brilliant-berry-diamond,Mineral Wear® Diamond Lip Plumper | Brilliant Berry Diamond,Lip Gloss,lip_gloss,lip_gloss <- 'lip gloss' in product_type|title,https://www.physiciansformula.com/products/mineral-wear-diamond-lip-plumper-brilliant-berry-diamond,4,https://cdn.shopify.com/s/files/1/0932/3547/8837/files/1712258_5cbfe95a-d047-49a0-ba1b-b4bbdbbf64f0.jpg?v=1742574501|https://cdn.shopify.com/s/files/1/0932/3547/8837/files/1712258_2.jpg?v=1742574501|https://cdn.shopify.com/s/files/1/0932/3547/8837/files/1712258_7.jpg?v=1742574501|https://cdn.shopify.com/s/files/1/0932/3547/8837/files/1712258_4.jpg?v=1742574501,shopify_physicians_formula.json,2026-08-21T20:14:41.077411+00:00
184,34,Physicians Formula,10034483626293,butter-glow-pressed-powder-2,Butter Glow Pressed Powder | Natural Glow,Face Powder,pressed_powder,pressed_powder <- 'face powder' in product_type|title,https://www.physiciansformula.com/products/butter-glow-pressed-powder-2,5,https://cdn.shopify.com/s/files/1/0932/3547/8837/files/1712796_1_Main.png?v=1742575123|https://cdn.shopify.com/s/files/1/0932/3547/8837/files/1712795_7_Lifestyle_Compressed_43f3a5ee-b77a-42ec-af3c-fd4eaff88fff.jpg?v=1742575123|https://cdn.shopify.com/s/files/1/0932/3547/8837/files/1712795_2_Product-Benefits_3eb2a094-cc01-4ffc-b658-a8c023ae806a.png?v=1742575123|https://cdn.shopify.com/s/files/1/0932/3547/8837/files/1712795_3_Arm-Swatches_a320e68d-3356-4254-8afd-901d50a50c5c.png?v=1742575123|https://cdn.shopify.com/s/files/1/0932/3547/8837/files/1712795_4_Before-After_1fec357c-017a-4d1a-9c43-f4a3aa929e8e.png?v=1742575123,shopify_physicians_formula.json,2026-08-21T20:14:41.077411+00:00
185,35,Physicians Formula,10034467832117,2019-orgainc-wear-fake-out-mascara-black,Organic Wear Fake Out Mascara,Mascaras,mascara,mascara <- 'mascara' in product_type|title,https://www.physiciansformula.com/products/2019-orgainc-wear-fake-out-mascara-black,3,https://cdn.shopify.com/s/files/1/0932/3547/8837/files/1711313.jpg?v=1742573892|https://cdn.shopify.com/s/files/1/0932/3547/8837/files/1711313_2.jpg?v=1742573892|https://cdn.shopify.com/s/files/1/0932/3547/8837/files/1711313_3.jpg?v=1742573892,shopify_physicians_formula.json,2026-08-21T20:14:41.077411+00:00
186,36,Physicians Formula,10034479399221,matte-monoi-butter-eyeshadow,Matte Monoi Butter Eyeshadow,Eye Shadows,eyeshadow_single,eyeshadow_single <- 'eye shadow' in product_type|title,https://www.physiciansformula.com/products/matte-monoi-butter-eyeshadow,3,https://cdn.shopify.com/s/files/1/0932/3547/8837/files/1711941.jpg?v=1742574696|https://cdn.shopify.com/s/files/1/0932/3547/8837/files/1711941_MonoiEyeshadow_Open.jpg?v=1742574697|https://cdn.shopify.com/s/files/1/0932/3547/8837/files/1711941_Model.jpg?v=1742574697,shopify_physicians_formula.json,2026-08-21T20:14:41.077411+00:00
187,37,Physicians Formula,10034481135925,murumuru-lets-toast-highlighter,Let's Toast Highlighter,Highlighters & Luminizers,highlighter,highlighter <- 'highlight' in product_type|title,https://www.physiciansformula.com/products/murumuru-lets-toast-highlighter,6,https://cdn.shopify.com/s/files/1/0932/3547/8837/files/1712358.jpg?v=1742574900|https://cdn.shopify.com/s/files/1/0932/3547/8837/files/1712358_2.jpg?v=1742574900|https://cdn.shopify.com/s/files/1/0932/3547/8837/files/1712358_3.jpg?v=1742574900|https://cdn.shopify.com/s/files/1/0932/3547/8837/files/HERO26121-1.jpg?v=1742574900|https://cdn.shopify.com/s/files/1/0932/3547/8837/files/Bread-and-Butter-Model-Shoot14141-1.jpg?v=1742574900|https://cdn.shopify.com/s/files/1/0932/3547/8837/files/1712387_5_e0db8b50-4a4a-47de-9471-3f0e0efb2b75.jpg?v=1742574900,shopify_physicians_formula.json,2026-08-21T20:14:41.077411+00:00
188,38,Physicians Formula,10034475860277,butter-believe-it-foundation-concealer-medium-to-tan,Butter Believe It! Foundation + Concealer | Medium-to-Tan,Foundations & Concealers,concealer,concealer <- 'concealer' in product_type|title,https://www.physiciansformula.com/products/butter-believe-it-foundation-concealer-medium-to-tan,3,https://cdn.shopify.com/s/files/1/0932/3547/8837/files/1711760_1.jpg?v=1742574295|https://cdn.shopify.com/s/files/1/0932/3547/8837/files/1711760_2_1.jpg?v=1742574295|https://cdn.shopify.com/s/files/1/0932/3547/8837/files/1711760_4_1.jpg?v=1742574295,shopify_physicians_formula.json,2026-08-21T20:14:41.077411+00:00
189,39,Physicians Formula,10034451579189,happy-booster-glow-and-mood-boosting-blush-natural,Happy Booster™ Glow & Mood Boosting Blush | Natural,Blushes & Bronzers,bronzer,bronzer <- 'bronzer' in product_type|title,https://www.physiciansformula.com/products/happy-booster-glow-and-mood-boosting-blush-natural,3,https://cdn.shopify.com/s/files/1/0932/3547/8837/files/eW9d-u5w.jpg?v=1742572699|https://cdn.shopify.com/s/files/1/0932/3547/8837/files/0yY7tyjQ-1.jpg?v=1742572699|https://cdn.shopify.com/s/files/1/0932/3547/8837/files/iSvWP91g.jpg?v=1742572699,shopify_physicians_formula.json,2026-08-21T20:14:41.077411+00:00
190,40,Physicians Formula,10034484937013,murumuru-butter-lip-pink-paradise,Butter Tinted Lip Conditioner | Pink Paradise,Lip Balms,lipstick,lipstick <- 'lip balm' in product_type|title,https://www.physiciansformula.com/products/murumuru-butter-lip-pink-paradise,6,https://cdn.shopify.com/s/files/1/0932/3547/8837/files/lChklnzQ.jpg?v=1742575333|https://cdn.shopify.com/s/files/1/0932/3547/8837/files/NY1zgjpA.jpg?v=1742575333|https://cdn.shopify.com/s/files/1/0932/3547/8837/files/ZmIpPeMw.jpg?v=1742575333|https://cdn.shopify.com/s/files/1/0932/3547/8837/files/1741098-Murumuru-Butter-Lip-Open-Pink-Paradise.jpg?v=1742575333|https://cdn.shopify.com/s/files/1/0932/3547/8837/files/QqdZM7BQ.jpg?v=1742575333|https://cdn.shopify.com/s/files/1/0932/3547/8837/files/8V8pUu8Q.jpg?v=1742575333,shopify_physicians_formula.json,2026-08-21T20:14:41.077411+00:00
191,41,Physicians Formula,10034463670581,physicians-formula-mineral-wear-loose-powder-translucent-light,Mineral Wear Loose Powder | Translucent Light,Face Powder,setting_powder,setting_powder <- 'loose powder' in product_type|title,https://www.physiciansformula.com/products/physicians-formula-mineral-wear-loose-powder-translucent-light,3,https://cdn.shopify.com/s/files/1/0932/3547/8837/files/PF10948_Case_Open-1.jpg?v=1742573524|https://cdn.shopify.com/s/files/1/0932/3547/8837/files/pf10948_3_1.jpg?v=1742573524|https://cdn.shopify.com/s/files/1/0932/3547/8837/files/PF10948_Case_Closed.jpg?v=1742573524,shopify_physicians_formula.json,2026-08-21T20:14:41.077411+00:00
192,42,Physicians Formula,10034456133941,plump-potiontm-needle-free-lip-plumping-cocktail-pink-crystal-potion,Plump Potion™ Needle-Free Lip Plumping Cocktail,Lip Balms & Treatments,lip_gloss,lip_gloss <- 'plumping' in product_type|title,https://www.physiciansformula.com/products/plump-potiontm-needle-free-lip-plumping-cocktail-pink-crystal-potion,1,https://cdn.shopify.com/s/files/1/0932/3547/8837/files/02214.jpg?v=1742572938,shopify_physicians_formula.json,2026-08-21T20:14:41.077411+00:00
193,43,Physicians Formula,10034457313589,mineral-wear-talc-free-mineral-pressed-face-powder-creamy-natural,Mineral Wear® Talc Free Mineral Pressed Face Powder | Creamy Natural,Face Powder,pressed_powder,pressed_powder <- 'face powder' in product_type|title,https://www.physiciansformula.com/products/mineral-wear-talc-free-mineral-pressed-face-powder-creamy-natural,3,https://cdn.shopify.com/s/files/1/0932/3547/8837/files/02413.jpg?v=1742573065|https://cdn.shopify.com/s/files/1/0932/3547/8837/files/2413_SW_75e5442b-e679-4c2b-9268-25d2d38439ab.jpg?v=1742573065|https://cdn.shopify.com/s/files/1/0932/3547/8837/files/2413_1.jpg?v=1742573065,shopify_physicians_formula.json,2026-08-21T20:14:41.077411+00:00
194,44,Physicians Formula,10034467766581,2019-organic-wear-natural-origin-mascara-black,Organic Wear Natural Origin Mascara,Mascaras,mascara,mascara <- 'mascara' in product_type|title,https://www.physiciansformula.com/products/2019-organic-wear-natural-origin-mascara-black,3,https://cdn.shopify.com/s/files/1/0932/3547/8837/files/1711311.jpg?v=1742573883|https://cdn.shopify.com/s/files/1/0932/3547/8837/files/1711311_2.jpg?v=1742573884|https://cdn.shopify.com/s/files/1/0932/3547/8837/files/1711311_3.jpg?v=1742573884,shopify_physicians_formula.json,2026-08-21T20:14:41.077411+00:00
195,45,Physicians Formula,10034457706805,bronze-booster-highlight-contour-palette-shimmer-glow-palette,Bronze Booster Highlight & Contour Palette | Shimmer Strobing,Highlighters & Luminizers,highlighter,highlighter <- 'highlight' in product_type|title,https://www.physiciansformula.com/products/bronze-booster-highlight-contour-palette-shimmer-glow-palette,2,https://cdn.shopify.com/s/files/1/0932/3547/8837/files/6809_1.png?v=1742573089|https://cdn.shopify.com/s/files/1/0932/3547/8837/files/6809_sw_1.png?v=1742573090,shopify_physicians_formula.json,2026-08-21T20:14:41.077411+00:00
196,46,Physicians Formula,10034483265845,butter-glow-concealer-3,Butter Glow Concealer | Medium-to-Tan,Foundations & Concealers,concealer,concealer <- 'concealer' in product_type|title,https://www.physiciansformula.com/products/butter-glow-concealer-3,7,https://cdn.shopify.com/s/files/1/0932/3547/8837/files/1712794_1_Main_Compressed.jpg?v=1742575075|https://cdn.shopify.com/s/files/1/0932/3547/8837/files/1712794_7_Lifestyle_Compressed_e5469ac5-eb08-4240-abaf-f6e2efe8cb89.jpg?v=1742575075|https://cdn.shopify.com/s/files/1/0932/3547/8837/files/1740872_2_Product-Benefits_5c351064-fe59-498b-b01a-47ca83b3122b.jpg?v=1742575075|https://cdn.shopify.com/s/files/1/0932/3547/8837/files/1740872_3_Arm-Swatches_d12fde01-b027-42bb-8ae0-5db0057e21fc.jpg?v=1742575075|https://cdn.shopify.com/s/files/1/0932/3547/8837/files/1712794_4_Before-After_f1b4f7fe-b231-45f2-bd60-37736296cd03.jpg?v=1742575075|https://cdn.shopify.com/s/files/1/0932/3547/8837/files/1712794_5_Made-With.jpg?v=1742575075|https://cdn.shopify.com/s/files/1/0932/3547/8837/files/1740870_6_Made-Without_0837056b-1d70-4019-9705-68a10ead1f6f.png?v=1742575075,shopify_physicians_formula.json,2026-08-21T20:14:41.077411+00:00
197,47,Physicians Formula,10034490933557,mineral-wear-diamond-dust-luminous-bronzer,Mineral Wear® Diamond Dust | Luminous Bronzer,Blushes & Bronzers,bronzer,bronzer <- 'bronzer' in product_type|title,https://www.physiciansformula.com/products/mineral-wear-diamond-dust-luminous-bronzer,5,https://cdn.shopify.com/s/files/1/0932/3547/8837/files/h3c6whs62mq2jciuuucl.jpg?v=1742575939|https://cdn.shopify.com/s/files/1/0932/3547/8837/files/v24lj9qyxvzam4jyuduu.jpg?v=1742575939|https://cdn.shopify.com/s/files/1/0932/3547/8837/files/f3iytsurqaij3rkbyj29.jpg?v=1742575939|https://cdn.shopify.com/s/files/1/0932/3547/8837/files/xtzattrwxxc4vl7raoix.jpg?v=1742575939|https://cdn.shopify.com/s/files/1/0932/3547/8837/files/wr3flddygkrjzcslpt3f.jpg?v=1742575939,shopify_physicians_formula.json,2026-08-21T20:14:41.077411+00:00
198,48,Physicians Formula,10034483757365,mineral-wear-diamond-last-1,Mineral Wear® Diamond Last | Topaz Taupe,Lipsticks,lipstick,lipstick <- 'lipstick' in product_type|title,https://www.physiciansformula.com/products/mineral-wear-diamond-last-1,7,https://cdn.shopify.com/s/files/1/0932/3547/8837/files/1712799_1_Main.png?v=1742575154|https://cdn.shopify.com/s/files/1/0932/3547/8837/files/1712799_2_Product-Benefits.png?v=1742575154|https://cdn.shopify.com/s/files/1/0932/3547/8837/files/1712799_3-Arm-Swatches.png?v=1742575154|https://cdn.shopify.com/s/files/1/0932/3547/8837/files/1712799_4_Models.png?v=1742575154|https://cdn.shopify.com/s/files/1/0932/3547/8837/files/1712799_5_Made-With.png?v=1742575154|https://cdn.shopify.com/s/files/1/0932/3547/8837/files/1712799_6_Made-Without.png?v=1742575154|https://cdn.shopify.com/s/files/1/0932/3547/8837/files/1712799_7_Lifestyle.png?v=1742575154,shopify_physicians_formula.json,2026-08-21T20:14:41.077411+00:00
199,49,Physicians Formula,10034463768885,mineral-wear-loose-powder-creamy-natural,Mineral Wear Loose Powder | Creamy Natural,Face Powder,setting_powder,setting_powder <- 'loose powder' in product_type|title,https://www.physiciansformula.com/products/mineral-wear-loose-powder-creamy-natural,3,https://cdn.shopify.com/s/files/1/0932/3547/8837/files/PF10949_Case_Open.jpg?v=1742573532|https://cdn.shopify.com/s/files/1/0932/3547/8837/files/pf10949_3_1.jpg?v=1742573532|https://cdn.shopify.com/s/files/1/0932/3547/8837/files/PF10949_Case_Closed.jpg?v=1742573533,shopify_physicians_formula.json,2026-08-21T20:14:41.077411+00:00
200,50,Physicians Formula,10034458034485,ph-matchmaker-ph-powered-lip-gloss,pH Matchmaker pH Powered Lip Gloss,Lip Gloss,lip_gloss,lip_gloss <- 'lip gloss' in product_type|title,https://www.physiciansformula.com/products/ph-matchmaker-ph-powered-lip-gloss,2,https://cdn.shopify.com/s/files/1/0932/3547/8837/files/7598-pH-Matchmaker-pH-Powered-Lip-Gloss-Front.jpg?v=1742573117|https://cdn.shopify.com/s/files/1/0932/3547/8837/files/7598-pH-Matchmaker-Swatch.jpg?v=1742573117,shopify_physicians_formula.json,2026-08-21T20:14:41.077411+00:00
201,1,Wet n Wild,10281060860178,ultimate-brow-brow-pen-medium-brown,Ultimate Brow Brow Pen | Medium Brown,Eyebrow Enhancers,brow,brow <- 'eyebrow' in product_type|title,https://www.wetnwildbeauty.com/products/ultimate-brow-brow-pen-medium-brown,8,https://cdn.shopify.com/s/files/1/0925/9221/0194/files/11340616_ultumate-brow-pen_open-with-swatch.png?v=1768266010|https://cdn.shopify.com/s/files/1/0925/9221/0194/files/11340616_ultumate-brow-pen-swatch.png?v=1768266009|https://cdn.shopify.com/s/files/1/0925/9221/0194/files/11340616_UltimateBrow_MediumBrown_2.jpg?v=1769561120|https://cdn.shopify.com/s/files/1/0925/9221/0194/files/11340616_UltimateBrow_MediumBrown_3.jpg?v=1769561120|https://cdn.shopify.com/s/files/1/0925/9221/0194/files/11340616_UltimateBrow_MediumBrown_4.jpg?v=1769561120|https://cdn.shopify.com/s/files/1/0925/9221/0194/files/11340616_UltimateBrow_MediumBrown_5.jpg?v=1769561120|https://cdn.shopify.com/s/files/1/0925/9221/0194/files/11340616_ultumate-brow-pen_box-front-sticker.png?v=1769561120|https://cdn.shopify.com/s/files/1/0925/9221/0194/files/11340616_ultumate-brow-pen_box-back.png?v=1769561120,shopify_wet_n_wild.json,2026-08-21T20:14:34.966731+00:00
202,2,Wet n Wild,10300629483794,chameleon-chrome-all-over-glitter-mist-milkier-way,Chameleon Chrome All Over Glitter Mist | Milkier Way,Makeup Finishing Sprays,setting_spray,setting_spray <- 'finishing spray' in product_type|title,https://www.wetnwildbeauty.com/products/chameleon-chrome-all-over-glitter-mist-milkier-way,8,https://cdn.shopify.com/s/files/1/0925/9221/0194/files/11850845-chameleon-chrome-all-over-mist-milkier-way-open-with-swatch.png?v=1770236175|https://cdn.shopify.com/s/files/1/0925/9221/0194/files/11850845-chameleon-chrome-all-over-mist-milkier-way-swatch.png?v=1770236175|https://cdn.shopify.com/s/files/1/0925/9221/0194/files/11850845_GlitterMist_IMG_1_2.jpg?v=1781559994|https://cdn.shopify.com/s/files/1/0925/9221/0194/files/11850845_GlitterMist_IMG_2_2.jpg?v=1781559994|https://cdn.shopify.com/s/files/1/0925/9221/0194/files/11850845_GlitterMist_IMG_3_2.jpg?v=1781559993|https://cdn.shopify.com/s/files/1/0925/9221/0194/files/11850845_GlitterMist_IMG_4_2.jpg?v=1781559994|https://cdn.shopify.com/s/files/1/0925/9221/0194/files/11850845-chameleon-chrome-all-over-mist-milkier-way-front.png?v=1770236175|https://cdn.shopify.com/s/files/1/0925/9221/0194/files/11850845-chameleon-chrome-all-over-mist-milkier-way-back.png?v=1770236174,shopify_wet_n_wild.json,2026-08-21T20:14:34.966731+00:00
203,3,Wet n Wild,10099446317330,bare-focus-niacinamide-skin-tint-fair-light-beige,Bare Focus Niacinamide Skin Tint | Fair Light Beige,Foundations & Concealers,concealer,concealer <- 'concealer' in product_type|title,https://www.wetnwildbeauty.com/products/bare-focus-niacinamide-skin-tint-fair-light-beige,7,https://cdn.shopify.com/s/files/1/0925/9221/0194/files/1116088_bare_focus_niacinamide_skin_tint_fair_light_beige-front-with-swatch.png?v=1783629580|https://cdn.shopify.com/s/files/1/0925/9221/0194/files/1116088_bare_focus_niacinamide_skin_tint_fair_light_beige-swatch.png?v=1783629575|https://cdn.shopify.com/s/files/1/0925/9221/0194/files/1116088.jpg?v=1759337198|https://cdn.shopify.com/s/files/1/0925/9221/0194/files/Image-5-Ingredients.jpg?v=1759337806|https://cdn.shopify.com/s/files/1/0925/9221/0194/files/Image-4.1-Benefits.jpg?v=1759337258|https://cdn.shopify.com/s/files/1/0925/9221/0194/files/AMZ-PDP_BareFocus-Niacinamide-Skin-Tint_26_2.jpg?v=1783629600|https://cdn.shopify.com/s/files/1/0925/9221/0194/files/Image-6-Claims.jpg?v=1759337806,shopify_wet_n_wild.json,2026-08-21T20:14:34.966731+00:00
204,4,Wet n Wild,10099389333778,breakup-proof-waterproof-retractable-gel-eyeliner-charcoal,Breakup Proof Waterproof Retractable Gel Eyeliner | Charcoal,Eye Primers,primer,primer <- 'primer' in product_type|title,https://www.wetnwildbeauty.com/products/breakup-proof-waterproof-retractable-gel-eyeliner-charcoal,5,https://cdn.shopify.com/s/files/1/0925/9221/0194/files/2_a859247f-31b0-477b-831e-8d717909c1b2.png?v=1743788000|https://cdn.shopify.com/s/files/1/0925/9221/0194/files/1115501_3.jpg?v=1743788000|https://cdn.shopify.com/s/files/1/0925/9221/0194/files/1115501.jpg?v=1743788000|https://cdn.shopify.com/s/files/1/0925/9221/0194/files/1115501_4.jpg?v=1743788000|https://cdn.shopify.com/s/files/1/0925/9221/0194/files/1115501_5.jpg?v=1743788000,shopify_wet_n_wild.json,2026-08-21T20:14:34.966731+00:00
205,5,Wet n Wild,10099442549010,color-icon-5-pan-palette-full-bloomin,Color Icon 5 Pan Eye & Face Palette | Full Bloomin',Eye Shadows,eyeshadow_single,eyeshadow_single <- 'eye shadow' in product_type|title,https://www.wetnwildbeauty.com/products/color-icon-5-pan-palette-full-bloomin,3,https://cdn.shopify.com/s/files/1/0925/9221/0194/files/color-icon-5-pan-palette-front_1253320c-554f-47cf-a491-ddfe6f052558.jpg?v=1743791806|https://cdn.shopify.com/s/files/1/0925/9221/0194/files/color-icon-5-pan-palette-swatch_4fd73335-9b82-43af-9927-94b19c693822.jpg?v=1743791806|https://cdn.shopify.com/s/files/1/0925/9221/0194/files/color-icon-5-pan-palette-open.jpg?v=1743791806,shopify_wet_n_wild.json,2026-08-21T20:14:34.966731+00:00
206,6,Wet n Wild,10099297779986,megalast-liquid-catsuit-high-shine-lipstick-bad-girl-s-club,MegaLast Liquid Catsuit High-Shine Lipstick | Bad Girl's Club,Lipsticks,liquid_lipstick,liquid_lipstick <- 'liquid catsuit' in product_type|title,https://www.wetnwildbeauty.com/products/megalast-liquid-catsuit-high-shine-lipstick-bad-girl-s-club,3,https://cdn.shopify.com/s/files/1/0925/9221/0194/files/968a_1.png?v=1743780276|https://cdn.shopify.com/s/files/1/0925/9221/0194/files/968a_2.png?v=1743780276|https://cdn.shopify.com/s/files/1/0925/9221/0194/files/968a_3.png?v=1743780276,shopify_wet_n_wild.json,2026-08-21T20:14:34.966731+00:00
207,7,Wet n Wild,10099340673298,big-poppa-mascara,Big Poppa Mascara,Mascaras,mascara,mascara <- 'mascara' in product_type|title,https://www.wetnwildbeauty.com/products/big-poppa-mascara,8,https://cdn.shopify.com/s/files/1/0925/9221/0194/files/1111875_3.jpg?v=1743784020|https://cdn.shopify.com/s/files/1/0925/9221/0194/files/1111875_5.jpg?v=1743784020|https://cdn.shopify.com/s/files/1/0925/9221/0194/files/1111875_8.jpg?v=1743784020|https://cdn.shopify.com/s/files/1/0925/9221/0194/files/1111875_6.jpg?v=1743784020|https://cdn.shopify.com/s/files/1/0925/9221/0194/files/1111875_2.jpg?v=1743784020|https://cdn.shopify.com/s/files/1/0925/9221/0194/files/1111875_10.jpg?v=1743784020|https://cdn.shopify.com/s/files/1/0925/9221/0194/files/1111875_7.jpg?v=1743784020|https://cdn.shopify.com/s/files/1/0925/9221/0194/files/hqdefault.jpg?v=1743784020,shopify_wet_n_wild.json,2026-08-21T20:14:34.966731+00:00
208,8,Wet n Wild,10099275497746,perfect-pout-gel-lip-liner-bare-to-comment,Perfect Pout Gel Lip Liner | Bare To Comment,Lip Liners,lip_liner,lip_liner <- 'lip liner' in product_type|title,https://www.wetnwildbeauty.com/products/perfect-pout-gel-lip-liner-bare-to-comment,11,https://cdn.shopify.com/s/files/1/0925/9221/0194/files/651B_Perfect_Pout_Gel_Lip_Liner_Open_with_swatch.png?v=1763427590|https://cdn.shopify.com/s/files/1/0925/9221/0194/files/651B_Perfect_Pout_Gel_Lip_Liner_swatch.png?v=1763427590|https://cdn.shopify.com/s/files/1/0925/9221/0194/files/651B_Bare_Comment_IMG_1_copy.jpg?v=1776731078|https://cdn.shopify.com/s/files/1/0925/9221/0194/files/IMG_2.jpg?v=1776731288|https://cdn.shopify.com/s/files/1/0925/9221/0194/files/IMG_3.jpg?v=1776731288|https://cdn.shopify.com/s/files/1/0925/9221/0194/files/IMG_4.jpg?v=1776731288|https://cdn.shopify.com/s/files/1/0925/9221/0194/files/IMG_5.jpg?v=1776731288|https://cdn.shopify.com/s/files/1/0925/9221/0194/files/651B_Perfect_Pout_Gel_Lip_Liner_Open.png?v=1776731078,shopify_wet_n_wild.json,2026-08-21T20:14:34.966731+00:00
209,9,Wet n Wild,10099500187922,photo-focus-loose-setting-powder-soft-pink,Photo Focus Loose Setting Powder | Soft Pink,Face Powder,setting_powder,setting_powder <- 'setting powder' in product_type|title,https://www.wetnwildbeauty.com/products/photo-focus-loose-setting-powder-soft-pink,8,https://cdn.shopify.com/s/files/1/0925/9221/0194/files/SOFT_PINK.jpg?v=1762977827|https://cdn.shopify.com/s/files/1/0925/9221/0194/files/1116513_LooseSettingPowder_swatch.png?v=1762978312|https://cdn.shopify.com/s/files/1/0925/9221/0194/files/1116513_LooseSettingPowder_Open.png?v=1762978342|https://cdn.shopify.com/s/files/1/0925/9221/0194/files/1116513_PDP-1.jpg?v=1762978498|https://cdn.shopify.com/s/files/1/0925/9221/0194/files/1116513_PDP-2.jpg?v=1762978497|https://cdn.shopify.com/s/files/1/0925/9221/0194/files/1116513_PDP-3.jpg?v=1762978498|https://cdn.shopify.com/s/files/1/0925/9221/0194/files/1116513_PDP-4.jpg?v=1762978498|https://cdn.shopify.com/s/files/1/0925/9221/0194/files/1116513_PDP-5.jpg?v=1762978497,shopify_wet_n_wild.json,2026-08-21T20:14:34.966731+00:00
210,10,Wet n Wild,10281063547154,mega-inky-lip-color-desert-crush,Mega Inky Lip Color | Desert Crush,Lipsticks,lipstick,lipstick <- 'lipstick' in product_type|title,https://www.wetnwildbeauty.com/products/mega-inky-lip-color-desert-crush,7,https://cdn.shopify.com/s/files/1/0925/9221/0194/files/11620594-mega-inky-lip-color-open-with-swatch.png?v=1768267469|https://cdn.shopify.com/s/files/1/0925/9221/0194/files/11620594-mega-inky-lip-color-desert-crush-swatch.png?v=1768267469|https://cdn.shopify.com/s/files/1/0925/9221/0194/files/mega_Inky_pdp_11620594_desert_crush_1.jpg?v=1769560561|https://cdn.shopify.com/s/files/1/0925/9221/0194/files/mega_Inky_pdp_11620594_desert_crush_2.jpg?v=1769560561|https://cdn.shopify.com/s/files/1/0925/9221/0194/files/mega_Inky_pdp_11620594_desert_crush_3.jpg?v=1769560561|https://cdn.shopify.com/s/files/1/0925/9221/0194/files/mega_Inky_pdp_11620594_desert_crush_4.jpg?v=1769560561|https://cdn.shopify.com/s/files/1/0925/9221/0194/files/11620594-mega-inky-lip-color-front-sticker.png?v=1769560561,shopify_wet_n_wild.json,2026-08-21T20:14:34.966731+00:00
211,11,Wet n Wild,10099502186770,powder-puff,Powder Puff,Makeup Sponges,pressed_powder,pressed_powder <- 'powder' in product_type|title,https://www.wetnwildbeauty.com/products/powder-puff,5,https://cdn.shopify.com/s/files/1/0925/9221/0194/files/1116708_Powder-Puff-Sponge_Product-Front.jpg?v=1743794455|https://cdn.shopify.com/s/files/1/0925/9221/0194/files/Artboard-1_cd74240d-17dc-4386-b4c4-2b04d0af3895.jpg?v=1743794454|https://cdn.shopify.com/s/files/1/0925/9221/0194/files/1116708_PDP-2.jpg?v=1743794454|https://cdn.shopify.com/s/files/1/0925/9221/0194/files/Artboard-3_f74c92d7-f9a8-43ef-9c62-0f7a2dc62274.jpg?v=1743794455|https://cdn.shopify.com/s/files/1/0925/9221/0194/files/Artboard-4_fb2344c6-3ffc-4918-9806-7e9ead06bf5d.jpg?v=1743794454,shopify_wet_n_wild.json,2026-08-21T20:14:34.966731+00:00
212,12,Wet n Wild,10300663431442,chameleon-chrome-lip-foil-heatwave-star,Chameleon Chrome Lip Foil | Heatwave Star,Lip Gloss,lip_gloss,lip_gloss <- 'lip gloss' in product_type|title,https://www.wetnwildbeauty.com/products/chameleon-chrome-lip-foil-heatwave-star,6,https://cdn.shopify.com/s/files/1/0925/9221/0194/files/11620854_chameleonchromelipfoil_open-with-swatch_f6806102-3684-4806-a354-193ca38d3af9.png?v=1773769009|https://cdn.shopify.com/s/files/1/0925/9221/0194/files/11620854_chameleon-chrome-lip-foil_heatwave-star_swatch_4a0b8709-c9b2-47c4-9c4c-6914b79b05f9.png?v=1773769009|https://cdn.shopify.com/s/files/1/0925/9221/0194/files/11620854_HeatwaveStar_2.jpg?v=1773769009|https://cdn.shopify.com/s/files/1/0925/9221/0194/files/11620854_HeatwaveStar_3.jpg?v=1773769009|https://cdn.shopify.com/s/files/1/0925/9221/0194/files/11620854_HeatwaveStar_4.jpg?v=1773769009|https://cdn.shopify.com/s/files/1/0925/9221/0194/files/11620854_HeatwaveStar_5.jpg?v=1773769009,shopify_wet_n_wild.json,2026-08-21T20:14:34.966731+00:00
213,13,Wet n Wild,10099490259218,chrome-highlighter-venus-swing,Chameleon Chrome Highlighter | Venus Swing,Highlighters & Luminizers,highlighter,highlighter <- 'highlight' in product_type|title,https://www.wetnwildbeauty.com/products/chrome-highlighter-venus-swing,5,https://cdn.shopify.com/s/files/1/0925/9221/0194/files/11432054_ChameleonChromeHighlighter_Frontwithswatch.png?v=1758306949|https://cdn.shopify.com/s/files/1/0925/9221/0194/files/11432054_02_82c08932-8c37-4898-8e7f-152773f3c60c.jpg?v=1758306949|https://cdn.shopify.com/s/files/1/0925/9221/0194/files/11432054_03_dd56c674-cc53-4906-95ab-92740a21e137.jpg?v=1758306949|https://cdn.shopify.com/s/files/1/0925/9221/0194/files/11432054_04_f8386a93-e81e-42cb-8443-ecb41c776152.jpg?v=1758306949|https://cdn.shopify.com/s/files/1/0925/9221/0194/files/11432054_06_dca38ce6-f004-47af-880d-f2e701e1de50.jpg?v=1758306949,shopify_wet_n_wild.json,2026-08-21T20:14:34.966731+00:00
214,14,Wet n Wild,10281052537106,mother-fluffer-cloud-bronzer-toasty-maple,Mother Fluffer Cloud Bronzer | Beige Please,Blushes & Bronzers,bronzer,bronzer <- 'bronzer' in product_type|title,https://www.wetnwildbeauty.com/products/mother-fluffer-cloud-bronzer-toasty-maple,9,https://cdn.shopify.com/s/files/1/0925/9221/0194/files/11430589-mother-fluffer-pudding-bronzer-open-with-swatch.png?v=1782254014|https://cdn.shopify.com/s/files/1/0925/9221/0194/files/11430589-mother-fluffer-pudding-bronzer-swatch.png?v=1769650471|https://cdn.shopify.com/s/files/1/0925/9221/0194/files/MF_CLOUD_BRONZER_PDP_11430589beige_please_1.jpg?v=1769650471|https://cdn.shopify.com/s/files/1/0925/9221/0194/files/MF_CLOUD_BRONZER_PDP_11430589beige_please_2.jpg?v=1769650471|https://cdn.shopify.com/s/files/1/0925/9221/0194/files/MF_CLOUD_BRONZER_PDP_11430589beige_please_3.jpg?v=1769650471|https://cdn.shopify.com/s/files/1/0925/9221/0194/files/MF_CLOUD_BRONZER_PDP_11430589beige_please_4.jpg?v=1769650471|https://cdn.shopify.com/s/files/1/0925/9221/0194/files/MF_CLOUD_BRONZER_PDP_11430589beige_please_5.jpg?v=1769650471|https://cdn.shopify.com/s/files/1/0925/9221/0194/files/11430589-mother-fluffer-pudding-bronzer-box-front.png?v=1769650471,shopify_wet_n_wild.json,2026-08-21T20:14:34.966731+00:00
215,15,Wet n Wild,10099435634962,breakup-proof-waterproof-liquid-eyeliner-brown,Breakup Proof Waterproof Liquid Eyeliner | Brown,Eyeliner,brow,brow <- 'brow' in product_type|title,https://www.wetnwildbeauty.com/products/breakup-proof-waterproof-liquid-eyeliner-brown,7,https://cdn.shopify.com/s/files/1/0925/9221/0194/files/1116146_Breakup_Proof_Waterproof_Liquid_Eyeliner_Openwithswatch.png?v=1787002151|https://cdn.shopify.com/s/files/1/0925/9221/0194/files/Breakup_Proof_-PDP_PDP_1080_X_1080_1116146---03_1.jpg?v=1786688624|https://cdn.shopify.com/s/files/1/0925/9221/0194/files/Breakup_Proof_-PDP_PDP_1080_X_1080_1116146---05_1.jpg?v=1786688625|https://cdn.shopify.com/s/files/1/0925/9221/0194/files/Breakup_Proof_-PDP_PDP_1080_X_1080_1116146---02_1.jpg?v=1786688626|https://cdn.shopify.com/s/files/1/0925/9221/0194/files/Breakup_Proof_-PDP_PDP_1080_X_1080_1116146---04_1.jpg?v=1786688627|https://cdn.shopify.com/s/files/1/0925/9221/0194/files/Breakup_Proof_-PDP_PDP_1080_X_1080_1116146---21_1.jpg?v=1786688628|https://cdn.shopify.com/s/files/1/0925/9221/0194/files/1116146_Breakup_Proof_Waterproof_Liquid_Eyeliner_Front_b5e2583c-f1e7-4384-9ac2-7bedd8c434f7.jpg?v=1786688632,shopify_wet_n_wild.json,2026-08-21T20:14:34.966731+00:00
216,16,Wet n Wild,10099284410642,photo-focus-matte-setting-spray-matte-appeal,Photo Focus Matte Setting Spray | Matte Appeal,Makeup Finishing Sprays,setting_spray,setting_spray <- 'finishing spray' in product_type|title,https://www.wetnwildbeauty.com/products/photo-focus-matte-setting-spray-matte-appeal,2,https://cdn.shopify.com/s/files/1/0925/9221/0194/files/772.jpg?v=1743779183|https://cdn.shopify.com/s/files/1/0925/9221/0194/files/772-1.jpg?v=1743779183,shopify_wet_n_wild.json,2026-08-21T20:14:34.966731+00:00
217,17,Wet n Wild,10099433734418,bare-focus-niacinamide-skin-tint-deep,Bare Focus Niacinamide Skin Tint | Deep,Foundations & Concealers,concealer,concealer <- 'concealer' in product_type|title,https://www.wetnwildbeauty.com/products/bare-focus-niacinamide-skin-tint-deep,7,https://cdn.shopify.com/s/files/1/0925/9221/0194/files/1116325_bare_focus_niacinamide_skin_tint_deep-front-with-swatch.png?v=1783629580|https://cdn.shopify.com/s/files/1/0925/9221/0194/files/1116325_bare_focus_niacinamide_skin_tint_deep-swatch.png?v=1783629579|https://cdn.shopify.com/s/files/1/0925/9221/0194/files/1116325.jpg?v=1783632730|https://cdn.shopify.com/s/files/1/0925/9221/0194/files/Image-5-Ingredients.jpg?v=1759337806|https://cdn.shopify.com/s/files/1/0925/9221/0194/files/Image-4.3-Benefits.jpg?v=1759337774|https://cdn.shopify.com/s/files/1/0925/9221/0194/files/AMZ-PDP_BareFocus-Niacinamide-Skin-Tint_26_2.jpg?v=1783629600|https://cdn.shopify.com/s/files/1/0925/9221/0194/files/Image-6-Claims.jpg?v=1759337806,shopify_wet_n_wild.json,2026-08-21T20:14:34.966731+00:00
218,18,Wet n Wild,10099263832338,photo-focus-matte-face-primer-partners-in-prime,Photo Focus Matte Face Primer,Face Primers,primer,primer <- 'primer' in product_type|title,https://www.wetnwildbeauty.com/products/photo-focus-matte-face-primer-partners-in-prime,4,https://cdn.shopify.com/s/files/1/0925/9221/0194/files/850.png?v=1743777119|https://cdn.shopify.com/s/files/1/0925/9221/0194/files/850_2.png?v=1743777119|https://cdn.shopify.com/s/files/1/0925/9221/0194/files/850_2_1.png?v=1743777118|https://cdn.shopify.com/s/files/1/0925/9221/0194/files/850_3.png?v=1743777119,shopify_wet_n_wild.json,2026-08-21T20:14:34.966731+00:00
219,19,Wet n Wild,10099442385170,color-icon-5-pan-palette-gold-whip,Color Icon 5 Pan Eye & Face Palette | Gold Whip,Eye Shadows,eyeshadow_single,eyeshadow_single <- 'eye shadow' in product_type|title,https://www.wetnwildbeauty.com/products/color-icon-5-pan-palette-gold-whip,3,https://cdn.shopify.com/s/files/1/0925/9221/0194/files/EmptyName.jpg?v=1743791796|https://cdn.shopify.com/s/files/1/0925/9221/0194/files/2023-12-13-17-43-27-BR8S4.jpg?v=1743791796|https://cdn.shopify.com/s/files/1/0925/9221/0194/files/2023-12-13-17-42-59-BR8S4.jpg?v=1743791796,shopify_wet_n_wild.json,2026-08-21T20:14:34.966731+00:00
220,20,Wet n Wild,10099499761938,mega-glitter-shimmer-liquid-lipstick-pink-future,Mega Glitter Shimmer Liquid Lipstick | Pink Future,Lipsticks,liquid_lipstick,liquid_lipstick <- 'liquid lip' in product_type|title,https://www.wetnwildbeauty.com/products/mega-glitter-shimmer-liquid-lipstick-pink-future,7,https://cdn.shopify.com/s/files/1/0925/9221/0194/files/11623002_GlitterLiquidLipstick_Openwithswatch.png?v=1770837111|https://cdn.shopify.com/s/files/1/0925/9221/0194/files/chameleon_liquid_eyeliner_swatch_5.png?v=1770837506|https://cdn.shopify.com/s/files/1/0925/9221/0194/files/2000x2000-2-1.jpg?v=1770837506|https://cdn.shopify.com/s/files/1/0925/9221/0194/files/2000x2000-3-1.jpg?v=1770837506|https://cdn.shopify.com/s/files/1/0925/9221/0194/files/2000x2000-4-2.jpg?v=1770837506|https://cdn.shopify.com/s/files/1/0925/9221/0194/files/2000x2000-5-1.jpg?v=1770837506|https://cdn.shopify.com/s/files/1/0925/9221/0194/files/2000x2000-6-1.jpg?v=1770837506,shopify_wet_n_wild.json,2026-08-21T20:14:34.966731+00:00
221,21,Wet n Wild,10099440025874,so-defined-volumizing-defining-mascara,So Defined Volumizing + Defining Mascara,Mascaras,mascara,mascara <- 'mascara' in product_type|title,https://www.wetnwildbeauty.com/products/so-defined-volumizing-defining-mascara,8,https://cdn.shopify.com/s/files/1/0925/9221/0194/files/1116145_MegaVolume_So_Defined_Volumizing_Mascara_Open_withswatch-1.png?v=1743791664|https://cdn.shopify.com/s/files/1/0925/9221/0194/files/So-defined_PDP10.jpg?v=1743791665|https://cdn.shopify.com/s/files/1/0925/9221/0194/files/So-defined_PDP6.jpg?v=1743791665|https://cdn.shopify.com/s/files/1/0925/9221/0194/files/So-defined_PDP2.jpg?v=1743791664|https://cdn.shopify.com/s/files/1/0925/9221/0194/files/So-defined_PDP5.jpg?v=1743791665|https://cdn.shopify.com/s/files/1/0925/9221/0194/files/So-defined_PDP1.jpg?v=1743791665|https://cdn.shopify.com/s/files/1/0925/9221/0194/files/So-defined_PDP8.jpg?v=1743791664|https://cdn.shopify.com/s/files/1/0925/9221/0194/files/1116145_MegaVolume_So_Defined_Volumizing_Mascara_Front_A.jpg?v=1743791664,shopify_wet_n_wild.json,2026-08-21T20:14:34.966731+00:00
222,22,Wet n Wild,10293980201234,color-icon-lipliner-pencil-brandy-wine-copy,Color Icon Lipliner Pencil | Brandy Wine,Lip Liners,lip_liner,lip_liner <- 'lip liner' in product_type|title,https://www.wetnwildbeauty.com/products/color-icon-lipliner-pencil-brandy-wine-copy,1,https://cdn.shopify.com/s/files/1/0925/9221/0194/files/666_ColorIcon_Lipliner_Pencil_BrandyWine_48aa400f-2dcf-48af-a657-7dacacec8b06.png?v=1763429602,shopify_wet_n_wild.json,2026-08-21T20:14:34.966731+00:00
223,23,Wet n Wild,10099361218834,bare-focus-clarifying-finishing-powder-medium-tan,Bare Focus Clarifying Finishing Powder | Medium-Tan,Face Powder,setting_powder,setting_powder <- 'finishing powder' in product_type|title,https://www.wetnwildbeauty.com/products/bare-focus-clarifying-finishing-powder-medium-tan,7,https://cdn.shopify.com/s/files/1/0925/9221/0194/files/BareFocus_Powder-1114481_5e73776e-6ac6-408d-9bf1-7b141bb49cab.jpg?v=1743785844|https://cdn.shopify.com/s/files/1/0925/9221/0194/files/BareFocus_Powder-1114481_2.jpg?v=1743785844|https://cdn.shopify.com/s/files/1/0925/9221/0194/files/1114481_2.jpg?v=1743785844|https://cdn.shopify.com/s/files/1/0925/9221/0194/files/1114481_5.jpg?v=1743785844|https://cdn.shopify.com/s/files/1/0925/9221/0194/files/1114481_3.jpg?v=1743785844|https://cdn.shopify.com/s/files/1/0925/9221/0194/files/BareFocus_Powder-2_d4882ada-b6c6-4023-b23f-88766576a1a4.jpg?v=1743785844|https://cdn.shopify.com/s/files/1/0925/9221/0194/files/BareFocus_Powder-4_12dff32e-5d18-4a19-8284-4abc7f44abfe.jpg?v=1743785844,shopify_wet_n_wild.json,2026-08-21T20:14:34.966731+00:00
224,24,Wet n Wild,10099437732114,mega-glo-lip-cheek-color-berry-true,Mega Glo Lip & Cheek Color | Berry True,Lipsticks,lipstick,lipstick <- 'lipstick' in product_type|title,https://www.wetnwildbeauty.com/products/mega-glo-lip-cheek-color-berry-true,7,https://cdn.shopify.com/s/files/1/0925/9221/0194/files/1116095-1.jpg?v=1759341897|https://cdn.shopify.com/s/files/1/0925/9221/0194/files/1116095-2.jpg?v=1759341897|https://cdn.shopify.com/s/files/1/0925/9221/0194/files/1116095-3.jpg?v=1759341897|https://cdn.shopify.com/s/files/1/0925/9221/0194/files/1116095-4.jpg?v=1759341897|https://cdn.shopify.com/s/files/1/0925/9221/0194/files/1116095-5.jpg?v=1759341897|https://cdn.shopify.com/s/files/1/0925/9221/0194/files/1116095-6.jpg?v=1759341897|https://cdn.shopify.com/s/files/1/0925/9221/0194/files/1116095_MegaGlo_Liquid_Lip___Cheek_swatch.jpg?v=1759341882,shopify_wet_n_wild.json,2026-08-21T20:14:34.966731+00:00
225,25,Wet n Wild,10099271762194,megaslickstm-lip-gloss-bronze-berry-megaslicks-lip-gloss,MegaSlicks™ Lip Gloss | Bronze Berry,Lip Gloss,lip_gloss,lip_gloss <- 'lip gloss' in product_type|title,https://www.wetnwildbeauty.com/products/megaslickstm-lip-gloss-bronze-berry-megaslicks-lip-gloss,1,https://cdn.shopify.com/s/files/1/0925/9221/0194/files/554b_hr.jpg?v=1743778118,shopify_wet_n_wild.json,2026-08-21T20:14:34.966731+00:00
226,26,Wet n Wild,10099282739474,megaglo-makeup-stick-you-re-a-natural,MegaGlo Vitamin E Makeup Stick | You're A Natural,Highlighters & Luminizers,highlighter,highlighter <- 'highlight' in product_type|title,https://www.wetnwildbeauty.com/products/megaglo-makeup-stick-you-re-a-natural,3,https://cdn.shopify.com/s/files/1/0925/9221/0194/files/MegaGloMakeupStick_809_swatch.jpg?v=1743779004|https://cdn.shopify.com/s/files/1/0925/9221/0194/files/MegaGloMakeupStick_809_Front.jpg?v=1743779003|https://cdn.shopify.com/s/files/1/0925/9221/0194/files/MegaGloMakeupStick_809_Open.jpg?v=1743779003,shopify_wet_n_wild.json,2026-08-21T20:14:34.966731+00:00
227,27,Wet n Wild,10300624175378,mother-fluffer-cloud-bronzer-cool-brew,Mother Fluffer Cloud Bronzer | Cool Brew,Blushes & Bronzers,bronzer,bronzer <- 'bronzer' in product_type|title,https://www.wetnwildbeauty.com/products/mother-fluffer-cloud-bronzer-cool-brew,9,https://cdn.shopify.com/s/files/1/0925/9221/0194/files/11430841_mother-fluffer-pudding-bronzer_open_with_swatch.png?v=1782254016|https://cdn.shopify.com/s/files/1/0925/9221/0194/files/11430841-mother-fluffer-pudding-bronzer-swatch.png?v=1768254831|https://cdn.shopify.com/s/files/1/0925/9221/0194/files/MF_CLOUD_BRONZER_PDP_11430841_COOL_B_REW_WAL_EXCL_1.jpg?v=1769128776|https://cdn.shopify.com/s/files/1/0925/9221/0194/files/MF_CLOUD_BRONZER_PDP_11430841_COOL_BREW_WAL_EXCL2.jpg?v=1769128776|https://cdn.shopify.com/s/files/1/0925/9221/0194/files/MF_CLOUD_BRONZER_PDP_11430841_COOL_BREW_WAL_EXCL_3.jpg?v=1769128776|https://cdn.shopify.com/s/files/1/0925/9221/0194/files/MF_CLOUD_BRONZER_PDP_11430841_COOL_B_REW_WAL_EXCL_4.jpg?v=1769128777|https://cdn.shopify.com/s/files/1/0925/9221/0194/files/MF_CLOUD_BRONZER_PDP_11430841_COOL_BREW_WAL_EXCL_5.jpg?v=1769128776|https://cdn.shopify.com/s/files/1/0925/9221/0194/files/11430841_mother-fluffer-pudding-bronzer_box-front.png?v=1768254830,shopify_wet_n_wild.json,2026-08-21T20:14:34.966731+00:00
228,28,Wet n Wild,10099338969362,brow-sessive-brow-pencil-taupe,Brow-Sessive Brow Pencil | Taupe,Eyebrow Enhancers,brow,brow <- 'eyebrow' in product_type|title,https://www.wetnwildbeauty.com/products/brow-sessive-brow-pencil-taupe,9,https://cdn.shopify.com/s/files/1/0925/9221/0194/files/Brow_Sessive_Brow_Pencil-3_e7701286-6f6d-47be-aeba-5c5ce9851906.jpg?v=1743783907|https://cdn.shopify.com/s/files/1/0925/9221/0194/files/1111888_4_1.jpg?v=1743783907|https://cdn.shopify.com/s/files/1/0925/9221/0194/files/1111888_1.jpg?v=1743783907|https://cdn.shopify.com/s/files/1/0925/9221/0194/files/Brow_Sessive_Brow_Pencil-8.jpg?v=1743783907|https://cdn.shopify.com/s/files/1/0925/9221/0194/files/Brow_Sessive_Brow_Pencil-5_13576f7e-15e2-43ef-9b15-36b630d55d61.jpg?v=1743783907|https://cdn.shopify.com/s/files/1/0925/9221/0194/files/Brow_Sessive_Brow_Pencil-14_dae4ea56-5e17-4fa7-b578-ca8f8ff15963.jpg?v=1743783907|https://cdn.shopify.com/s/files/1/0925/9221/0194/files/Brow_Sessive_Brow_Pencil-13_da0ffcc1-0157-48d4-90ea-9854208b1232.jpg?v=1743783907|https://cdn.shopify.com/s/files/1/0925/9221/0194/files/Brow_Sessive_Brow_Pencil-12_9764c4a6-c24a-4063-be81-00b23dfcdf59.jpg?v=1743783907,shopify_wet_n_wild.json,2026-08-21T20:14:34.966731+00:00
229,29,Wet n Wild,10099443728658,photo-focus-natural-finish-setting-mist,Photo Focus Natural Finish Setting Mist,Makeup Finishing Sprays,setting_spray,setting_spray <- 'finishing spray' in product_type|title,https://www.wetnwildbeauty.com/products/photo-focus-natural-finish-setting-mist,4,https://cdn.shopify.com/s/files/1/0925/9221/0194/files/1116100_PhotoFocus_24-Hour_Setting_Mist_Front_A.jpg?v=1743791860|https://cdn.shopify.com/s/files/1/0925/9221/0194/files/1116100_PhotoFocus_24-Hour_Setting_Mist_Open_A.jpg?v=1743791860|https://cdn.shopify.com/s/files/1/0925/9221/0194/files/1116100_PhotoFocus_24-Hour_Setting_Mist_swatch.jpg?v=1743791860|https://cdn.shopify.com/s/files/1/0925/9221/0194/files/1116100_PhotoFocus_24-Hour_Setting_Mist_Back_A.jpg?v=1743791860,shopify_wet_n_wild.json,2026-08-21T20:14:34.966731+00:00
230,30,Wet n Wild,10099434291474,bare-focus-niacinamide-skin-tint-deep-tan,Bare Focus Niacinamide Skin Tint | Deep Tan,Foundations & Concealers,concealer,concealer <- 'concealer' in product_type|title,https://www.wetnwildbeauty.com/products/bare-focus-niacinamide-skin-tint-deep-tan,7,https://cdn.shopify.com/s/files/1/0925/9221/0194/files/1116326_bare_focus_niacinamide_skin_tint_deep_tan-front-with-swatch.png?v=1783629580|https://cdn.shopify.com/s/files/1/0925/9221/0194/files/1116326_bare_focus_niacinamide_skin_tint_deep_tan-swatch.png?v=1783629578|https://cdn.shopify.com/s/files/1/0925/9221/0194/files/1116326.jpg?v=1783632624|https://cdn.shopify.com/s/files/1/0925/9221/0194/files/baredeep_9528b6b2-e665-4082-a3f0-279e965311e2.jpg?v=1759337908|https://cdn.shopify.com/s/files/1/0925/9221/0194/files/Image-5-Ingredients.jpg?v=1759337806|https://cdn.shopify.com/s/files/1/0925/9221/0194/files/AMZ-PDP_BareFocus-Niacinamide-Skin-Tint_26_2.jpg?v=1783629600|https://cdn.shopify.com/s/files/1/0925/9221/0194/files/Image-6-Claims.jpg?v=1759337806,shopify_wet_n_wild.json,2026-08-21T20:14:34.966731+00:00
231,31,Wet n Wild,10099437109522,impossible-primer-stick,Impossible Primer Stick,Face Primers,primer,primer <- 'primer' in product_type|title,https://www.wetnwildbeauty.com/products/impossible-primer-stick,4,https://cdn.shopify.com/s/files/1/0925/9221/0194/files/1116103_Impossible_Primer_Stick_Front_A.jpg?v=1743791509|https://cdn.shopify.com/s/files/1/0925/9221/0194/files/1116103_Impossible_Primer_Stick_Open_A.jpg?v=1743791509|https://cdn.shopify.com/s/files/1/0925/9221/0194/files/1116103_Impossible_Primer_Stick_swatch.jpg?v=1743791509|https://cdn.shopify.com/s/files/1/0925/9221/0194/files/1116103_Impossible_Primer_Stick_Back_A.jpg?v=1743791509,shopify_wet_n_wild.json,2026-08-21T20:14:34.966731+00:00
232,32,Wet n Wild,10281059516690,chameleon-chrome-eyeshadow-nebula-rush,Chameleon Chrome Eyeshadow | Nebula Rush,Eye Shadows,eyeshadow_single,eyeshadow_single <- 'eye shadow' in product_type|title,https://www.wetnwildbeauty.com/products/chameleon-chrome-eyeshadow-nebula-rush,9,https://cdn.shopify.com/s/files/1/0925/9221/0194/files/11340609-chameleon-chrome-eyeshadow-front-with-swatch.png?v=1768264927|https://cdn.shopify.com/s/files/1/0925/9221/0194/files/11340609-chameleon-chrome-eyeshadow-nebula-rush-swatch.png?v=1769561392|https://cdn.shopify.com/s/files/1/0925/9221/0194/files/11340609_Nebula_Rush_02.jpg?v=1769561392|https://cdn.shopify.com/s/files/1/0925/9221/0194/files/11340609_Nebula_Rush_03.jpg?v=1769561392|https://cdn.shopify.com/s/files/1/0925/9221/0194/files/11340609_Nebula_Rush_04.jpg?v=1769561392|https://cdn.shopify.com/s/files/1/0925/9221/0194/files/11340609_Nebula_Rush_05.jpg?v=1769561392|https://cdn.shopify.com/s/files/1/0925/9221/0194/files/11340609_Nebula_Rush_06.jpg?v=1769561392|https://cdn.shopify.com/s/files/1/0925/9221/0194/files/11340609-chameleon-chrome-eyeshadow-card-front.png?v=1769561392,shopify_wet_n_wild.json,2026-08-21T20:14:34.966731+00:00
233,33,Wet n Wild,10099500384530,mega-glitter-shimmer-liquid-lipstick-hear-me-out,Mega Glitter Shimmer Liquid Lipstick | Hear Me Out,Lipsticks,liquid_lipstick,liquid_lipstick <- 'liquid lip' in product_type|title,https://www.wetnwildbeauty.com/products/mega-glitter-shimmer-liquid-lipstick-hear-me-out,7,https://cdn.shopify.com/s/files/1/0925/9221/0194/files/11623001_GlitterLiquidLipstick_Openwithswatch.png?v=1770836678|https://cdn.shopify.com/s/files/1/0925/9221/0194/files/11623001_GlitterLiquidLipstick_swatch.png?v=1770836737|https://cdn.shopify.com/s/files/1/0925/9221/0194/files/2000x2000-2-2.jpg?v=1770836737|https://cdn.shopify.com/s/files/1/0925/9221/0194/files/2000x2000-3.jpg?v=1770836737|https://cdn.shopify.com/s/files/1/0925/9221/0194/files/2000x2000-4-2_bee04b56-9288-4bbe-9d79-0b7ab4baaf6a.jpg?v=1770836737|https://cdn.shopify.com/s/files/1/0925/9221/0194/files/2000x2000-5-2.jpg?v=1770836737|https://cdn.shopify.com/s/files/1/0925/9221/0194/files/2000x2000-6-2.jpg?v=1770836737,shopify_wet_n_wild.json,2026-08-21T20:14:34.966731+00:00
234,34,Wet n Wild,10099258884370,color-icon-lipliner-plumberry,Color Icon Lipliner | Plumberry,Lip Liners,lip_liner,lip_liner <- 'lip liner' in product_type|title,https://www.wetnwildbeauty.com/products/color-icon-lipliner-plumberry,1,https://cdn.shopify.com/s/files/1/0925/9221/0194/files/715_ColorIcon_Lipliner_Pencil_Plumberry.png?v=1763429602,shopify_wet_n_wild.json,2026-08-21T20:14:34.966731+00:00
235,35,Wet n Wild,10099442155794,soft-blur-matte-lipstick-little-red-rosette,Soft Blur Matte Lipstick | Little Red Rosette,Lipsticks,lipstick,lipstick <- 'lipstick' in product_type|title,https://www.wetnwildbeauty.com/products/soft-blur-matte-lipstick-little-red-rosette,5,https://cdn.shopify.com/s/files/1/0925/9221/0194/files/1116141_Soft_Blur_Matte_Lipstick_Openwithswatch.png?v=1743791788|https://cdn.shopify.com/s/files/1/0925/9221/0194/files/Artboard-6_c73e0f37-4cb7-49e2-94d0-c99248c4535e.jpg?v=1743791788|https://cdn.shopify.com/s/files/1/0925/9221/0194/files/Artboard-5_c768f125-a90e-4a72-baea-4fbceb6d324d.jpg?v=1743791788|https://cdn.shopify.com/s/files/1/0925/9221/0194/files/Artboard-3_d36912cf-e5dc-4590-a265-0f070c7d54ee.jpg?v=1743791788|https://cdn.shopify.com/s/files/1/0925/9221/0194/files/Artboard-4_9144e104-de61-43a8-86c4-d4d6c5f5a78a.jpg?v=1743791788,shopify_wet_n_wild.json,2026-08-21T20:14:34.966731+00:00
236,36,Wet n Wild,10099271237906,megaslickstm-lip-gloss-that-s-my-jam-megaslicks-lip-gloss,MegaSlicks™ Lip Gloss | That's My Jam,Lip Gloss,lip_gloss,lip_gloss <- 'lip gloss' in product_type|title,https://www.wetnwildbeauty.com/products/megaslickstm-lip-gloss-that-s-my-jam-megaslicks-lip-gloss,1,https://cdn.shopify.com/s/files/1/0925/9221/0194/files/549b_hr.jpg?v=1743778084,shopify_wet_n_wild.json,2026-08-21T20:14:34.966731+00:00
237,37,Wet n Wild,10099273171218,megaglo-highlighting-powder-bloom-time,MegaGlo Highlighting Powder | Bloom Time,Highlighters & Luminizers,highlighter,highlighter <- 'highlight' in product_type|title,https://www.wetnwildbeauty.com/products/megaglo-highlighting-powder-bloom-time,4,https://cdn.shopify.com/s/files/1/0925/9221/0194/files/335a.png?v=1743778276|https://cdn.shopify.com/s/files/1/0925/9221/0194/files/335a_2.png?v=1743778277|https://cdn.shopify.com/s/files/1/0925/9221/0194/files/335a_3.png?v=1743778276|https://cdn.shopify.com/s/files/1/0925/9221/0194/files/335a_4.png?v=1743778276,shopify_wet_n_wild.json,2026-08-21T20:14:34.966731+00:00
238,38,Wet n Wild,10301860839698,mother-fluffer-cloud-blush-mauve-forever,Mother Fluffer Cloud Blush | Mauve Forever,Blushes & Bronzers,bronzer,bronzer <- 'bronzer' in product_type|title,https://www.wetnwildbeauty.com/products/mother-fluffer-cloud-blush-mauve-forever,9,https://cdn.shopify.com/s/files/1/0925/9221/0194/files/11430839_mother-fluffer-pudding-blush_open_with_swatch.png?v=1782254021|https://cdn.shopify.com/s/files/1/0925/9221/0194/files/11430839-mother-fluffer-pudding-blush-swatch_39516184-920f-414b-9be3-a475b48ca6ec.png?v=1768260612|https://cdn.shopify.com/s/files/1/0925/9221/0194/files/MF_CLOUD_BLUSH_PDP_11450839_mauve_forever_1.jpg?v=1770314846|https://cdn.shopify.com/s/files/1/0925/9221/0194/files/MF_CLOUD_BLUSH_PDP_11450839_mauve_forever_2.jpg?v=1770314846|https://cdn.shopify.com/s/files/1/0925/9221/0194/files/MF_CLOUD_BLUSH_PDP_11450839_mauve_forever_3.jpg?v=1770314846|https://cdn.shopify.com/s/files/1/0925/9221/0194/files/MF_CLOUD_BLUSH_PDP_11450839_mauve_forever_4.jpg?v=1770314846|https://cdn.shopify.com/s/files/1/0925/9221/0194/files/MF_CLOUD_BLUSH_PDP_11450839_mauve_forever_5.jpg?v=1770314846|https://cdn.shopify.com/s/files/1/0925/9221/0194/files/11430839_mother_fluffer_pudding_blush_box_front.jpg?v=1770314961,shopify_wet_n_wild.json,2026-08-21T20:14:34.966731+00:00
239,39,Wet n Wild,10281062007058,ultimate-brow-brow-pen-dark-brown,Ultimate Brow Brow Pen | Dark Brown,Eyebrow Enhancers,brow,brow <- 'eyebrow' in product_type|title,https://www.wetnwildbeauty.com/products/ultimate-brow-brow-pen-dark-brown,8,https://cdn.shopify.com/s/files/1/0925/9221/0194/files/11340617_ultumate-brow-pen_open-with-swatch.png?v=1768266010|https://cdn.shopify.com/s/files/1/0925/9221/0194/files/11340617_ultumate-brow-pen-swatch.png?v=1768266010|https://cdn.shopify.com/s/files/1/0925/9221/0194/files/11340617_UltimateBrow_DarkBrown_2.jpg?v=1769561023|https://cdn.shopify.com/s/files/1/0925/9221/0194/files/11340617_UltimateBrow_DarkBrown_3.jpg?v=1769561023|https://cdn.shopify.com/s/files/1/0925/9221/0194/files/11340617_UltimateBrow_DarkBrown_4.jpg?v=1769561023|https://cdn.shopify.com/s/files/1/0925/9221/0194/files/11340617_UltimateBrow_DarkBrown_5.jpg?v=1769561023|https://cdn.shopify.com/s/files/1/0925/9221/0194/files/11340617_ultumate-brow-pen_box-front-sticker.png?v=1769561023|https://cdn.shopify.com/s/files/1/0925/9221/0194/files/11340617_ultumate-browpen_boxback.png?v=1769561023,shopify_wet_n_wild.json,2026-08-21T20:14:34.966731+00:00
240,40,Wet n Wild,10183565213970,kelp-shake-dual-phase-setting-mist,KELP SHAKE DUAL PHASE SETTING MIST,Makeup Finishing Sprays,setting_spray,setting_spray <- 'finishing spray' in product_type|title,https://www.wetnwildbeauty.com/products/kelp-shake-dual-phase-setting-mist,7,https://cdn.shopify.com/s/files/1/0925/9221/0194/files/11460435_DualPhaseSettingMist_Front_with_swatch-copy.jpg?v=1752619959|https://cdn.shopify.com/s/files/1/0925/9221/0194/files/Kelp-Mist-1.jpg?v=1752619959|https://cdn.shopify.com/s/files/1/0925/9221/0194/files/Collection_fb9ebc1b-3a47-4ab3-9ba2-b3a6952aeb3e.jpg?v=1752619959|https://cdn.shopify.com/s/files/1/0925/9221/0194/files/Kelp-Mist-1.2.jpg?v=1752619959|https://cdn.shopify.com/s/files/1/0925/9221/0194/files/11460435-Kelp-Shake-Dual-Phase-Setting-Mist-swatch-copy.jpg?v=1752619959|https://cdn.shopify.com/s/files/1/0925/9221/0194/files/11460435_DualPhaseSettingMist_Open-copy.jpg?v=1752619960|https://cdn.shopify.com/s/files/1/0925/9221/0194/files/11460435_DualPhaseSettingMist_Back-copy.jpg?v=1752619959,shopify_wet_n_wild.json,2026-08-21T20:14:34.966731+00:00
241,41,Wet n Wild,10099439567122,photo-focus-care-color-corrector-white,Photo Focus Care Color Corrector | White,Foundations & Concealers,concealer,concealer <- 'concealer' in product_type|title,https://www.wetnwildbeauty.com/products/photo-focus-care-color-corrector-white,6,https://cdn.shopify.com/s/files/1/0925/9221/0194/files/1116104_Color_Corrector_Closed_A.jpg?v=1743791634|https://cdn.shopify.com/s/files/1/0925/9221/0194/files/1116104_Color_Corrector_Open_A.jpg?v=1743791634|https://cdn.shopify.com/s/files/1/0925/9221/0194/files/1116104_Color_Corrector_swatch.jpg?v=1743791634|https://cdn.shopify.com/s/files/1/0925/9221/0194/files/1116104_Color_Corrector_Front.jpg?v=1743791634|https://cdn.shopify.com/s/files/1/0925/9221/0194/files/1116104_Color_Corrector_Angel_A.jpg?v=1743791634|https://cdn.shopify.com/s/files/1/0925/9221/0194/files/1116104_Color_Corrector_Back.jpg?v=1743791634,shopify_wet_n_wild.json,2026-08-21T20:14:34.966731+00:00
242,42,Wet n Wild,10300632203538,chameleon-chrome-eyeshadow-foil-nova-beat,Chameleon Chrome Eyeshadow Foil | Nova Beat,Eye Shadows,eyeshadow_single,eyeshadow_single <- 'eye shadow' in product_type|title,https://www.wetnwildbeauty.com/products/chameleon-chrome-eyeshadow-foil-nova-beat,8,https://cdn.shopify.com/s/files/1/0925/9221/0194/files/11340849_chameleonchromeeyeshdowfoil_front-with-swatch.png?v=1770237763|https://cdn.shopify.com/s/files/1/0925/9221/0194/files/11340849_chameleon-chrome-eyeshadow-foil-_nova-beat_swatch.png?v=1770237762|https://cdn.shopify.com/s/files/1/0925/9221/0194/files/11340849_NovaBeat_2_cdca818f-82d2-45e9-bc8a-30cd9395f5fe.jpg?v=1770237644|https://cdn.shopify.com/s/files/1/0925/9221/0194/files/11340849_NovaBeat_3.jpg?v=1770237644|https://cdn.shopify.com/s/files/1/0925/9221/0194/files/11340849_NovaBeat_4.jpg?v=1770237643|https://cdn.shopify.com/s/files/1/0925/9221/0194/files/11340849_NovaBeat_5.jpg?v=1770237643|https://cdn.shopify.com/s/files/1/0925/9221/0194/files/11340849_chameleonchromeeyeshdowfoil_boxfront.png?v=1770237761|https://cdn.shopify.com/s/files/1/0925/9221/0194/files/11340849_chameleonchromeeyeshdowfoil_boxback.png?v=1770237760,shopify_wet_n_wild.json,2026-08-21T20:14:34.966731+00:00
243,43,Wet n Wild,10099274907922,megalast-liquid-catsuit-matte-lipstick-give-me-mocha,MegaLast Liquid Catsuit Matte Lipstick | Give Me Mocha,Lipsticks,liquid_lipstick,liquid_lipstick <- 'liquid catsuit' in product_type|title,https://www.wetnwildbeauty.com/products/megalast-liquid-catsuit-matte-lipstick-give-me-mocha,3,https://cdn.shopify.com/s/files/1/0925/9221/0194/files/givememocha1.png?v=1743778425|https://cdn.shopify.com/s/files/1/0925/9221/0194/files/givememocha2.png?v=1743778425|https://cdn.shopify.com/s/files/1/0925/9221/0194/files/catarm_1_5.png?v=1743778425,shopify_wet_n_wild.json,2026-08-21T20:14:34.966731+00:00
244,44,Wet n Wild,10301816865042,perfect-pout-lip-liner-stain-pretty-in-nude,Perfect Pout Lip Liner Stain | Pretty in Nude,Lip Liners,lip_liner,lip_liner <- 'lip liner' in product_type|title,https://www.wetnwildbeauty.com/products/perfect-pout-lip-liner-stain-pretty-in-nude,9,https://cdn.shopify.com/s/files/1/0925/9221/0194/files/11650855_pefectpout_liplinerstain_open-with-swatch.png?v=1770313227|https://cdn.shopify.com/s/files/1/0925/9221/0194/files/11650855_pefect-pout-lip-liner-stain_pretty-in-nude_swatch.png?v=1770313227|https://cdn.shopify.com/s/files/1/0925/9221/0194/files/11650855_PrettyinNude_2.jpg?v=1770313541|https://cdn.shopify.com/s/files/1/0925/9221/0194/files/11650855_PrettyinNude_3_a5a13c7e-c2ab-4bb4-9025-477ccef9736f.jpg?v=1770331614|https://cdn.shopify.com/s/files/1/0925/9221/0194/files/11650855_PrettyinNude_4.jpg?v=1770331614|https://cdn.shopify.com/s/files/1/0925/9221/0194/files/11650855_PrettyinNude_5.jpg?v=1770331563|https://cdn.shopify.com/s/files/1/0925/9221/0194/files/11650855_PrettyinNude_6.jpg?v=1770331563|https://cdn.shopify.com/s/files/1/0925/9221/0194/files/11650855_pefectpout_liplinerstain_boxfront.png?v=1770331563,shopify_wet_n_wild.json,2026-08-21T20:14:34.966731+00:00
245,45,Wet n Wild,10099441205522,soft-blur-matte-lipstick-apricot-smoothie,Soft Blur Matte Lipstick | Apricot Smoothie,Lipsticks,lipstick,lipstick <- 'lipstick' in product_type|title,https://www.wetnwildbeauty.com/products/soft-blur-matte-lipstick-apricot-smoothie,5,https://cdn.shopify.com/s/files/1/0925/9221/0194/files/1116136_Soft_Blur_Matte_Lipstick_Openwithswatch.png?v=1743791745|https://cdn.shopify.com/s/files/1/0925/9221/0194/files/Artboard-7_c3c2b219-b41d-429c-87ba-52208f8f217c.jpg?v=1743791744|https://cdn.shopify.com/s/files/1/0925/9221/0194/files/Artboard-5_6112e2b2-ad99-40ad-9a63-9f470e65dec2.jpg?v=1743791744|https://cdn.shopify.com/s/files/1/0925/9221/0194/files/Artboard-3_cf507d8f-29a3-4c6f-b825-74085eb631b4.jpg?v=1743791744|https://cdn.shopify.com/s/files/1/0925/9221/0194/files/Artboard-4_a19bd5fd-ae3b-4c2e-8dfd-f5208821505d.jpg?v=1743791744,shopify_wet_n_wild.json,2026-08-21T20:14:34.966731+00:00
246,46,Wet n Wild,10099489571090,chameleon-chrome-lip-foil-celestial-dance,Chameleon Chrome Lip Foil | Celestial Dance,Lip Gloss,lip_gloss,lip_gloss <- 'lip gloss' in product_type|title,https://www.wetnwildbeauty.com/products/chameleon-chrome-lip-foil-celestial-dance,7,https://cdn.shopify.com/s/files/1/0925/9221/0194/files/11623006_ChameleonChromeLipFoil_Openwithswatch.png?v=1758307068|https://cdn.shopify.com/s/files/1/0925/9221/0194/files/11623006_ChameleonChromeLipFoil_swatch.png?v=1770244509|https://cdn.shopify.com/s/files/1/0925/9221/0194/files/PDP-1-5.jpg?v=1770244509|https://cdn.shopify.com/s/files/1/0925/9221/0194/files/PDP-2.2-1.jpg?v=1770244509|https://cdn.shopify.com/s/files/1/0925/9221/0194/files/PDP-3-4.jpg?v=1770244509|https://cdn.shopify.com/s/files/1/0925/9221/0194/files/PDP-4.2-1.jpg?v=1770244509|https://cdn.shopify.com/s/files/1/0925/9221/0194/files/PDP-5-5.jpg?v=1770244509,shopify_wet_n_wild.json,2026-08-21T20:14:34.966731+00:00
247,47,Wet n Wild,10281056731410,chameleon-chrome-highlighter-aurora-glaze,Chameleon Chrome Highlighter | Aurora Glaze,Highlighters,highlighter,highlighter <- 'highlight' in product_type|title,https://www.wetnwildbeauty.com/products/chameleon-chrome-highlighter-aurora-glaze,7,https://cdn.shopify.com/s/files/1/0925/9221/0194/files/11430591_chameleon-chrome-highlighter_front-with-swatch.png?v=1768261029|https://cdn.shopify.com/s/files/1/0925/9221/0194/files/11430591-chameleon-chrome-highlighter-aurora-glaze.png?v=1768261029|https://cdn.shopify.com/s/files/1/0925/9221/0194/files/11430591_Aurora_Glaze_02.jpg?v=1768946028|https://cdn.shopify.com/s/files/1/0925/9221/0194/files/11430591_Aurora_Glaze_03.jpg?v=1768946028|https://cdn.shopify.com/s/files/1/0925/9221/0194/files/11430591_Aurora_Glaze_04.jpg?v=1768946027|https://cdn.shopify.com/s/files/1/0925/9221/0194/files/11430591_Aurora_Glaze_05.jpg?v=1768946027|https://cdn.shopify.com/s/files/1/0925/9221/0194/files/11430591_Aurora_Glaze_06.jpg?v=1768946028,shopify_wet_n_wild.json,2026-08-21T20:14:34.966731+00:00
248,48,Wet n Wild,10300626501906,mother-fluffer-cloud-bronzer-cocoa-crush,Mother Fluffer Cloud Bronzer | Cocoa Crush,Blushes & Bronzers,bronzer,bronzer <- 'bronzer' in product_type|title,https://www.wetnwildbeauty.com/products/mother-fluffer-cloud-bronzer-cocoa-crush,9,https://cdn.shopify.com/s/files/1/0925/9221/0194/files/11430842_mother-fluffer-pudding-bronzer_open_with_swatch.png?v=1782254016|https://cdn.shopify.com/s/files/1/0925/9221/0194/files/11430842-mother-fluffer-pudding-bronzer-swatch.png?v=1768254831|https://cdn.shopify.com/s/files/1/0925/9221/0194/files/MF_CLOUD_BRONZER_PDP_11430842_Cocoa_Crush_1_WAL_EXCL.jpg?v=1769128777|https://cdn.shopify.com/s/files/1/0925/9221/0194/files/MF_CLOUD_BRONZER_PDP_11430842_Cocoa_Crush_2_WAL_EXCL.jpg?v=1769128776|https://cdn.shopify.com/s/files/1/0925/9221/0194/files/MF_CLOUD_BRONZER_PDP_11430842_Cocoa_Crush_3_WAL_EXCL.jpg?v=1769128777|https://cdn.shopify.com/s/files/1/0925/9221/0194/files/MF_CLOUD_BRONZER_PDP_11430842_Cocoa_Crush_4_WAL_EXCL.jpg?v=1769128777|https://cdn.shopify.com/s/files/1/0925/9221/0194/files/MF_CLOUD_BRONZER_PDP_11430842_Cocoa_Crush_5_WAL_EXCL.jpg?v=1769128776|https://cdn.shopify.com/s/files/1/0925/9221/0194/files/11430842_mother-fluffer-pudding-bronzer_box-front.png?v=1768254829,shopify_wet_n_wild.json,2026-08-21T20:14:34.966731+00:00
249,49,Wet n Wild,10099338838290,brow-sessive-brow-pencil-dark-brown,Brow-Sessive Brow Pencil | Dark Brown,Eyebrow Enhancers,brow,brow <- 'eyebrow' in product_type|title,https://www.wetnwildbeauty.com/products/brow-sessive-brow-pencil-dark-brown,10,https://cdn.shopify.com/s/files/1/0925/9221/0194/files/Brow_Sessive_Brow_Pencil-1_fae6783b-ca3e-47b7-9149-891845a00696.jpg?v=1743783887|https://cdn.shopify.com/s/files/1/0925/9221/0194/files/1111887_4.jpg?v=1743783887|https://cdn.shopify.com/s/files/1/0925/9221/0194/files/1111887.jpg?v=1743783887|https://cdn.shopify.com/s/files/1/0925/9221/0194/files/Brow_Sessive_Brow_Pencil-6.jpg?v=1743783888|https://cdn.shopify.com/s/files/1/0925/9221/0194/files/Brow_Sessive_Brow_Pencil-11_ef1a097a-4666-427b-8085-fac78a35a8f2.jpg?v=1743783887|https://cdn.shopify.com/s/files/1/0925/9221/0194/files/Brow_Sessive_Brow_Pencil-12_f9c8ab34-899c-4a39-92b2-6f60e8d2af0b.jpg?v=1743783887|https://cdn.shopify.com/s/files/1/0925/9221/0194/files/Brow_Sessive_Brow_Pencil-14_45b6803c-139c-4c30-ba5e-1462a66f60f5.jpg?v=1743783887|https://cdn.shopify.com/s/files/1/0925/9221/0194/files/Brow_Sessive_Brow_Pencil-5_ed660aef-bb9e-4a93-b262-01892bdb7456.jpg?v=1743783887,shopify_wet_n_wild.json,2026-08-21T20:14:34.966731+00:00
250,50,Wet n Wild,10099443532050,photo-focus-matte-finish-setting-mist,Photo Focus Matte Finish Setting Mist,Makeup Finishing Sprays,setting_spray,setting_spray <- 'finishing spray' in product_type|title,https://www.wetnwildbeauty.com/products/photo-focus-matte-finish-setting-mist,4,https://cdn.shopify.com/s/files/1/0925/9221/0194/files/1116099_PhotoFocus_24-Hour_Setting_Mist_Front_A_2.png?v=1787002237|https://cdn.shopify.com/s/files/1/0925/9221/0194/files/1116099_PhotoFocus_24-Hour_Setting_Mist_Open_A.jpg?v=1743791852|https://cdn.shopify.com/s/files/1/0925/9221/0194/files/1116099_PhotoFocus_24-Hour_Setting_Mist_swatch.jpg?v=1743791851|https://cdn.shopify.com/s/files/1/0925/9221/0194/files/1116099_PhotoFocus_24-Hour_Setting_Mist_Back_A.jpg?v=1743791852,shopify_wet_n_wild.json,2026-08-21T20:14:34.966731+00:00
